N,Progress,Duration..in.seconds.,LS1,LS2,LS3,LS4,LS5,LS6,LS7,LS8,LS9,LS10,LS11,LS12,LS13,LS14,LS15,FC1_1,FC1_2,FC2_1,FC2_2,FC3_1,FC3_2,FC4_1,FC4_2,FC5_1,FC5_2,FC6_1,FC6_2,FC7_1,FC7_2,FC8_1,FC8_2,FC9_1,FC9_2,FC9_3,FC10_1,FC10_2,FC10_3,FC11_1,FC11_2,FC11_3,FC12_1,FC12_2,FC12_3,FC13_1,FC13_2,FC13_3,FC14_1,FC14_2,FC14_3,CN_1_1,CN_1_2,CN_1_3,CN_1_4,CN_1_5,CN_1_6,CN_1_7,CN_1_8,CN_2_1,CN_2_2,CN_2_3,CN_2_4,CN_2_5,CN_2_6,CN_2_7,CN_2_8,CN_3_1,CN_3_2,CN_3_3,CN_3_4,CN_3_5,CN_3_6,CN_3_7,CN_3_8,CN_4_1,CN_4_2,CN_4_3,CN_4_4,XXX1,CN_4_5,CN_4_6,CN_4_7,CN_4_8,CN_5_1,CN_5_2,CN_5_3,CN_5_4,CN_5_5,CN_5_6,CN_5_7,CN_5_8,MA_1_1,MA_1_2,MA_1_3,MA_1_4,MA_1_5,MA_1_6,MA_1_7,MA_1_8,MA_1_9,MA_1_10,MA_2_1,MA_2_2,MA_2_3,MA_2_4,MA_2_5,MA_2_6,MA_2_7,MA_2_8,MA_2_9,MA_2_10,MA_3_1,MA_3_2,MA_3_3,MA_3_4,MA_3_5,MA_3_6,MA_3_7,MA_3_8,MA_3_9,MA_3_10,MA_4_1,MA_4_2,MA_4_3,MA_4_4,MA_4_5,MA_4_6,MA_4_7,MA_4_8,MA_4_9,MA_4_10,EI_1_1,EI_1_2,EI_1_3,EI_1_4,EI_1_5,EI_1_6,EI_2_1,XXX2,EI_2_2,EI_2_3,EI_2_4,EI_2_5,EI_2_6,EI_3_1,EI_3_2,EI_3_3,EI_3_4,EI_3_5,EI_4_1,EI_4_2,EI_4_3,EI_4_4,EI_4_5,EI_5_1,EI_5_2,EI_5_3,EI_6_1,EI_6_2,EI_6_3,EI_6_4,EI_6_5,MC_1_1,MC_1_2,MC_1_3,MC_1_4,MC_2_1,MC_2_2,MC_2_3,MC_3_1,MC_3_2,MC_3_3,EQ1,EQ2,EQ3,EQ4,EQ5,EQ6,EQ7,EQ8,EQ9,EQ10,EQ11,EQ12,EQ13,EQ14,EQ15,EQ16,EQ17,EQ18,EQ19,EQ20,EQ21,EQ22,EQ23,EQ24,EQ25,EQ26,EQ27,EQ28,EQ29,EQ30,EQ31,EQ32,EQ33,NE_1_1,NE_1_2,NE_1_3,NE_1_4,NE_1_5,NE_1_6,NE_1_7,NE_1_8,NE_1_9,NE_1_10,NE_1_11,NE_1_12,NE_2_1,NE_2_2,NE_2_3,NE_2_4,NE_2_5,NE_2_6,NE_2_7,NE_2_8,NE_2_9,NE_2_10,NE_2_11,NE_2_12,NE_3_1,NE_3_2,NE_3_3,NE_3_4,NE_3_5,NE_3_6,NE_3_7,NE_3_8,NE_3_9,NE_3_10,NE_3_11,NE_3_12,AR_1_1,AR_1_2,AR_1_3,AR_1_4,AR_1_5,AR_2,AR_3,AI_1,AI_2,AI_3,AI_4,AI_5,age,sex,ethnicity,gpa,year,act.sat,act,sat_reading,sat_math,EQ_answered,EQ,CN_S_answered,CN_S,CN_A_answered,CN_A,CN_I_answered,CN_I,CN_C_answered,CN_C,CN_M_answered,CN_M,M_S_answered,M_S,M_B_answered,M_B,M_Se_answered,M_Se,M_Sa_answered,M_Sa,EI_Ch_answered,EI_Ch,EI_Cu_answered,EI_Cu,EI_I_answered,EI_I,EI_E_answered,EI_E,EI_P_answered,EI_P,EI_D_answered,EI_D,MC_S_answered,MC_S,MC_P_answered,MC_P,MC_A_answered,MC_A,NE_N_answered,NE_N,NE_O_answered,NE_O,NE_C_answered,NE_C,LS_attempted,LS1_score,LS2_score,LS3_score,LS4_score,LS5_score,LS6_score,LS7_score,LS8_score,LS9_score,LS10_score,LS11_score,LS12_score,LS13_score,LS14_score,LS15_score,LS,FC_attempted,FC1_1_score,FC1_2_score,FC2_1_score,FC2_2_score,FC3_1_score,FC3_2_score,FC4_1_score,FC4_2_score,FC5_1_score,FC5_2_score,FC6_1_score,FC6_2_score,FC7_1_score,FC7_2_score,FC8_1_score,FC8_2_score,FC9_1_score,FC9_2_score,FC9_3_score,FC10_1_score,FC10_2_score,FC10_3_score,FC11_1_score,FC11_2_score,FC11_3_score,FC12_1_score,FC12_2_score,FC12_3_score,FC13_1_score,FC13_2_score,FC13_3_score,FC14_1_score,FC14_2_score,FC14_3_score,FC1,FC2,FC3,FC4,FC5,FC6,FC7,FC8,FC9,FC10,FC11,FC12,FC13,FC14,FC,Total_answered
1,100,1415,QPPQ,PRST,PWXQ,BCEF,WXXW,CCRR,EGFH,BODQ,SEFT,JCVC,VEGV,CEIZ,VEBT,EJFK,LHEC,"5,3,2","8,7,6,4,1","6,4,2","8,7,5,3,1","7,4,1","8,6,5,3,2","8,6,3,2","7,5,4,1","6,8,3,1","5,7,4,2","7,6,4,1","8,5,3,2","8,6,3,1","7,5,4,2","6,5,3,1","8,7,4,2","2,1","4,3,8","5,7,6","8,3,1","5,6,2","7,4","8,1,3","6,4,2","7,5","1,5,6","2,8,4","3,7","2,5,1","3,6,4","7,8","1,3,6,8","2,5,4",7,3,5,5,4,4,3,5,3,5,5,5,4,5,3,3,5,4,4,4,5,6,5,3,3,7,7,6,7,3,7,6,7,7,4,3,3,3,4,3,5,4,7,6,5,4,4,7,4,6,6,6,5,5,6,4,3,4,5,5,7,4,5,3,4,3,5,5,3,3,6,3,6,4,5,4,4,5,5,3,5,4,5,4,3,5,3,4,5,7,5,3,5,4,3,5,5,5,3,3,3,4,6,5,5,6,5,6,5,5,3,5,5,5,5,6,4,5,4,4,7,6,5,4,4,6,4,3,3,5,5,5,5,6,4,5,4,5,4,5,3,5,5,1,5,5,4,5,4,5,4,5,4,5,5,4,7,6,7,7,6,6,6,5,4,4,4,4,2,5,2,4,6,6,3,3,5,4,2,6,4,4,3,4,2,3,7,7,4,3,4,3,5,3,5,3,5,3,5,4,5,3,5,3,20,Male,White or Caucasian,3.9,Second year (Sophomore),NO,NA,NA,NA,33,146,8,32,8,35,8,34,8,54,8,29,10,55,10,48,10,40,10,45,6,24,6,25,5,21,5,23,3,17,5,23,4,20,3,13,3,18,12,66,12,48,12,48,TRUE,1,1,1,0,0,0,1,1,0,0,0,0,1,0,0,6,TRUE,1,1,1,1,1,1,1,1,0,0,0,0,0,0,0,0,0,0,0,0,0,0,0,0,0,0,0,0,0,0,0,0,0,0,1,1,1,1,0,0,0,0,0,0,0,0,0,0,4,250
2,100,3058,DDDE,BCDE,JVZK,CDFG,LMML,AAPP,ABDC,CERT,SEFT,CGCS,VEGV,CEIZ,VEBT,PSQT,HJMQ,"8,7,6,4,1","5,3,2","7,4,2,3,6","8,5,1","6,4,3,2","7,8,5,1","7,5,4,1","6,3,8,2","8,7,4,5,3,2","6,1","2,5,4,1","8,7,6,3","8,6,5,3,1","7,4,2","8,5,2,4","7,6,3,1","6,4,1","7,3,2","8,5","7,8,3,1","5,4","2,6","6,4","3,1,5","2,8,7","4,1,2","3,6,8","5,7","1,4,6","2,8","3,7,5","5,2,3","7,8","1,4,6",5,5,5,5,6,5,5,5,6,5,5,5,5,5,5,5,5,5,5,4,7,6,6,6,7,7,7,7,3,7,7,5,7,7,6,7,7,7,7,7,7,7,6,7,7,4,7,6,4,6,5,7,7,5,6,4,5,6,7,6,5,6,7,6,7,6,7,7,7,7,7,6,6,6,4,7,6,7,7,7,7,5,5,4,5,4,5,2,7,5,4,5,4,7,6,5,6,5,6,3,5,6,5,5,5,5,4,6,7,5,4,5,5,6,7,7,2,2,4,6,6,5,3,5,5,7,2,7,7,7,5,6,6,5,6,6,3,6,5,5,6,5,7,6,5,5,6,3,6,6,4,6,4,5,6,6,4,2,1,2,2,6,2,5,3,4,3,6,6,5,6,2,2,3,4,6,6,5,4,4,5,6,5,6,6,7,6,4,2,6,6,5,4,6,6,5,5,5,3,5,5,5,5,19,Male,Asian,3.5,First year (Freshman),YES,NA,710,760,33,176,8,41,8,41,8,44,8,54,8,55,10,59,10,58,10,67,10,63,6,28,6,27,5,28,5,24,3,14,5,27,4,25,3,8,3,17,12,40,12,55,12,63,TRUE,0,0,0,0,0,0,0,0,0,0,0,0,1,0,0,1,TRUE,0,0,0,0,0,0,0,0,0,0,0,0,0,0,0,0,0,0,0,0,0,0,1,1,1,0,0,0,0,0,0,0,0,1,0,0,0,0,0,0,0,0,0,0,1,0,0,0,1,250
3,100,1550,QPPQ,PRST,PWXQ,STWX,GFFG,QQBB,IJLK,FHXZ,COPD,CGCS,XDBK,CGVZ,VEBT,EJFK,HJMQ,"3,5,7","6,2,1","2,3,1","6,5,4","3,2,1","5,7,4","4,2,3","8,7,1","2,6,4","7,5,1","3,1,4","7,6,2","2,8,1","4,6,5","5,3,1","8,6,7","5,1,2","7,6,4","3,8","3,5,1","7,6,4","8,2",NA,NA,NA,NA,NA,NA,NA,NA,NA,NA,NA,NA,4,5,5,5,5,5,5,5,4,5,5,5,5,5,5,5,5,5,5,5,5,5,5,6,5,4,4,5,3,5,4,5,5,4,4,5,4,4,5,5,5,6,6,6,7,4,6,6,4,4,6,5,6,6,6,5,5,7,5,6,6,5,5,5,6,5,5,5,5,5,5,5,4,5,5,5,5,3,5,6,6,6,6,6,6,6,6,6,7,6,6,6,6,6,6,6,6,6,6,5,3,5,5,3,5,5,5,5,5,5,5,5,6,6,6,6,6,3,6,6,6,3,6,6,6,6,5,6,5,6,6,6,5,6,6,6,6,6,6,6,6,6,6,6,6,6,6,5,5,5,6,6,6,6,3,6,6,3,3,3,3,6,6,3,3,3,3,3,6,6,6,5,3,3,3,5,5,6,6,6,6,5,3,6,6,6,6,6,3,3,5,5,5,5,6,6,6,6,5,5,5,5,6,22,Female,two or more races,4.05,Fourth year (Senior),YES,NA,700,730,33,189,8,39,8,39,8,41,8,37,8,36,10,55,10,57,10,51,10,49,6,36,6,36,5,30,5,21,3,15,5,25,4,24,3,15,3,15,12,48,12,57,12,61,TRUE,1,1,1,1,1,1,0,0,0,0,1,1,1,0,0,9,TRUE,0,0,0,0,0,0,0,0,0,0,0,0,0,0,0,0,0,0,0,0,0,0,0,0,0,0,0,0,0,0,0,0,0,0,0,0,0,0,0,0,0,0,0,0,0,0,0,0,0,238
4,100,1895,QPPQ,PRST,PWXQ,STWX,GFFG,QQBB,EGFH,BODQ,FUZG,CLXC,XDBK,CGVZ,VEBT,GKHM,HJMQ,"3,5,2","8,7,6,4,1","6,4,2","8,7,5,3,1","7,4,1","8,6,5,3,2","8,6,3,2","7,5,4,1","8,5,4,2","7,6,3,1","6,4,8,5,3,2,1",7,"7,5,3,8,2","6,4,1","6,5,4,1","8,7,3,2","6,2","5,4,3","8,7,1","3,1","7,4","8,5,6,2","4,6","5,1,3","2,7,8","2,5,7","1,4,3","8,6","1,8,7","2,6","3,4,5","2,5","3,7,8","1,6,4",5,4,5,3,6,6,5,5,4,5,4,4,4,5,5,5,5,6,6,5,7,7,5,7,6,6,7,7,3,6,6,6,6,7,5,7,6,7,6,7,5,6,7,4,7,3,6,5,3,4,4,6,6,6,6,6,6,6,6,7,4,7,7,7,7,6,7,7,6,7,7,4,6,5,5,5,5,3,4,6,5,7,6,5,6,6,6,5,7,3,7,5,7,7,6,6,6,6,4,2,2,4,4,5,5,5,4,2,3,2,3,3,7,7,5,7,2,3,5,5,6,5,5,6,7,6,7,4,5,6,6,7,5,5,5,5,6,4,7,7,5,5,6,6,7,7,7,4,3,7,7,7,4,7,6,4,3,1,1,3,2,2,4,5,3,1,1,7,7,4,5,5,2,3,4,5,3,2,4,6,6,6,6,6,6,6,7,7,4,5,6,5,5,6,6,6,7,7,5,5,7,7,7,21,Male,White or Caucasian,3.5,Third year (Junior),YES,NA,790,760,33,191,8,39,8,36,8,48,8,50,8,50,10,49,10,59,10,68,10,48,6,36,6,34,5,28,5,17,3,14,5,13,4,26,3,10,3,16,12,30,12,51,12,71,TRUE,1,1,1,1,1,1,1,1,1,1,1,1,1,1,0,14,TRUE,1,1,1,1,1,1,1,1,0,0,0,0,0,0,0,0,0,0,0,1,1,1,1,1,1,1,1,1,0,0,0,1,1,1,1,1,1,1,0,0,0,0,0,1,1,1,0,1,8,250
5,100,1068,QPPQ,PRST,PWXQ,STWX,GFFG,QQBB,EGFH,KMTV,COPD,JCVC,VEGV,CGVZ,XGDV,PSQT,DFIM,"3,5,2","8,6,1,4,7","7,5,1,2","8,3,4,6","8,3,7,1","5,6,2,4","7,3,4,1","8,5,6,2","5,4,1,2","6,8,7,3","5,2,3,1","7,8,6,4","6,5,2,4","7,8,1,3","4,5,3,2","8,6,7,1","5,3,8","1,6,4","7,2","4,3,1","8,5,7","2,6","5,3,8,2","6,1,7",4,"6,4,1","7,3,2","5,8","1,5,3","4,7,2","8,6","3,2,6","1,7,4","5,8",6,6,6,6,6,6,6,6,6,6,6,6,6,6,5,6,6,6,6,6,7,7,7,7,6,7,6,7,3,7,7,6,7,7,7,7,6,7,7,7,7,7,7,7,7,7,7,7,4,5,6,7,7,7,7,7,7,7,7,7,7,7,6,6,7,7,7,7,7,7,7,6,3,7,6,7,6,6,6,7,6,6,6,6,6,6,6,6,7,6,6,6,6,6,6,6,6,6,6,2,2,6,2,2,5,5,5,5,5,5,5,5,6,6,6,6,6,6,3,7,6,6,6,6,6,7,5,6,4,6,6,7,6,6,6,6,6,6,6,6,6,5,6,7,6,7,6,6,6,5,6,6,6,6,6,6,6,2,3,4,2,5,3,5,2,3,2,7,7,7,6,6,5,2,1,6,6,6,3,7,6,7,5,3,6,7,7,6,2,5,3,6,6,6,6,6,6,5,6,6,6,6,6,20,Female,two or more races,3.88,Second year (Sophomore),YES,NA,750,740,33,197,8,48,8,47,8,52,8,53,8,55,10,64,10,70,10,68,10,60,6,36,6,36,5,30,5,14,3,15,5,25,4,24,3,15,3,19,12,43,12,62,12,64,TRUE,1,1,1,1,1,1,1,0,0,0,0,1,0,0,0,8,TRUE,1,1,0,0,0,0,0,0,0,0,0,0,0,0,0,0,0,0,0,0,0,0,0,0,0,0,0,0,0,0,0,0,0,0,1,0,0,0,0,0,0,0,0,0,0,0,0,0,1,250
8,100,1457,QPPQ,PRST,PWXQ,STWX,GFFG,QQBB,EGFH,BODQ,FUZG,CLXC,XDBK,CGVZ,VEBT,GKHM,KGDB,"5,3,2","8,7,6,4,1","6,4,2","8,7,5,3,1","7,4,1","8,6,5,3,2","8,6,3,2","7,5,4,1","8,7,5,4,2","6,3,1","8,7,6,5,4,3,2,1",NA,"8,5,4,3,2,1","7,6","7,6,1","8,5,4,3,2","6,1","7,5,4,3,2",8,"3,1",4,"8,6,7,5,2","4,6","1,7,5,3,8",2,4,"1,7","2,8,6,3,5",1,NA,"2,6,8,5,3,4,7","2,5","3,7,8","1,6,4",6,5,6,6,6,6,4,6,5,5,4,6,6,6,5,4,5,6,5,4,4,5,4,5,5,5,5,5,3,5,5,5,5,4,4,5,4,4,5,4,5,6,6,6,6,5,7,5,5,5,5,6,5,5,5,5,5,5,5,5,4,6,5,5,5,5,6,5,5,5,5,4,4,4,4,4,4,2,4,5,5,3,4,3,3,3,3,2,7,3,5,3,4,5,4,5,5,5,3,5,5,6,5,6,5,6,6,4,5,5,3,3,3,5,5,5,3,4,5,6,5,1,6,2,6,6,5,6,5,5,4,4,3,3,3,5,6,4,3,6,5,5,4,5,3,6,5,5,4,5,5,5,4,6,5,6,6,5,5,5,3,3,3,5,3,4,5,6,5,5,7,6,5,3,4,5,6,6,7,5,6,5,5,4,5,6,5,5,3,4,3,5,3,5,6,5,5,3,7,7,7,7,7,21,Female,Asian American,3.85,Third year (Junior),YES,35,NA,NA,33,154,8,45,8,41,8,38,8,40,8,35,10,56,10,50,10,52,10,40,6,19,6,22,5,22,5,27,3,17,5,20,4,18,3,12,3,12,12,53,12,65,12,56,TRUE,1,1,1,1,1,1,1,1,1,1,1,1,1,1,0,14,TRUE,1,1,1,1,1,1,1,1,1,1,0,0,0,0,0,0,0,0,0,1,0,0,1,0,0,0,0,0,0,0,0,1,1,1,1,1,1,1,1,0,0,0,0,0,0,0,0,1,6,248
9,100,1001,QPPQ,FGHI,JVZK,BCEF,LMML,EETT,UVXW,CERT,COPD,JCVC,PFCC,CEIZ,KXVH,AFBG,KGDB,"2,3,5","7,8,4,1,6","6,2,4","7,8,5,3,1","1,4,7","6,8,5,3,2","8,6,2,3","5,7,4,1","7,8,5,2","1,4,3,6","8,6,4,3","5,7,2,1","7,5,3,1","8,6,4,2","5,7,3,1","8,6,4,2","6,1,3","5,8,2","7,4","8,7,1","5,2","6,3,4","7,4,1","5,2,6","8,3","4,8,1","2,3","5,6,7","1,7,6","2,4","3,8,5","2,1,8,6","3,7","5,4",6,6,5,1,5,5,4,5,6,5,6,5,5,6,5,5,6,6,5,5,5,6,7,6,5,6,5,5,3,5,5,5,5,6,6,6,7,5,5,7,6,5,5,4,5,3,5,5,3,2,2,6,6,6,6,3,5,5,5,6,6,5,4,5,5,5,6,5,5,5,5,6,6,6,3,7,5,5,6,5,7,5,6,5,5,5,6,3,7,6,5,5,5,5,5,5,5,6,5,6,5,6,6,6,5,5,4,4,5,4,6,4,5,5,4,5,5,4,5,5,4,4,6,5,5,5,3,5,5,6,5,5,3,4,5,5,5,5,5,6,5,6,5,5,3,3,4,4,5,6,4,5,2,5,6,2,2,1,2,3,1,2,2,3,2,3,4,2,4,5,6,5,3,3,5,5,5,5,2,5,3,5,6,6,6,6,6,5,2,6,6,7,4,5,4,6,5,6,5,6,5,5,6,19,Male,Asian,3.9,Second year (Sophomore),YES,NA,780,790,33,156,8,37,8,43,8,46,8,41,8,48,10,39,10,54,10,50,10,56,6,32,6,29,5,26,5,29,3,14,5,23,4,19,3,14,3,13,12,27,12,50,12,62,TRUE,1,0,0,0,0,0,0,0,0,0,0,0,0,0,0,1,TRUE,1,1,1,1,1,1,1,1,0,0,0,0,0,0,0,0,0,0,0,0,0,0,0,0,0,0,0,0,0,0,0,0,0,0,1,1,1,1,0,0,0,0,0,0,0,0,0,0,4,250
10,100,43652,QPPQ,PRST,PWXQ,FGIJ,GFFG,QQBB,EGFH,BODQ,COPD,CLXC,XDBK,CGVZ,VEBT,AFBG,KGDB,"2,5,3","4,7,6,1,8","2,1,5","6,4","4,7,3","5,6,2","3,6,1","2,4,5","1,7,3,4","5,6","2,3,4","5,6,1","5,8,1","3,2,6",4,"7,8,5","8,6,3","7,5,2,4",1,"3,1","5,4","8,7,6,2","4,6","3,1,5","2,7,8","5,4,3","8,1","2,7,6","3,6,7","1,2,5","4,8","5,2","8,7,3","4,1,6",6,6,5,6,6,5,7,5,5,6,7,7,7,7,7,7,3,4,5,4,7,7,4,6,6,5,5,6,3,6,6,7,7,6,7,5,5,7,5,6,7,4,5,5,7,3,6,5,3,3,5,7,7,4,7,5,7,7,4,7,4,5,5,5,6,5,6,7,5,5,5,7,4,4,6,7,5,5,6,5,6,5,5,3,5,3,5,5,7,5,6,3,5,4,3,1,3,3,2,4,6,5,3,5,5,5,6,7,2,3,7,2,5,7,5,7,4,2,4,6,7,6,3,7,3,5,3,6,7,7,7,5,6,5,6,7,5,7,4,5,7,7,5,7,7,7,6,5,5,3,5,7,4,5,6,5,5,2,1,2,4,1,7,6,6,5,4,7,7,5,6,7,6,4,4,5,4,4,1,4,5,5,4,6,7,5,6,5,2,6,1,5,3,2,3,3,1,NA,5,6,7,7,7,20,Female,Hispanic or Latino,3.75,Second year (Sophomore),NO,NA,NA,NA,33,184,8,46,8,53,8,40,8,48,8,48,10,46,10,59,10,54,10,55,6,26,6,28,5,12,5,23,3,16,5,21,4,24,3,10,3,19,12,48,12,60,12,56,TRUE,1,1,1,0,1,1,1,1,0,1,1,1,1,0,0,11,TRUE,1,1,0,0,0,0,0,0,0,0,0,0,0,0,0,0,0,0,0,1,0,0,1,1,1,0,0,0,0,0,0,1,1,1,1,0,0,0,0,0,0,0,0,0,1,0,0,1,3,249
12,100,1350,DDDE,FGHI,SVZT,BCEF,BCCB,EETT,UVXW,BODQ,COPD,CFCR,TNLL,CAUZ,VEBT,PSQT,LHEC,"2,5,3","4,8,1","5,1,4","8,7,3","8,7,4","5,6,3","1,4,5","2,3,6","7,8,2","3,5,1","4,3,1","8,6,2","8,6,2","3,1,5","6,4,5","3,7,8","7,2,8","1,3,6","4,5","4,3","5,2,8","1,7,6","5,1","8,2,3,7","4,6","2,8,1","7,3,6","4,5","8,5,1","7,2","6,4,3","4,1,3","7,6,8","5,2",6,7,7,7,7,6,6,6,4,6,6,5,6,6,6,6,5,6,5,6,5,5,5,5,5,5,5,6,3,6,5,6,5,7,5,5,6,5,5,5,5,7,6,6,6,6,7,5,6,5,5,6,6,6,6,6,6,7,5,7,6,7,7,7,7,6,7,7,6,6,6,5,6,5,2,6,5,5,5,6,5,5,5,4,5,5,4,3,7,3,4,5,4,5,5,5,5,5,6,5,5,6,5,5,3,5,5,5,5,5,5,5,5,5,6,6,5,4,6,7,6,3,3,4,5,6,4,5,5,6,6,6,6,6,6,6,6,7,5,4,3,5,5,5,5,6,5,3,4,6,3,6,5,5,3,5,5,3,3,2,2,4,3,2,3,3,2,7,6,5,6,6,6,1,5,3,2,4,3,5,6,7,7,7,6,7,7,6,3,6,6,7,6,5,5,5,5,4,7,6,5,5,5,19,Male,White or Caucasian,3.25,First year (Freshman),YES,34,NA,NA,33,165,8,52,8,45,8,42,8,43,8,43,10,59,10,61,10,66,10,50,6,28,6,24,5,26,5,26,3,13,5,25,4,22,3,15,3,16,12,37,12,54,12,73,TRUE,0,0,0,0,0,0,0,1,0,0,0,0,1,0,0,2,TRUE,1,0,0,0,0,0,0,0,0,0,0,0,0,0,0,0,0,0,0,0,0,0,0,0,0,0,0,0,0,0,0,0,0,0,0,0,0,0,0,0,0,0,0,0,0,0,0,0,0,250
13,100,11984,QPPQ,PRST,PWXQ,STWX,GFFG,QQBB,EGFH,BODQ,FUZG,CLXC,XDBK,CGVZ,VEBT,GKHM,DFIM,"5,2,3","7,8,6,1,4","6,4,2","8,7,5,3,1","7,4,1","8,6,5,3,2","8,6,3,2","7,5,4,1","8,7,5,4,2","6,1,3","8,7,5,4,2","6,3,1","7,8,5,1","3,6,4,2",NA,NA,NA,NA,NA,"3,1","7,4","6,8,5,2","4,6","3,5,1","2,8,7","5,7,2","1,4,3","6,8",NA,NA,NA,NA,NA,NA,5,5,5,5,5,5,5,5,6,6,5,5,6,6,5,5,6,4,5,4,4,4,6,5,5,4,4,5,3,4,5,5,6,4,4,5,4,5,3,5,4,5,5,6,6,3,6,4,2,3,3,6,5,6,6,6,6,6,6,6,5,4,4,5,5,4,4,4,5,4,5,5,3,5,6,5,3,5,5,5,5,5,5,5,5,4,5,3,7,5,6,5,5,5,5,5,5,5,6,5,4,5,4,6,3,3,5,2,5,3,3,5,5,5,5,6,3,3,6,5,6,3,4,5,5,5,3,5,5,3,3,4,5,3,5,5,5,5,5,5,3,5,3,5,6,7,3,5,4,4,4,5,6,5,4,5,6,2,3,6,6,6,5,3,3,3,3,7,7,6,6,6,5,5,5,6,5,6,7,5,5,4,3,5,6,6,5,5,2,5,4,3,5,5,5,4,4,5,5,6,6,6,6,20,Female,White or Caucasian,4.113,Second year (Sophomore),YES,NA,750,720,33,149,8,40,8,44,8,38,8,38,8,34,10,43,10,58,10,44,10,47,6,29,6,29,5,26,5,24,3,11,5,18,4,21,3,12,3,14,12,51,12,71,12,55,TRUE,1,1,1,1,1,1,1,1,1,1,1,1,1,1,0,14,TRUE,1,1,1,1,1,1,1,1,1,1,0,0,0,0,0,0,0,0,0,1,1,1,1,1,1,1,1,1,0,0,0,0,0,0,1,1,1,1,1,0,0,0,0,1,1,1,0,0,8,239
15,100,4301,QPPQ,PRST,PWXQ,STWX,GFFG,QQBB,EGFH,CERT,NA,NA,NA,NA,NA,NA,NA,"2,5,3","4,8,7,6,1","6,4,2","8,7,5,3,1","7,4,1","8,6,5,3,2","8,6,3,2","7,5,4,1","8,7,5,4,2","6,3,1","8,7,6,5,4,3,2,1",NA,"8,5,1","7,6,4,3,2","6,5,4,1","8,7,3,2",NA,1,NA,NA,NA,NA,NA,NA,NA,NA,NA,NA,NA,NA,NA,NA,NA,NA,3,1,7,2,7,7,5,3,1,4,2,4,5,5,4,3,6,5,6,4,2,5,4,5,6,6,7,5,3,7,6,5,6,5,5,4,4,4,4,5,4,7,7,7,7,3,7,4,2,4,4,5,5,5,5,6,5,5,5,5,5,6,6,5,6,6,6,6,6,6,7,6,4,6,5,5,5,6,4,6,6,3,5,6,5,3,5,2,7,2,5,3,3,5,6,6,5,5,6,3,3,4,3,3,5,6,5,1,2,1,5,1,5,6,4,7,6,5,4,6,6,3,6,5,6,6,6,6,5,6,3,3,2,4,5,4,5,6,6,6,2,6,5,2,6,6,6,3,2,5,6,6,3,6,3,5,5,4,5,5,5,5,5,6,5,5,4,6,5,7,7,3,3,6,5,6,6,5,6,5,5,4,3,5,6,5,6,6,2,5,5,4,2,3,6,5,3,5,4,2,5,6,5,20,Female,White or Caucasian,3.8,Second year (Sophomore),YES,33,NA,NA,33,157,8,35,8,28,8,37,8,48,8,35,10,52,10,51,10,60,10,53,6,27,6,20,5,28,5,16,3,16,5,10,4,22,3,15,3,15,12,59,12,65,12,57,TRUE,1,1,1,1,1,1,1,0,0,0,0,0,0,0,0,7,TRUE,1,1,1,1,1,1,1,1,1,1,0,0,0,0,0,0,0,0,0,0,0,0,0,0,0,0,0,0,0,0,0,0,0,0,1,1,1,1,1,0,0,0,0,0,0,0,0,0,5,225
16,100,2628,TTTU,PRST,SVZT,BCEF,BCCB,QQBB,EGFH,CERT,SEFT,JCVC,VEGV,CGVZ,VEBT,AFBG,KIFB,"3,5,2","4,8,7,6,1","6,4,2","8,7,5,3,1","7,4,1","8,6,5,3,2","8,6,3,2","7,5,4,1","8,6,5,2","7,4,3,1","7,5,4,2,1","8,6,3","8,7,5,3,1","4,2,6","8,6,4,2,3","7,5,1","3,1","7,5,2","8,6,4",NA,NA,NA,NA,NA,NA,NA,NA,NA,NA,NA,NA,NA,NA,NA,5,5,6,4,6,7,6,5,5,5,4,3,5,5,4,4,5,3,5,5,3,4,5,5,7,5,5,5,3,4,6,7,7,3,4,1,6,3,4,4,4,6,6,4,4,2,6,5,2,2,2,4,4,6,5,3,2,4,3,5,2,3,6,4,4,2,4,4,6,5,5,6,4,6,1,5,7,4,5,6,4,4,5,5,4,5,3,2,7,4,6,5,5,5,2,2,2,5,1,2,6,7,5,6,3,5,5,5,3,4,3,2,5,6,5,6,1,2,4,4,6,7,5,5,5,4,7,5,4,5,6,5,5,4,2,6,5,5,6,7,6,6,4,5,4,5,7,2,4,6,7,6,5,6,6,5,5,1,1,5,4,2,2,1,1,3,3,4,2,7,7,4,4,5,5,7,7,6,7,4,4,4,5,5,6,5,5,3,3,7,5,5,5,6,5,6,5,6,2,4,6,5,6,21,Male,White or Caucasian,2.9,Second year (Sophomore),NO,NA,NA,NA,33,170,8,44,8,35,8,35,8,46,8,29,10,39,10,38,10,43,10,48,6,26,6,27,5,12,5,26,3,13,5,17,4,22,3,7,3,17,12,33,12,65,12,56,TRUE,0,1,0,0,0,1,1,0,0,0,0,1,1,0,1,6,TRUE,1,1,1,1,1,1,1,1,0,0,0,0,1,1,0,0,0,0,0,0,0,0,0,0,0,0,0,0,0,0,0,0,0,0,1,1,1,1,0,0,1,0,0,0,0,0,0,0,5,235
17,100,84643,QPPQ,PRST,PWXQ,CDFG,GFFG,QQBB,EGFH,FHXZ,FUZG,CLXC,PFCC,CGVZ,VEBT,EJFK,LHEC,"2,3,5","7,1,4,6,8","4,6,2","3,7,5,8,1","7,4,1","6,8,5,3,2","6,8,3,2","7,5,4,1","8,7,5,4,2","1,6,3","6,3,2,1","4,8,7,5",NA,NA,NA,NA,NA,NA,NA,"3,1","7,4","2,6,8,5","4,6","3,1,5","2,8,7","2,8,7,5","6,3","1,4","1,7,3",2,"4,6,8,5","5,2","7,1,3,8","6,4",5,6,6,6,5,5,7,5,5,5,5,6,6,6,5,6,5,5,6,5,6,6,5,7,6,6,7,7,3,6,6,6,6,7,5,5,6,6,5,7,6,7,7,6,7,5,6,5,4,4,4,7,7,7,7,7,7,7,7,7,6,6,6,6,7,6,6,7,6,6,6,6,6,6,4,6,5,5,6,5,6,6,6,5,6,5,5,6,7,5,6,5,6,6,6,6,5,5,5,5,5,6,5,5,5,5,5,5,6,5,6,6,5,6,5,6,5,5,5,6,6,5,5,5,5,6,3,6,5,5,5,5,5,5,5,6,5,5,5,6,5,5,5,5,6,6,5,5,5,4,5,6,6,5,4,5,5,2,2,2,2,5,5,2,6,6,6,5,5,5,3,5,4,3,3,3,3,6,3,5,5,5,3,6,6,6,6,6,3,4,5,5,5,5,5,5,5,5,6,6,6,6,6,18,Female,White or Caucasian,3.85,First year (Freshman),YES,32,NA,NA,33,169,8,45,8,44,8,45,8,50,8,47,10,55,10,69,10,62,10,55,6,33,6,34,5,27,5,26,3,15,5,28,4,22,3,15,3,17,12,48,12,48,12,60,TRUE,1,1,1,0,1,1,1,0,1,1,0,1,1,0,0,10,TRUE,1,1,1,1,1,1,1,1,1,1,0,0,0,0,0,0,0,0,0,1,1,1,1,1,1,0,0,0,0,0,0,1,0,0,1,1,1,1,1,0,0,0,0,1,1,0,0,0,7,243
18,100,796,DDDE,FGHI,PWXQ,FGIJ,LMML,QQBB,EGFH,KMTV,VIJW,CGCS,VEGV,CEIZ,KXVH,EJFK,KIFB,"3,5,2","8,6,7,4,1","6,4,2","8,7,5,3,1","7,4,1","8,6,5,3,2","7,5,4,1","8,6,3,2","5,4,2","8,7,6,3,1","7,5,2,1","8,6,4,3","8,3,2,1","7,4,6,5","8,7,4,3,2","6,5,1","1,7,2","6,4,3","8,5","3,1","7,4,6","8,5,2","6,4","5,3,1","8,7,2","2,8,5","1,4,3","6,7","2,6,7","1,4,8","5,3","5,2","3,7,8","1,6,4",5,5,6,5,5,6,4,5,5,6,5,5,6,6,4,5,5,6,5,6,6,6,6,6,6,6,6,6,3,6,5,6,6,6,5,6,5,5,5,6,6,6,4,6,6,4,6,6,4,4,5,7,7,6,7,5,7,7,7,7,7,6,6,6,6,6,6,6,6,6,6,5,5,6,2,6,6,5,5,5,6,6,6,6,6,6,6,6,7,6,6,6,6,6,6,6,3,6,6,3,3,5,5,5,5,5,5,5,5,5,6,5,6,6,6,6,6,6,6,6,6,4,6,7,6,7,7,7,5,6,6,6,7,6,6,6,6,7,6,7,5,5,6,6,6,6,7,5,4,5,7,6,5,6,6,6,5,3,6,2,3,2,5,5,2,3,5,5,5,5,5,5,6,3,3,6,3,3,3,6,6,6,6,6,6,6,6,6,3,5,3,6,6,6,6,6,5,5,6,6,6,6,6,22,Female,White or Caucasian,3.8,Fourth year (Senior),YES,35,NA,NA,33,199,8,41,8,42,8,46,8,47,8,44,10,51,10,67,10,60,10,51,6,36,6,36,5,27,5,21,3,15,5,26,4,24,3,18,3,16,12,47,12,52,12,65,TRUE,0,0,1,0,0,1,1,0,0,0,0,0,0,0,1,4,TRUE,1,1,1,1,1,1,0,0,0,0,0,0,0,0,0,0,0,0,0,1,0,0,1,1,1,0,1,0,0,0,0,1,1,1,1,1,1,0,0,0,0,0,0,0,1,0,0,1,5,250
19,100,1899,QPPQ,PRST,PWXQ,STWX,GFFG,EETT,EGFH,BODQ,VIJW,JCVC,VEGV,NA,XGDV,GKHM,DFIM,"5,3,2","6,8,7,4,1","6,4,2","8,7,5,3,1","7,4,1","8,6,5,3,2","8,6,3,2","7,5,4,1","8,7,5,2","6,3,4,1","4,1,5,3,2","7,8,6","6,5,2,1","8,7,4,3","7,4,2,3","8,6,5,1","5,3,1","6,2,4,7",8,"3,1","4,7","5,6,8,2","7,4,6,5","1,3","2,8","7,2,5","1,3,4","6,8","7,3","1,2","4,8,6,5","5,2","3,8,7","1,4,6",5,5,5,4,6,6,6,5,4,5,6,5,4,4,6,4,5,4,5,3,5,4,6,5,6,5,6,5,3,5,4,5,6,5,6,5,5,6,5,5,5,5,5,5,5,4,6,5,6,4,4,5,6,4,5,5,5,5,5,6,6,5,6,5,6,4,5,5,6,6,6,5,6,5,4,6,5,4,5,6,5,4,4,4,4,4,4,4,7,4,4,4,4,4,4,4,4,4,4,4,5,5,5,4,4,2,4,5,5,3,5,3,5,4,6,6,4,4,5,4,4,5,4,5,4,5,3,4,4,5,4,5,5,4,5,4,5,4,5,5,5,4,6,5,5,5,4,5,4,3,4,5,5,4,3,5,4,3,2,4,4,4,3,4,4,3,4,4,4,4,4,4,4,4,4,4,4,4,4,4,4,7,6,4,3,5,4,5,4,4,6,6,5,4,5,4,5,4,5,4,4,4,5,20,Male,Black or African American,3,Third year (Junior),NO,NA,NA,NA,33,147,8,42,8,38,8,37,8,42,8,42,10,49,10,52,10,54,10,51,6,24,6,24,5,20,5,23,3,10,5,21,4,21,3,13,3,13,12,44,12,48,12,56,TRUE,1,1,1,1,1,0,1,1,0,0,0,0,0,1,0,8,TRUE,1,1,1,1,1,1,1,1,0,0,0,0,0,0,0,0,0,0,0,1,1,1,0,0,0,1,1,1,0,1,0,1,1,1,1,1,1,1,0,0,0,0,0,1,0,1,0,1,7,249
20,100,1487,QPPQ,PRST,PWXQ,STWX,GFFG,QQBB,EGFH,BODQ,FUZG,KCWC,VEGV,CGVZ,KXVH,GKHM,DFIM,"2,5,3","1,8,4,6,7","6,4,2","8,7,5,3,1","7,4,1","8,6,5,3,2","8,6,3,2","7,5,4,1","6,4,5","2,8,7,3,1","3,1,2,5","7,4,8,6","7,5,3,8,1","6,2,4","5,1,6,4,2","7,8,3","3,6,2","7,1,5","8,4","3,8,1","7,5,4","2,6",NA,NA,NA,"3,2,5","4,6,8","1,7","3,1","2,4,6,5","7,8","2,5","7,3,8","1,4,6",6,6,6,7,6,6,6,6,5,6,6,6,6,6,6,6,6,6,6,6,5,5,6,6,6,6,6,5,3,6,6,5,5,6,6,6,6,6,5,6,6,6,6,6,6,4,4,6,4,6,6,6,7,6,7,6,7,7,6,7,7,6,6,6,6,6,6,5,6,6,6,6,6,6,4,7,6,5,6,6,6,7,7,6,6,6,5,6,7,7,6,7,7,6,7,6,7,7,7,1,1,6,4,5,2,2,2,1,4,3,2,3,7,6,6,7,1,1,5,5,6,2,2,6,5,6,4,7,4,5,3,5,1,5,3,6,6,7,6,4,4,6,6,5,6,6,6,5,5,7,3,5,5,6,4,7,3,1,1,4,2,4,5,2,5,2,2,5,4,5,4,4,4,4,3,1,3,4,7,6,6,5,3,6,7,7,6,6,6,6,6,7,6,6,6,6,6,6,7,6,6,6,6,20,Female,White or Caucasian,3.86,Second year (Sophomore),NO,NA,NA,NA,33,164,8,49,8,47,8,46,8,45,8,47,10,54,10,66,10,59,10,58,6,37,6,39,5,34,5,17,3,6,5,13,4,26,3,7,3,13,12,38,12,48,12,70,TRUE,1,1,1,1,1,1,1,1,1,0,0,1,0,1,0,11,TRUE,1,1,1,1,1,1,1,1,0,0,0,0,1,1,0,0,0,0,0,0,0,0,0,0,0,0,0,0,0,0,0,1,1,1,1,1,1,1,0,0,1,0,0,0,0,0,0,1,6,247
22,100,1593,QPPQ,PRST,PWXQ,STWX,GFFG,QQBB,EGFH,BODQ,SEFT,CGCS,TNLL,CIOZ,VEBT,RWSX,HJMQ,"2,5,3","1,8,7,6,4","6,4,2","8,7,5,3,1","7,4,1","8,6,5,3,2","8,6,3,2","7,5,4,1","8,7,5,4,2","6,3,1","8,5,3,2,1","7,6,4","8,7,6,5,4,3,2,1",NA,"8,6,4,3,2","7,5,1","8,6,1","5,3,2","7,4","3,1","7,4","8,6,5,2","6,4","5,3,1","2,8,7","2,8,7,5","1,4,3",6,"3,8,7,6","1,2","4,5","2,5","3,8,7","1,6,4",5,4,4,5,4,5,5,5,6,6,3,4,5,5,6,4,5,5,3,6,5,5,5,5,5,5,5,6,3,5,4,6,4,4,6,4,6,3,5,3,6,6,5,6,6,4,6,5,5,5,5,5,6,5,5,3,5,6,4,5,6,3,6,6,5,5,5,4,6,5,6,4,6,5,3,5,5,6,5,6,5,5,6,5,3,5,5,2,7,3,4,5,5,3,4,5,3,3,5,5,4,5,5,5,5,4,5,4,5,5,3,3,3,5,5,4,5,3,5,6,5,3,3,5,5,6,5,5,5,5,6,5,5,3,5,3,5,6,5,5,6,4,3,5,6,6,6,5,5,5,5,5,5,5,2,5,5,3,5,4,6,5,3,5,5,3,3,5,3,6,6,5,4,3,4,5,5,5,2,5,6,5,4,6,6,5,6,6,3,5,3,5,5,6,6,4,3,4,6,6,5,6,4,20,Male,Asian American,3.44,Third year (Junior),YES,NA,730,760,33,160,8,37,8,39,8,39,8,40,8,37,10,53,10,50,10,51,10,50,6,29,6,22,5,20,5,24,3,14,5,20,4,17,3,13,3,14,12,52,12,53,12,60,TRUE,1,1,1,1,1,1,1,1,0,0,0,0,1,0,0,9,TRUE,1,1,1,1,1,1,1,1,1,1,0,0,0,0,0,0,0,1,0,1,1,1,1,1,1,0,1,0,1,1,1,1,1,1,1,1,1,1,1,0,0,0,0,1,1,0,1,1,9,249
23,100,1414,QPPQ,PRST,PWXQ,STWX,LMML,DDSS,EGFH,NA,NA,KCWC,TNLL,CGVZ,XGDV,PSQT,DFIM,"2,3,5","1,7,8,6,4","6,4,2","8,7,3,5,1","3,4,2","7,8,5,6,1","6,3,7","4,8,5,2,1","8,4,5,2","7,6,3,1","8,7,5,4,3,2,1",6,"8,5,7,4,3,1","2,6","7,6,5,3,2,1","8,4","2,1","7,6,5,4","8,3","3,1","6,7,5,4","8,2","4,7,6,3","1,5","2,8","2,4","1,8,7","3,6,5",1,"6,2","3,8,4,7,5","2,5","4,8,7","1,6,3",7,7,7,7,7,7,7,5,7,7,6,7,5,7,7,7,3,7,7,7,7,7,7,7,7,7,7,7,3,7,7,7,7,7,7,7,7,7,7,7,7,7,7,7,7,4,7,7,3,4,3,7,7,7,7,7,7,7,7,7,7,7,6,7,7,7,7,7,7,7,7,6,5,6,2,7,7,5,6,7,7,7,7,6,5,5,6,5,7,2,7,7,7,7,7,3,7,7,5,3,3,5,3,5,5,5,5,5,5,7,5,5,6,7,7,7,4,2,5,7,7,1,6,7,6,7,6,7,6,7,7,6,6,5,6,6,6,7,4,5,5,6,3,6,7,7,5,5,3,7,5,7,7,5,6,5,6,4,5,5,5,2,4,6,6,6,6,5,3,7,7,6,2,2,3,6,7,2,6,6,6,6,5,5,4,7,7,6,1,3,3,7,2,3,3,7,6,6,7,3,3,3,7,20,Female,Hispanic or Latino,4,Second year (Sophomore),YES,32,NA,NA,33,194,8,54,8,53,8,52,8,56,8,56,10,56,10,70,10,69,10,58,6,36,6,35,5,29,5,19,3,15,5,27,4,27,3,11,3,15,12,60,12,56,12,59,TRUE,1,1,1,1,0,0,1,0,0,0,0,1,0,0,0,6,TRUE,1,1,1,1,0,0,0,0,0,0,0,0,0,0,0,0,0,0,0,1,0,0,0,0,0,0,0,0,0,0,0,1,0,0,1,1,0,0,0,0,0,0,0,0,0,0,0,0,2,248
24,100,1840,QPPQ,PRST,PWXQ,PQST,GFFG,AAPP,ABDC,FHXZ,COPD,JCVC,PFCC,CGVZ,VEBT,EJFK,HJMQ,"5,3,2","8,7,6,4,1","6,4,2","8,7,5,3,1","4,3,8,2","5,7,6,1","2,6,8,3","5,7,4,1","8,7,5,4,2","6,3,1","7,5,4,3,1","8,6,2","8,2,5,3,1","7,4,6","5,8,2,1","6,7,4,3","6,3,5","2,7,4","1,8","3,1","7,4","6,8,2,5","6,4","3,5,1","8,7,2","2,7,5","1,4,3","6,8","7,6","1,2","5,4,3,8","2,5","3,7,8","1,6,4",7,7,7,2,6,6,5,6,2,6,6,6,4,7,5,6,7,5,6,6,6,6,6,6,7,7,7,7,3,6,7,7,7,6,5,6,6,6,6,7,5,7,6,5,7,4,7,7,4,4,4,7,5,7,7,5,7,6,7,7,7,5,7,7,7,7,6,7,6,7,7,7,5,7,3,7,5,7,7,6,7,5,7,6,5,6,5,5,7,5,6,7,5,5,5,6,6,7,6,2,2,5,3,3,5,3,5,2,3,3,2,5,5,7,5,6,4,4,5,6,5,6,4,7,5,6,6,7,3,6,5,7,2,5,5,7,5,6,7,7,5,6,5,6,7,5,6,4,4,3,5,6,6,6,1,5,7,6,5,5,2,4,6,5,7,3,5,5,2,7,7,5,5,3,1,6,5,4,6,5,7,7,6,6,5,6,6,6,3,3,3,3,3,6,6,6,6,6,3,5,6,6,6,21,Male,White or Caucasian,3.4,Third year (Junior),NO,NA,NA,NA,33,175,8,46,8,42,8,48,8,55,8,47,10,55,10,65,10,66,10,61,6,34,6,33,5,30,5,15,3,13,5,15,4,23,3,13,3,17,12,60,12,56,12,63,TRUE,1,1,1,0,1,0,0,0,0,0,0,1,1,0,0,6,TRUE,1,1,1,1,0,0,1,1,1,1,0,0,0,0,0,0,0,0,1,1,1,1,1,1,1,1,1,1,0,1,0,1,1,1,1,1,0,1,1,0,0,0,0,1,1,1,0,1,8,250
25,100,1017,QPPQ,JKLM,FVZG,NA,QRRQ,QQBB,ABDC,FHXZ,SEFT,JCVC,ZAGZ,CIOZ,XGDV,EJFK,HJMQ,2,6,2,8,1,4,1,4,4,6,4,2,1,6,4,6,1,2,5,3,8,5,2,8,7,2,1,5,1,3,8,1,3,5,6,5,6,6,7,7,7,5,7,6,7,4,6,6,4,5,6,6,6,6,6,6,7,6,7,6,5,6,3,6,7,6,6,7,3,6,6,2,3,6,7,6,4,6,4,5,7,6,5,4,5,7,7,5,5,4,5,4,6,5,7,7,7,7,7,7,7,6,6,7,6,6,6,7,4,6,6,5,6,7,7,7,5,6,6,6,5,7,7,7,7,7,5,6,6,5,7,6,6,3,6,6,5,4,5,5,3,6,5,5,4,5,7,5,5,7,7,6,6,4,6,5,7,7,6,5,6,7,5,6,6,6,6,6,6,7,6,6,7,5,6,5,4,3,5,6,5,4,5,2,6,5,5,6,3,3,5,5,4,4,5,4,4,2,2,3,3,6,4,5,5,5,5,2,4,5,4,2,1,5,4,6,2,6,5,5,6,4,3,3,3,4,5,4,4,5,5,6,4,5,4,6,5,22,Male,White or Caucasian,3.3,Fourth year (Senior),YES,NA,690,630,33,180,8,49,8,45,8,49,8,49,8,40,10,52,10,55,10,67,10,60,6,35,6,39,5,30,5,24,3,13,5,25,4,24,3,19,3,15,12,44,12,48,12,52,TRUE,1,0,0,0,0,1,0,0,0,0,0,0,0,0,0,2,TRUE,0,0,0,0,0,0,0,0,0,0,0,0,0,0,0,0,0,0,0,0,0,0,0,0,0,0,0,0,0,0,0,0,0,0,0,0,0,0,0,0,0,0,0,0,0,0,0,0,0,249
27,100,103080,QPPQ,PRST,PWXQ,STWX,GFFG,QQBB,EGFH,FHXZ,FUZG,CLXC,ZAGZ,CAUZ,VEBT,PSQT,LHEC,"3,5,2","8,7,6,4,1","6,4,2","8,7,5,3,1","7,4,1","8,6,5,3,2","8,6,3,2","7,5,4,1","2,7,4,8,5","6,3,1","2,4,5,8","6,7,3,1","5,8,3,1","2,4,6,7","6,5,1","8,7,4,3,2","3,2,1","5,7,4","8,6","3,1","7,4","5,8,2,6","6,4","5,3,1","7,8,2","4,8",1,"5,6,2,3,7","1,7","2,3","6,5,8,4","2,5","8,3,7","1,6,4",5,3,4,4,6,7,5,4,3,5,4,2,3,3,3,2,6,3,5,5,3,3,3,5,6,4,4,5,3,6,5,4,4,4,3,4,6,4,6,4,7,6,7,6,6,3,5,5,3,3,4,6,7,7,6,6,6,6,5,7,2,4,5,7,3,6,4,4,5,5,6,7,2,4,2,7,5,5,3,7,6,6,7,6,5,5,6,7,7,5,6,3,6,6,7,5,5,5,5,3,2,1,3,2,5,3,5,3,5,5,2,3,6,7,6,6,5,3,5,6,5,2,5,5,6,6,7,5,3,6,6,3,6,3,5,6,6,5,6,6,5,7,5,7,6,5,7,6,5,7,5,6,3,6,6,6,7,5,3,6,3,2,3,3,2,5,5,6,6,7,7,7,6,3,6,7,7,5,3,3,6,3,2,5,6,6,7,5,2,5,5,5,3,3,5,3,3,3,6,6,6,7,5,22,Female,White or Caucasian,3.8,Fourth year (Senior),YES,35,NA,NA,33,181,8,38,8,25,8,33,8,38,8,38,10,48,10,58,10,49,10,48,6,35,6,33,5,27,5,11,3,13,5,18,4,25,3,13,3,13,12,50,12,70,12,55,TRUE,1,1,1,1,1,1,1,0,1,1,0,0,1,0,0,10,TRUE,1,1,1,1,1,1,1,1,1,1,1,1,0,0,1,1,0,0,0,1,1,1,1,1,1,0,0,0,0,0,0,1,1,1,1,1,1,1,1,1,0,1,0,1,1,0,0,1,10,250
28,100,2316,QPPQ,PRST,PWXQ,STWX,GFFG,QQBB,EGFH,BODQ,FUZG,CLXC,XDBK,CGVZ,KXVH,PSQT,KGDB,"2,5,3","1,4,6,7,8","6,4,2","8,7,5,3,1","7,4,1","8,6,5,3,2","8,6,3,2","7,5,4,1","8,7,5,6,4,2","3,1","7,5,3,4,1","8,6,2","7,8,5,3,1","2,4,6","6,1","8,7,4,3,2,5","2,5,6","8,7","3,1,4","3,1","7,4","6,8,2,5","6,4","5,1,3","7,2,8","2,5,7","1,3,4","6,8","8,7,6,3","1,2","5,4","5,2","3,8,7","6,1,4",7,6,7,7,7,7,7,7,3,4,6,7,6,4,5,4,5,5,5,5,7,5,4,5,5,5,4,6,3,6,5,6,6,4,4,6,5,6,5,4,5,7,7,7,7,7,7,6,5,7,5,6,6,6,7,4,6,7,7,7,7,6,6,6,6,6,6,6,6,6,6,5,5,7,2,5,7,3,5,5,7,3,6,3,3,2,2,3,7,3,5,5,4,4,3,5,4,6,3,5,6,7,6,7,6,6,7,6,5,5,6,6,3,6,5,7,3,3,6,6,7,1,7,5,2,5,5,6,5,5,3,5,7,3,7,5,2,5,5,6,3,5,6,3,3,5,5,5,6,3,5,6,5,6,2,5,7,4,4,7,5,5,6,5,3,5,5,6,7,5,7,5,7,1,1,5,5,6,5,5,4,7,3,6,3,6,6,5,1,3,3,3,2,2,1,3,5,5,7,7,7,7,7,21,Female,Black or African American,2.7,Fourth year (Senior),NO,NA,NA,NA,33,156,8,55,8,39,8,41,8,43,8,39,10,65,10,63,10,60,10,51,6,19,6,24,5,21,5,31,3,19,5,28,4,21,3,12,3,14,12,61,12,60,12,52,TRUE,1,1,1,1,1,1,1,1,1,1,1,1,0,0,0,12,TRUE,1,1,1,1,1,1,1,1,0,0,0,0,1,1,0,0,0,0,0,1,1,1,1,1,1,1,1,1,1,1,1,1,1,1,1,1,1,1,0,0,1,0,0,1,1,1,1,1,10,250
29,100,6327,QPPQ,VWXY,SVZT,FGIJ,QRRQ,CCRR,UVXW,CERT,VIJW,JCVC,VEGV,CGVZ,VEBT,RWSX,KIFB,"2,5,3","1,8,7,4,6","6,2,4","1,3,7,8,5","4,7,1","2,3,5,6,8","8,6,3,2","7,5,4,1","7,5,4,2","8,6,3,1","8,4,7,5,3,2,1",6,"2,3,1","4,5,7,6,8","1,7,3,5","8,6,2,4","5,6,2","7,1,3,4",8,"8,4,3",2,"7,6,5,1","6,4,3","5,1","2,7,8","6,7","1,8,4","2,5,3","1,2","5,3","4,8,6,7","2,5,3","6,8","4,1,7",5,4,6,4,7,7,4,6,5,6,5,5,5,6,5,5,5,6,5,6,6,4,6,7,7,6,7,5,3,3,6,6,6,5,4,5,5,5,5,5,4,5,4,4,5,3,6,5,3,4,4,7,6,6,7,7,7,7,6,7,5,5,7,5,6,6,5,6,6,6,6,6,6,6,3,7,NA,6,6,7,6,3,5,6,3,3,5,5,7,6,6,6,3,6,5,2,3,2,2,3,3,5,5,5,3,5,3,5,5,5,5,6,3,6,6,6,5,5,6,5,5,5,6,5,5,4,5,6,3,6,5,6,5,5,6,6,6,5,5,6,5,6,5,6,7,6,6,6,5,6,6,5,6,6,6,5,6,2,2,3,2,2,5,6,3,2,3,5,5,6,7,5,5,6,7,6,6,2,7,5,5,5,5,6,5,6,6,5,4,5,5,5,5,5,6,5,6,5,6,3,7,7,7,20,Female,White or Caucasian,3.8,Second year (Sophomore),NO,NA,NA,NA,33,182,8,43,8,42,8,45,8,46,8,38,10,43,10,65,10,58,9,58.88888889,6,25,6,32,5,14,5,21,3,11,5,26,4,21,3,16,3,15,12,41,12,67,12,62,TRUE,1,0,0,0,0,0,0,0,0,0,0,1,1,0,1,4,TRUE,1,1,1,1,1,1,1,1,0,0,0,0,0,0,0,0,0,0,0,0,0,0,0,0,1,0,0,0,0,0,0,0,0,0,1,1,1,1,0,0,0,0,0,0,0,0,0,0,4,249
30,100,2176,QPPQ,PRST,PWXQ,STWX,GFFG,QQBB,EGFH,FHXZ,VIJW,CLXC,TNLL,CGVZ,XGDV,GKHM,DFIM,"2,5,3","1,7,8,6,4","6,4,2","8,7,5,3,1","1,7,3,8,4","5,6,2","2,3,8,6","7,5,4,1","6,5,8,4,2","3,7,1","7,5,4,3,1","8,6,2","3,5,2,1","7,8,6,4","6,8,1,3,2","7,4,5","1,2","4,7,5,3","8,6","1,3","5,7,8,4","6,2","4,6,3","5,1","2,8,7","3,4","1,5,6,8","2,7","5,7,8","1,6","2,3,4","5,2,8","1,3","4,7,6",7,6,6,4,6,7,5,5,6,6,7,6,6,6,5,5,7,7,7,7,4,4,5,6,7,7,7,7,3,7,7,6,7,6,7,7,6,7,5,7,7,7,7,7,7,7,7,6,3,4,5,6,7,7,6,7,7,7,7,7,7,6,7,7,7,6,6,7,7,7,7,6,3,7,4,7,6,2,6,7,7,5,6,6,6,5,5,6,7,5,6,6,7,6,7,5,6,3,3,7,1,6,3,5,5,3,5,6,7,7,5,6,6,7,6,6,5,3,7,5,6,6,5,7,7,5,6,7,6,6,6,7,5,6,6,5,6,5,7,7,6,7,7,6,7,7,5,6,7,7,4,6,7,6,6,3,5,2,2,3,1,2,2,3,1,1,1,6,3,7,7,6,7,7,7,3,5,4,1,6,7,7,6,7,6,7,7,7,1,6,7,7,6,6,7,6,6,5,6,7,7,7,6,25,Male,Black or African American,3.3,Second year (Sophomore),YES,NA,780,790,33,203,8,46,8,47,8,47,8,55,8,52,10,60,10,68,10,67,10,55,6,33,6,36,5,24,5,22,3,13,5,31,4,25,3,15,3,17,12,26,12,63,12,74,TRUE,1,1,1,1,1,1,1,0,0,1,0,1,0,1,0,10,TRUE,1,1,1,1,0,0,1,1,0,0,0,0,0,0,0,0,0,0,0,1,0,0,0,0,1,0,0,0,0,0,0,0,0,0,1,1,0,1,0,0,0,0,0,0,0,0,0,0,3,250
31,100,1400,TTTU,FGHI,JVZK,FGIJ,LMML,AAPP,OPRQ,KMTV,VIJW,JCVC,VEGV,CEIZ,ZIFX,EJFK,KIFB,"2,3,5","8,6,4,1,7","6,4,2","8,7,5,3,1","7,4,1","8,6,5,3,2","8,6,3,2","7,5,4,1","5,4,8,7,2","6,3,1","8,2,5,4","1,7,6,3","5,3,7,8,1","4,2,6","6,5,1","8,7,4,3,2","6,1","5,2,7,4,3",8,"3,1","7,4","8,5,6,2","4,6","3,5,1","7,2,8","2,7,5","1,4,3","6,8","1,5,7,8","2,6","3,4","2,5","3,8,7","1,4,6",6,5,6,4,6,6,6,7,5,5,6,7,7,6,6,6,6,4,4,4,3,3,6,5,4,5,5,5,3,5,4,4,6,5,6,6,3,3,7,5,5,6,6,5,5,4,5,4,3,3,4,6,6,5,5,5,4,6,7,5,3,4,5,5,6,4,6,5,6,6,4,4,6,4,2,5,3,6,4,7,6,2,4,3,2,4,1,2,7,2,5,4,4,5,4,3,3,3,2,4,5,6,6,7,6,6,5,4,6,6,6,5,2,4,4,3,4,4,4,6,3,2,3,3,5,6,7,6,4,4,4,5,2,2,5,4,7,5,4,7,5,4,4,4,3,5,7,5,3,4,7,6,4,7,4,6,5,6,5,4,6,4,5,6,5,3,4,2,4,6,6,5,5,1,2,6,2,4,1,5,4,6,6,4,6,5,4,3,1,3,3,3,4,3,3,3,4,NA,3,2,3,6,3,18,Male,Asian,4,First year (Freshman),YES,35,NA,NA,33,155,8,46,8,48,8,35,8,38,8,40,10,45,10,52,10,51,10,47,6,16,6,22,5,15,5,28,3,17,5,27,4,13,3,12,3,11,12,59,12,44,12,50,TRUE,0,0,0,0,0,0,0,0,0,0,0,0,0,0,1,1,TRUE,1,1,1,1,1,1,1,1,1,1,1,1,1,1,1,1,0,0,0,1,1,1,1,1,1,1,1,1,0,0,0,1,1,1,1,1,1,1,1,1,1,1,0,1,1,1,0,1,12,249
32,100,2083,QPPQ,PRST,PWXQ,STWX,LMML,QQBB,EGFH,BODQ,FUZG,CLXC,XDBK,CGVZ,VEBT,GKHM,HJMQ,"2,5,3","6,8,7,1,4","6,4,2","8,7,5,3,1","7,4,1","8,6,5,3,2","8,6,3,2","7,5,4,1","8,7,5,2,4","6,3,1","8,7,1,5,4,2","3,6","5,8,7,3,2,1","6,4","6,2,1","8,7,5,4,3","6,2","7,5,4,3","8,1","3,1",4,NA,NA,NA,NA,NA,NA,NA,NA,NA,NA,NA,NA,NA,5,4,5,5,7,6,5,5,4,5,4,4,6,5,5,5,5,5,5,5,5,5,6,6,5,6,6,6,3,7,5,7,6,5,6,6,6,6,5,6,5,7,5,6,6,5,7,5,5,5,5,6,6,4,7,4,7,7,5,7,4,6,6,6,6,7,7,6,6,6,6,5,4,5,3,6,5,5,4,7,6,5,5,3,5,4,5,3,7,3,3,4,4,5,5,4,5,6,6,5,4,5,4,5,5,5,4,2,4,4,5,2,3,5,5,5,2,2,5,6,3,1,5,5,5,4,5,5,4,6,5,4,4,5,5,6,5,6,5,6,6,6,6,6,5,6,6,5,5,4,5,5,5,5,4,7,7,5,3,3,3,6,6,3,4,2,2,6,5,4,4,5,3,3,2,3,4,6,4,5,6,5,4,6,6,6,7,6,3,5,6,6,5,5,5,4,5,5,5,6,5,6,6,22,Female,White or Caucasian,3.76,Fourth year (Senior),YES,32,NA,NA,33,169,8,42,8,38,8,42,8,48,8,45,10,56,10,57,10,62,10,50,6,27,6,22,5,26,5,23,3,14,5,17,4,18,3,9,3,10,12,51,12,49,12,65,TRUE,1,1,1,1,0,1,1,1,1,1,1,1,1,1,0,13,TRUE,1,1,1,1,1,1,1,1,1,1,0,0,0,0,0,0,0,0,1,1,0,0,0,0,0,0,0,0,0,0,0,0,0,0,1,1,1,1,1,0,0,0,0,0,0,0,0,0,5,237
33,100,3134,QPPQ,PRST,PWXQ,STWX,GFFG,QQBB,EGFH,BODQ,FUZG,CLXC,XDBK,CGVZ,VEBT,GKHM,KIFB,"2,5,3","1,7,8,6,4","6,4,2","8,7,5,3,1","7,4,1","8,6,5,3,2","8,6,3,2","7,5,4,1","8,7,5,4,2","6,3,1","8,7,5,6,4,3,2,1",NA,"8,7,5,3,1","6,4,2","6,4,1","5,3,2",NA,NA,NA,"3,1","7,4,5,8","6,2","6,4","1,5,3","8,7,2","2,7,5,4","3,1","6,8","6,8,7","1,2","3,5,4","5,2","7,8,3","1,6,4",6,7,6,6,5,3,6,6,7,5,7,5,6,5,3,6,3,4,5,3,2,2,5,4,3,5,5,5,3,4,4,5,5,3,1,3,4,3,5,2,4,3,5,6,5,2,5,5,3,1,1,6,4,7,4,4,4,7,7,4,5,5,5,6,2,5,5,6,5,6,2,3,4,3,2,7,2,2,3,7,3,6,7,3,6,3,3,6,7,5,5,6,6,4,7,5,5,6,5,5,2,5,5,1,5,5,5,2,3,2,3,3,3,6,3,2,4,2,2,7,5,5,7,1,6,7,6,6,1,7,7,7,7,5,1,5,5,7,7,7,7,5,2,7,2,7,5,6,2,6,6,7,2,7,5,5,5,1,2,7,3,2,3,1,2,4,5,7,3,6,6,7,7,3,6,7,7,7,7,3,5,1,2,6,5,7,6,6,3,6,6,6,3,2,3,2,3,NA,5,5,3,5,5,19,Female,White or Caucasian,3.83,Second year (Sophomore),YES,NA,780,800,33,175,8,45,8,44,8,28,8,36,8,25,10,36,10,52,10,47,10,36,6,28,6,32,5,28,5,18,3,15,5,13,4,14,3,8,3,17,12,40,12,73,12,56,TRUE,1,1,1,1,1,1,1,1,1,1,1,1,1,1,1,15,TRUE,1,1,1,1,1,1,1,1,1,1,0,0,1,1,0,0,0,0,0,1,0,0,1,1,1,0,0,1,0,1,0,1,1,1,1,1,1,1,1,0,1,0,0,0,1,0,0,1,8,245
34,100,437777,QPPQ,BCDE,PWXQ,STWX,GFFG,QQBB,EGFH,BODQ,FUZG,CLXC,XDBK,CGVZ,ZIFX,GKHM,HJMQ,"3,5,2","7,8,1,6,4","6,4,2","8,7,5,3,1","7,4,1","8,6,5,3,2","8,6,3,2","7,5,4,1","8,7,5,4,2","6,3,1","8,7,5,4,2","6,3,1","8,7,5,3,1","6,4,2","5,4,1","8,7,6,3,2","6,1","5,3,4","8,7,2","3,1","7,5,4","8,6,2","4,6","1,3,5","2,7,8","2,7","1,5,4,3","6,8","3,6,7,8","1,2","4,5","3,5,2","7,8","1,6,4",5,5,7,3,7,7,6,6,3,4,6,6,6,5,4,2,5,6,5,3,4,3,6,5,5,5,4,5,3,4,4,5,6,7,6,5,7,7,7,5,6,6,6,7,7,2,6,6,4,4,4,7,7,7,7,6,7,7,6,6,3,6,4,5,6,5,6,6,5,6,5,6,4,5,2,7,4,4,6,7,5,5,5,3,6,5,5,3,7,1,6,5,5,5,6,6,6,6,6,2,1,7,2,3,6,2,5,2,3,3,2,2,5,6,5,7,3,2,3,7,7,5,3,6,6,6,7,7,7,7,5,6,3,5,3,6,6,6,5,6,3,3,5,3,7,6,6,6,6,6,6,5,6,6,7,6,5,1,1,6,4,2,7,5,6,2,2,6,6,5,7,6,6,3,3,7,7,7,7,6,6,7,7,6,6,6,6,5,6,6,6,7,5,6,6,7,7,NA,7,2,7,7,7,21,Female,two or more races,3.98,Third year (Junior),YES,35,NA,NA,33,181,8,46,8,36,8,37,8,38,8,50,10,52,10,63,10,54,10,50,6,29,6,25,5,30,5,15,3,13,5,12,4,23,3,8,3,19,12,47,12,70,12,73,TRUE,1,0,1,1,1,1,1,1,1,1,1,1,0,1,0,12,TRUE,1,1,1,1,1,1,1,1,1,1,0,0,1,1,0,0,0,0,0,1,0,0,1,1,1,0,0,1,1,1,1,0,0,1,1,1,1,1,1,0,1,0,0,0,1,0,1,0,8,249
35,100,2083,QPPQ,PRST,PWXQ,STWX,GFFG,QQBB,EGFH,BODQ,FUZG,CGCS,XDBK,CGVZ,VEBT,GKHM,KGDB,"5,3,2","8,7,6,4,1","6,4,2","8,7,5,3,1","7,4,1","8,6,5,3,2","8,6,3,2","7,5,4,1","8,7,5,4,2","6,3,1","4,5,6,2","8,7,3,1","8,7,5,3,1","6,4,2","8,7,5,1","6,4,3,2","5,7,1","6,2,3","8,4","3,1","7,4","8,6,5,2","6,4","5,3,1","8,7,2","6,1,7","2,8,4","3,5","2,3,1,8","5,7,6",4,NA,NA,NA,6,4,5,3,6,5,6,4,5,5,5,4,5,5,5,5,5,5,6,4,6,6,5,6,6,5,5,6,3,6,4,6,6,5,4,4,6,4,5,4,4,6,5,4,5,3,6,5,3,4,4,5,6,4,3,5,3,6,5,6,6,5,6,5,4,6,4,4,6,6,5,7,3,6,3,6,5,4,5,6,7,5,4,5,5,5,5,2,7,3,6,6,5,6,6,5,6,6,5,3,3,5,3,4,6,6,5,4,3,3,4,4,5,6,5,5,5,5,3,5,2,2,3,6,5,6,5,6,4,5,6,6,2,4,5,6,3,4,6,5,6,5,6,6,6,5,6,5,4,5,5,5,5,5,3,5,5,2,2,5,2,6,5,6,5,5,5,6,6,6,7,3,2,5,3,5,5,6,3,5,6,5,5,6,6,5,6,5,2,6,6,6,4,3,6,5,4,4,3,3,4,3,3,20,Female,Hispanic or Latino,3.3,Third year (Junior),YES,NA,720,740,33,164,8,39,8,39,8,43,8,44,8,36,10,45,10,49,10,51,10,52,6,29,6,28,5,28,5,18,3,17,5,18,4,21,3,13,3,9,12,53,12,57,12,63,TRUE,1,1,1,1,1,1,1,1,1,0,1,1,1,1,0,13,TRUE,1,1,1,1,1,1,1,1,1,1,0,0,1,1,0,0,0,0,0,1,1,1,1,1,1,0,0,0,0,0,0,0,0,0,1,1,1,1,1,0,1,0,0,1,1,0,0,0,8,247
36,100,2377,QPPQ,PRST,PWXQ,STWX,GFFG,QQBB,EGFH,BODQ,FUZG,CLXC,XDBK,CGVZ,ZIFX,GKHM,KGDB,"2,3,5","1,8,7,6,4","6,4,2","8,7,5,3,1","7,4,1","8,6,5,3,2","8,6,3,2","7,5,4,1","8,7,5,4,2","1,6,3","8,5,4,2","7,6,3,1","5,7,8,3,1","6,4,2","6,5,1","8,7,4,3,2","3,6,8","7,5,4,1",2,"1,3","5,8,4","6,7,2","6,4","5,3,1","8,7,2","2,8,7,5","1,4","3,6","1,7,6","2,5","3,4",NA,NA,NA,5,4,6,5,6,7,4,4,5,7,5,6,6,7,5,5,4,4,6,4,6,6,5,6,6,4,6,5,3,7,7,5,6,3,3,4,3,3,3,3,3,7,7,5,7,5,7,5,3,2,5,5,6,6,4,3,1,4,4,4,3,3,3,6,3,7,4,5,6,6,7,6,6,5,3,4,6,2,4,6,7,5,6,5,6,7,5,3,7,5,7,7,4,6,6,6,6,6,5,1,1,4,4,4,5,5,5,4,6,4,3,5,6,6,5,7,4,3,4,5,5,3,6,7,3,4,5,5,6,3,5,3,2,4,6,7,4,5,5,5,5,6,6,4,5,6,5,4,6,5,4,5,6,5,6,6,3,3,2,4,4,4,5,3,3,2,2,7,7,7,7,3,3,5,6,6,6,5,7,4,4,6,6,4,5,3,6,5,1,5,6,5,3,6,5,4,5,6,5,2,5,4,6,20,Female,Asian,3.355,Third year (Junior),YES,NA,770,800,33,163,8,41,8,46,8,41,8,46,8,25,10,53,10,40,10,50,10,49,6,34,6,32,5,29,5,14,3,15,5,22,4,24,3,11,3,13,12,41,12,69,12,55,TRUE,1,1,1,1,1,1,1,1,1,1,1,1,0,1,0,13,TRUE,1,1,1,1,1,1,1,1,1,1,1,1,1,1,1,1,0,0,0,1,0,0,1,1,1,0,0,0,0,0,0,0,0,0,1,1,1,1,1,1,1,1,0,0,1,0,0,0,9,247
37,100,1307,QPPQ,PRST,PWXQ,STWX,GFFG,AAPP,EGFH,BODQ,FUZG,CLXC,XDBK,CGVZ,VEBT,PSQT,HJMQ,"5,3,2","1,8,6,4,7","6,4,2","8,7,1,5,3","7,4,1","8,6,5,3,2","8,6,3,2","7,5,4,1","8,2,5,4","7,3,6,1","7,5,4,1,2","3,8,6","8,5,3,1","7,6,4,2","6,5,1","8,7,4,3,2","1,6,8","7,5,4,2",3,"3,1","7,4","5,8,6,2","6,4","3,5,1","2,7,8","2,7,5","1,3,4","8,6","3,7,6","1,2","4,5,8","2,5","7,3,8","4,1,6",6,6,6,4,6,6,6,6,5,6,5,6,6,5,6,5,5,5,6,6,4,4,5,5,6,5,6,6,3,5,6,6,6,6,6,5,6,6,5,5,5,6,6,5,6,3,6,5,5,5,4,6,6,6,6,5,6,6,6,6,5,6,6,5,6,6,6,6,6,6,6,5,5,6,2,6,4,4,5,7,6,6,6,6,6,6,6,5,7,5,6,6,6,6,6,6,6,6,6,2,2,2,2,2,2,5,6,5,2,6,2,5,5,7,6,6,5,5,6,6,6,3,6,6,5,6,6,6,3,5,5,6,6,5,2,5,6,6,5,5,3,5,6,5,3,6,6,5,3,6,5,3,4,6,3,6,2,2,2,3,1,3,2,5,5,2,3,5,5,6,7,3,2,3,3,3,5,6,2,6,6,6,7,5,7,7,6,6,6,7,6,6,5,6,6,6,6,6,5,3,7,6,7,22,Female,White or Caucasian,3.826,Fourth year (Senior),YES,35,NA,NA,33,163,8,46,8,44,8,40,8,46,8,44,10,51,10,58,10,59,10,50,6,36,6,34,5,30,5,10,3,13,5,20,4,24,3,16,3,15,12,36,12,50,12,75,TRUE,1,1,1,1,1,0,1,1,1,1,1,1,1,0,0,12,TRUE,1,1,1,1,1,1,1,1,0,0,0,0,0,0,1,1,0,0,0,1,1,1,1,1,1,1,1,1,0,1,0,1,1,1,1,1,1,1,0,0,0,1,0,1,1,1,0,1,9,250
38,100,2402,QPPQ,PRST,PWXQ,STWX,GFFG,QQBB,EGFH,BODQ,FUZG,CLXC,XDBK,CGVZ,VEBT,GKHM,DFIM,"3,5,2","6,1,4,8,7","6,2,4","1,5,8,7,3","7,4,1","8,6,5,3,2","8,6,3,2","7,5,4,1","8,7,5,4,2","6,3,1","7,4,5,3,1","8,6,2","8,6,5,3,1","7,4,2","8,1,4,5","7,6,2,3","6,3,2","7,5,4","1,8","3,1","7,4","6,8,2,5","6,4","5,1,3","7,8,2","2,5,7","1,3,4","6,8","1,7","6,2","4,5,3,8","2,5","3,7,8","1,6,4",5,4,5,5,6,6,4,5,4,7,4,5,5,6,4,4,5,6,6,6,4,4,6,6,6,6,6,6,3,5,5,6,6,5,6,5,5,6,5,6,5,6,7,7,7,4,6,5,6,4,4,7,7,7,7,6,7,7,6,7,7,6,6,7,6,6,7,6,5,6,5,7,5,7,5,7,5,6,5,7,6,5,6,4,4,4,4,3,7,5,6,6,5,6,5,4,3,5,3,3,4,4,5,5,5,6,5,6,6,7,4,3,5,7,7,7,5,6,5,7,6,4,3,3,6,6,6,6,4,7,6,7,5,5,7,7,5,6,5,7,6,6,6,7,5,6,7,6,5,7,7,5,6,7,6,6,5,2,2,2,1,3,3,7,4,2,2,7,6,7,7,7,5,3,3,6,7,7,6,5,6,3,2,6,6,7,7,7,3,5,5,3,5,5,5,5,5,5,3,3,6,6,6,21,Female,White or Caucasian,3.3,Fourth year (Senior),YES,33,750,650,33,193,8,40,8,39,8,43,8,46,8,43,10,56,10,68,10,60,10,60,6,27,6,31,5,20,5,21,3,16,5,26,4,26,3,16,3,17,12,39,12,71,12,62,TRUE,1,1,1,1,1,1,1,1,1,1,1,1,1,1,0,14,TRUE,1,1,1,1,1,1,1,1,1,1,0,0,0,0,0,0,0,0,1,1,1,1,1,1,1,1,1,1,0,0,0,1,1,1,1,1,1,1,1,0,0,0,0,1,1,1,0,1,9,250
40,100,1192,DDDE,JKLM,PWXQ,STWX,QRRQ,CCRR,EGFH,FHXZ,COPD,CGCS,TNLL,CIOZ,ZIFX,EJFK,DFIM,"3,5,2","7,6,4","1,2,4,3","7,8,5,6","1,3,5,4","7,2,6,8","3,8,2,4","1,5,7,6","4,5,6,2","1,3,7,8","3,4,7,1","5,8,6,2","2,4,5,1","7,6,8,3","4,3,6,1","8,2,7,5","8,2,6","4,1","3,7,5","5,3,1","7,4,6","2,8","3,2","1,4,8,6","7,5","6,5,1","8,2,3","4,7","7,2,1","3,6,4","5,8","1,2","7,8,3","5,4,6",6,3,6,4,6,6,5,6,4,3,4,5,5,6,3,5,6,6,5,6,6,5,7,7,7,6,7,7,3,6,6,6,7,6,7,7,7,7,6,7,5,7,7,7,7,4,6,7,4,4,5,7,7,7,7,7,7,7,7,7,7,6,7,6,7,6,7,7,6,7,7,5,3,7,2,6,6,6,6,6,7,6,6,5,7,6,6,7,7,5,5,6,6,6,6,6,6,6,5,2,2,3,3,2,4,3,3,6,3,5,4,2,6,4,6,6,5,6,6,5,5,6,4,6,6,5,7,6,6,6,6,5,3,5,4,7,6,6,4,6,5,6,6,7,5,6,6,2,7,6,6,5,4,6,6,2,1,1,1,1,1,1,1,4,2,3,3,6,4,6,7,5,6,4,7,6,7,6,2,5,2,4,5,6,7,6,6,6,7,6,7,7,7,6,6,7,7,7,6,6,5,6,7,20,Female,White or Caucasian,3.5,Third year (Junior),YES,NA,480,420,33,181,8,42,8,35,8,48,8,52,8,52,10,58,10,70,10,66,10,54,6,36,6,35,5,29,5,12,3,10,5,20,4,22,3,17,3,16,12,21,12,66,12,67,TRUE,0,0,1,1,0,0,1,0,0,0,0,0,0,0,0,3,TRUE,1,0,0,0,0,0,0,0,0,0,0,0,0,0,0,0,0,0,0,0,0,0,0,0,0,0,0,0,0,0,0,0,1,0,0,0,0,0,0,0,0,0,0,0,0,0,0,0,0,250
41,100,2118,QPPQ,PRST,PWXQ,STWX,GFFG,QQBB,EGFH,KMTV,FUZG,CLXC,XDBK,CGVZ,VEBT,EJFK,HJMQ,"2,5,3","8,7,6,4,1","6,4,2","8,7,5,3,1","7,4,1","8,6,5,3,2","8,6,3,2","7,5,4,1","8,7,5,4,2","6,3,1",NA,NA,"8,6,5,3,1","7,4,2",NA,NA,NA,NA,NA,NA,NA,NA,NA,NA,NA,NA,NA,NA,NA,NA,NA,NA,NA,NA,4,3,6,4,5,5,4,4,2,4,4,4,5,5,4,2,4,5,3,3,4,5,5,4,5,5,4,3,3,5,5,5,5,5,5,5,6,2,5,4,5,3,5,5,5,3,5,4,2,3,3,5,5,2,5,4,5,6,3,5,5,4,5,5,6,4,6,6,5,6,5,4,5,6,4,5,5,5,4,5,6,5,3,5,5,3,5,2,7,1,4,4,4,5,4,5,6,6,6,5,3,4,3,2,6,3,5,4,2,2,3,3,5,6,5,5,4,5,3,5,5,3,3,5,5,4,4,6,3,2,3,5,2,3,3,5,3,4,4,4,5,4,6,4,3,3,4,2,3,5,4,3,3,3,3,4,3,2,3,5,4,5,3,4,4,3,3,3,3,4,5,3,3,3,5,3,4,5,5,5,5,4,5,4,5,4,6,4,3,5,6,5,3,3,4,4,4,4,4,4,5,5,5,20,Male,Asian,3.9,Second year (Sophomore),YES,NA,780,800,33,123,8,35,8,30,8,33,8,37,8,37,10,38,10,45,10,52,10,49,6,26,6,20,5,27,5,17,3,14,5,14,4,21,3,12,3,13,12,43,12,46,12,56,TRUE,1,1,1,1,1,1,1,0,1,1,1,1,1,0,0,12,TRUE,1,1,1,1,1,1,1,1,1,1,0,0,0,0,0,0,0,0,0,0,0,0,0,0,0,0,0,0,0,0,0,0,0,0,1,1,1,1,1,0,0,0,0,0,0,0,0,0,5,228
42,100,2238,QPPQ,PRST,PWXQ,STWX,GFFG,QQBB,EGFH,BODQ,FUZG,JCVC,TNLL,CGVZ,ZIFX,GKHM,DFIM,"2,5,3","1,6,4,8,7","4,6,2","5,8,7,3,1","7,4,1","8,6,5,3,2","8,2,6,3","5,4,7,1","8,5,4","1,6,7,3,2","7,8,6,5,4,3,2,1",NA,"2,8,3,1","5,7,6,4","5,8,3,2","1,7,6,4","3,1","6,5,7,2,4",8,"3,1","4,5,2,8","7,6","4,6","1,5,3","7,8,2","3,4","1,8,5,6","2,7","8,1","4,2,5","3,6,7",NA,NA,NA,7,5,6,5,7,7,6,7,6,6,6,5,6,6,4,6,4,5,6,5,5,5,5,6,5,6,5,6,3,6,6,6,6,4,4,5,5,4,5,5,6,7,6,6,7,4,7,7,5,5,5,7,7,6,6,6,7,7,6,6,4,6,7,6,7,7,5,6,7,7,7,5,5,5,3,7,5,5,5,7,7,5,5,4,5,4,5,6,7,3,4,4,5,5,5,6,6,6,4,2,2,5,4,3,6,3,6,2,2,2,2,3,5,6,6,6,5,4,5,5,4,3,6,5,5,5,4,5,4,4,6,5,6,4,3,5,5,5,4,5,3,3,3,3,5,6,5,3,3,7,5,5,5,4,6,6,6,5,2,5,5,2,5,6,5,3,3,4,3,3,4,5,5,3,6,3,3,4,3,6,6,5,3,6,6,6,6,6,3,6,4,5,6,2,6,1,4,5,6,6,6,6,6,22,Female,Black or African American,3.5,Fourth year (Senior),YES,NA,640,730,33,152,8,50,8,45,8,41,8,46,8,38,10,59,10,62,10,65,10,54,6,28,6,27,5,27,5,16,3,15,5,11,4,23,3,14,3,12,12,53,12,46,12,63,TRUE,1,1,1,1,1,1,1,1,1,0,0,1,0,1,0,11,TRUE,1,1,1,1,1,1,1,1,0,0,0,0,0,0,0,0,0,0,0,1,0,0,1,1,1,0,0,0,0,0,0,0,0,0,1,1,1,1,0,0,0,0,0,0,1,0,0,0,5,246
43,100,1994,QPPQ,PRST,PWXQ,STWX,GFFG,QQBB,EGFH,BODQ,FUZG,CLXC,NA,CGVZ,VEBT,GKHM,DFIM,"2,5,3","4,8,7,6,1","6,4,2","8,7,5,3,1","7,4,1","8,6,5,3,2","8,6,3,2","7,5,4,1","8,7,5,4,2","6,3,1","8,5,4,3,2","7,6,1","8,5,3,1","7,6,4,2","6,7,1,5","3,2,8,4","3,5,1","7,4","8,6,2","3,1","7,4","8,5,6,2","6,4","5,3,1","8,7,2","4,2,5","1,3,8","6,7","3,8,7,6","1,2","4,5","2,5","7,3,8","4,1,6",6,6,6,7,7,6,3,6,3,5,3,2,2,4,2,3,5,2,6,6,3,5,2,6,4,6,5,6,3,5,5,6,6,2,2,4,2,1,1,2,2,7,6,6,5,3,7,6,4,3,2,7,7,5,7,4,7,7,7,7,7,4,6,5,5,5,5,3,5,5,5,3,4,5,1,4,5,1,2,2,4,2,5,7,7,7,7,6,7,2,5,7,5,7,7,7,7,7,7,2,2,6,6,1,6,7,7,2,5,5,6,2,2,6,6,6,2,2,5,6,5,1,5,6,6,5,6,6,3,4,5,6,7,6,6,6,3,6,6,5,5,4,6,5,3,6,6,6,2,6,5,5,6,5,6,6,6,2,2,2,1,3,5,3,5,3,5,6,6,4,7,7,7,1,2,1,1,5,7,5,5,5,2,6,6,6,6,6,2,6,3,7,6,6,6,5,5,6,7,6,7,7,6,22,Female,two or more races,4.1,Fourth year (Senior),YES,34,NA,NA,33,173,8,47,8,24,8,35,8,43,8,16,10,49,10,65,10,48,10,31,6,35,6,32,5,35,5,17,3,20,5,20,4,20,3,9,3,12,12,43,12,54,12,58,TRUE,1,1,1,1,1,1,1,1,1,1,0,1,1,1,0,13,TRUE,1,1,1,1,1,1,1,1,1,1,0,0,0,0,0,0,0,0,0,1,1,1,1,1,1,0,0,0,1,1,1,1,1,1,1,1,1,1,1,0,0,0,0,1,1,0,1,1,9,249
44,100,1717,QPPQ,PRST,PWXQ,STWX,GFFG,QQBB,EGFH,CERT,VIJW,CFCR,XDBK,CGVZ,VEBT,PSQT,DFIM,"5,2,3","8,7,6,4,1","6,4,2","8,7,5,3,1","7,4,1","8,6,5,3,2","8,6,3,2","7,5,4,1","7,6,5,4","8,3,2,1","8,7,3,1","4,5,6,2","8,6,5,3,1","4,7,2","8,7,3,1","6,5,4,2",5,"4,7,3,2","8,6,1","3,1","7,4","5,8,6,2","6,4","5,3,1","8,7,2","1,5,2","3,4,7","8,6","2,7","1,6,4","3,5,8","2,5","3,8,7","1,6,4",4,4,5,3,6,5,6,5,5,5,3,6,5,4,5,3,3,5,6,5,6,6,6,6,6,6,6,6,3,6,6,6,6,6,6,6,6,5,6,6,6,5,5,5,5,3,5,5,3,3,3,6,6,4,6,6,6,6,5,6,6,6,6,6,6,6,6,6,6,6,6,5,5,5,2,5,5,2,5,6,5,6,6,5,5,6,6,6,7,3,6,6,5,5,5,5,5,6,6,3,3,5,5,4,5,2,5,4,5,5,3,5,6,6,6,6,5,4,6,6,6,7,5,5,5,3,5,5,5,2,5,6,3,5,5,6,5,6,5,5,3,6,6,6,5,6,6,2,5,6,5,5,5,4,5,3,3,5,3,4,3,5,3,5,5,2,3,3,3,5,4,5,3,2,3,5,5,6,7,5,5,6,6,4,5,5,6,6,3,6,5,6,3,3,6,6,5,6,6,6,6,6,6,22,Male,Asian,3.9,Fourth year (Senior),YES,NA,780,790,33,161,8,38,8,36,8,43,8,48,8,47,10,42,10,57,10,60,10,45,6,34,6,31,5,27,5,20,3,12,5,22,4,24,3,15,3,19,12,44,12,51,12,62,TRUE,1,1,1,1,1,1,1,0,0,0,1,1,1,0,0,10,TRUE,1,1,1,1,1,1,1,1,0,0,0,0,0,0,0,0,0,0,0,1,1,1,1,1,1,0,0,1,0,0,0,1,1,1,1,1,1,1,0,0,0,0,0,1,1,0,0,1,7,250
45,100,1638,QPPQ,PRST,PWXQ,STWX,GFFG,QQBB,EGFH,BODQ,FUZG,CLXC,XDBK,CGVZ,VEBT,PSQT,HJMQ,"2,5,3","8,4,7,6,1","4,6,2","8,7,5,3,1","7,4,1","2,3,5,6,8","6,3,2","7,8,5,4,1","8,7,5,4,2","6,3,1",NA,NA,"8,7,5,3,1","2,4,6","6,8,3,5,1","7,2,4","6,2,1","8,7,3","5,4","3,1","7,4","8,6,5,2","4,6","1,5,3","2,7,8",NA,NA,NA,"3,8,6,7","1,2","4,5","2,5","8,7,3","1,6,4",5,5,5,6,6,6,5,6,3,5,5,5,5,5,5,4,4,5,5,5,5,5,6,6,6,6,6,6,3,7,6,7,6,7,6,6,7,6,5,6,5,7,6,5,5,4,6,5,5,5,5,6,6,6,6,6,6,6,6,6,6,6,6,5,6,6,6,6,6,5,6,5,5,6,6,6,5,6,5,6,6,6,6,6,6,6,6,6,7,5,6,6,5,6,6,5,5,4,5,3,3,2,4,2,4,3,4,4,6,5,5,6,6,6,3,6,5,5,5,6,6,4,4,5,5,4,5,6,6,5,5,5,3,4,4,5,3,5,6,6,5,5,5,5,5,6,5,3,5,6,5,6,5,6,6,6,5,5,5,4,5,5,5,5,5,3,5,5,6,5,5,4,5,2,2,3,3,6,4,6,5,5,5,6,6,6,6,5,2,3,3,5,6,5,5,6,6,6,6,5,5,6,6,18,Male,Asian,3.225,First year (Freshman),YES,NA,750,800,33,164,8,44,8,37,8,41,8,50,8,48,10,53,10,60,10,58,10,56,6,36,6,34,5,25,5,14,3,11,5,26,4,21,3,15,3,16,12,58,12,50,12,58,TRUE,1,1,1,1,1,1,1,1,1,1,1,1,1,0,0,13,TRUE,1,1,1,1,1,1,0,0,1,1,0,0,1,1,0,0,0,0,0,1,1,1,1,1,1,0,0,0,1,1,1,1,1,1,1,1,1,0,1,0,1,0,0,1,1,0,1,1,9,245
47,100,89771,QPPQ,PRST,PWXQ,STWX,GFFG,QQBB,EGFH,BODQ,FUZG,CLXC,XDBK,CGVZ,VEBT,PSQT,DFIM,"3,5,2","8,7,6,4,1","6,4,2","8,7,5,3,1","7,4,1","8,6,5,3,2","8,6,3,2","7,5,4,1",NA,NA,NA,NA,NA,NA,NA,NA,NA,NA,NA,"3,1","7,4","8,6,5,2","4,6","5,1,3","2,8,7","2,7,5","1,4,3","6,8","3,6,7,8","1,2","4,5","2,5","3,7,8","1,4,6",7,6,6,4,7,7,7,6,5,7,6,7,6,7,5,7,3,5,6,5,5,4,6,7,7,6,6,6,3,6,6,7,6,7,4,6,7,6,7,7,6,7,7,7,7,2,7,6,1,3,4,7,7,7,7,7,7,7,7,7,7,5,6,7,7,7,5,7,6,6,6,7,3,5,3,7,4,4,5,7,5,7,7,6,7,7,6,5,7,5,7,6,7,7,6,5,6,6,5,1,1,5,1,1,2,3,4,1,7,4,5,1,7,7,7,7,5,3,2,6,7,6,6,7,6,6,6,5,4,6,7,6,7,6,6,7,5,6,7,6,5,6,3,6,5,6,6,5,4,7,5,7,3,6,6,7,7,7,2,3,3,3,2,2,2,3,3,7,7,7,7,6,6,6,5,3,3,7,6,6,7,6,3,6,7,7,7,6,3,5,6,7,5,6,6,6,6,5,7,7,7,7,7,22,Female,White or Caucasian,3.89,Fourth year (Senior),YES,35,740,770,33,189,8,50,8,50,8,41,8,50,8,50,10,51,10,70,10,62,10,50,6,40,6,37,5,28,5,9,3,9,5,18,4,28,3,10,3,19,12,44,12,70,12,69,TRUE,1,1,1,1,1,1,1,1,1,1,1,1,1,0,0,13,TRUE,1,1,1,1,1,1,1,1,0,0,0,0,0,0,0,0,0,0,0,1,1,1,1,1,1,1,1,1,1,1,1,1,1,1,1,1,1,1,0,0,0,0,0,1,1,1,1,1,9,239
48,100,2178,QPPQ,PRST,PWXQ,STWX,GFFG,QQBB,OPRQ,CERT,FUZG,CLXC,XDBK,CGVZ,VEBT,GKHM,KIFB,"5,3,2","8,7,6,4,1","4,2,6","3,8,7,5,1","7,4,1","8,6,5,3,2","8,6,3,2","7,5,4,1","8,7,5,4,2","6,3,1","7,3,5,4,1","8,2,6","8,7,5,3,1","6,4,2","8,5,4,2,1","6,7,3","3,1","4,5,7,8","2,6","3,1","7,4","6,8,5,2","4,6,7","3,5,1",2,NA,NA,NA,NA,NA,NA,NA,NA,NA,7,7,7,5,7,7,7,7,6,7,7,4,7,6,5,7,5,5,7,6,5,5,5,6,6,7,7,6,3,7,7,6,6,6,6,6,7,6,6,7,6,7,6,7,7,3,7,6,3,5,3,7,7,7,7,7,7,7,7,7,7,7,7,7,7,7,7,7,7,7,7,7,3,7,2,7,5,6,6,7,7,6,6,5,6,5,5,3,7,5,6,6,6,6,5,6,5,5,5,2,3,5,5,5,5,5,5,5,6,6,6,6,5,6,6,7,3,4,5,6,6,5,6,6,6,7,6,7,6,6,6,5,7,6,6,7,6,6,6,6,6,6,6,6,6,7,6,6,5,6,5,7,6,6,5,5,3,2,2,2,1,2,2,3,2,3,2,6,6,3,5,6,5,5,3,6,6,7,7,6,6,7,6,6,6,7,6,6,5,6,6,7,3,7,6,7,5,6,7,5,7,7,7,20,Female,White or Caucasian,3.5,Third year (Junior),YES,NA,700,700,33,200,8,54,8,49,8,44,8,52,8,50,10,54,10,70,10,70,10,57,6,33,6,32,5,26,5,20,3,15,5,29,4,24,3,12,3,17,12,29,12,65,12,73,TRUE,1,1,1,1,1,1,0,0,1,1,1,1,1,1,1,13,TRUE,1,1,1,1,1,1,1,1,1,1,0,0,1,1,0,0,0,0,0,1,1,1,0,1,0,0,0,0,0,0,0,0,0,0,1,1,1,1,1,0,1,0,0,1,0,0,0,0,7,241
49,100,3170,QPPQ,FGHI,JVZK,BCEF,GFFG,AAPP,ABDC,KMTV,VIJW,CFCR,TNLL,CEIZ,VEBT,GKHM,KGDB,"5,3,2","8,7,6,4,1","6,4,2","8,7,5,3,1","7,4,1","8,6,5,3,2","8,6,3,2","7,5,4,1","8,7,5,4,2","6,3,1","5,4,3,1","8,7,6,2",NA,NA,NA,NA,NA,NA,NA,"3,1","7,4","8,6,5,2","4,6","3,5,1","7,8,2","8,7,2,5","1,4","3,6","1,7","2,5,6","3,4,8","2,5","8,7,3","1,4,6",5,5,5,7,7,4,4,5,4,5,5,6,5,4,5,5,6,5,6,4,3,4,4,3,6,5,6,6,3,6,5,6,5,5,5,4,4,3,5,4,5,6,4,4,4,4,6,3,2,4,3,6,5,6,5,5,5,6,6,5,4,6,5,6,5,5,6,7,5,6,6,7,5,6,4,6,4,5,5,6,5,5,3,5,5,5,5,2,7,3,5,5,5,5,5,5,5,5,3,4,4,6,5,5,2,5,5,3,6,5,5,3,5,5,5,6,3,4,6,6,6,6,5,5,5,4,4,6,6,5,3,5,5,5,6,5,5,5,5,5,5,5,3,4,5,6,6,5,5,6,5,5,5,6,3,6,6,5,5,5,5,5,6,5,5,5,5,6,7,6,7,5,5,4,4,5,5,5,3,5,5,3,2,7,5,5,5,5,3,3,3,5,5,5,5,5,6,5,5,5,5,6,3,21,Female,White or Caucasian,3.919,Fourth year (Senior),NO,NA,NA,NA,33,163,8,42,8,39,8,35,8,45,8,35,10,40,10,53,10,57,10,53,6,28,6,25,5,23,5,24,3,12,5,22,4,21,3,13,3,18,12,63,12,62,12,51,TRUE,1,0,0,0,1,0,0,0,0,0,0,0,1,1,0,4,TRUE,1,1,1,1,1,1,1,1,1,1,0,0,0,0,0,0,0,0,0,1,1,1,1,1,1,0,0,0,0,0,0,1,1,1,1,1,1,1,1,0,0,0,0,1,1,0,0,1,8,243
50,100,2186,QPPQ,PRST,PWXQ,STWX,GFFG,QQBB,EGFH,BODQ,FUZG,CLXC,NA,CAUZ,KXVH,GKHM,DFIM,"5,3,2","8,7,6,4,1","6,4,2","8,1,3,5,7","7,4,1","8,6,5,3,2","8,6,3,2","7,5,4,1","4,7,8,2","6,1,5,3","3,7,8,5,4,1","6,2","7,8,5,3,1","6,4,2","5,8,3,1","7,6,4,2",1,"5,4,7,2","6,8,3","3,1","7,4","8,6,2,5","4,6","5,3,1","7,8,2",4,"1,8,6,3","2,5,7","6,7","1,2","8,4,3,5","5,2","7,3,8","1,6,4",4,3,4,2,6,6,2,3,5,7,5,5,5,6,5,5,6,6,5,5,4,5,5,4,4,5,5,4,3,6,5,5,5,6,5,6,4,3,4,6,5,6,4,5,5,3,6,4,2,3,2,6,3,6,5,6,6,5,5,3,3,7,7,5,7,5,7,4,6,5,5,6,3,6,5,3,5,4,6,7,6,6,7,5,7,6,6,6,7,5,5,6,5,6,4,3,3,4,3,2,4,5,5,3,3,5,3,5,3,3,6,4,6,7,4,6,5,6,5,3,3,2,5,6,6,6,6,6,7,5,7,6,3,3,5,6,5,6,7,6,7,6,4,6,5,2,6,2,7,6,6,3,5,5,6,3,5,5,6,5,2,2,4,3,4,2,2,5,5,6,7,5,6,4,6,6,2,3,7,5,6,7,6,6,4,3,6,6,1,3,2,3,5,5,3,5,6,5,5,6,6,7,7,20,Male,Hispanic or Latino,3.26,Third year (Junior),YES,NA,720,710,33,177,8,30,8,43,8,40,8,39,8,39,10,40,10,48,10,58,10,51,6,37,6,33,5,17,5,19,3,11,5,21,4,23,3,16,3,8,12,43,12,62,12,55,TRUE,1,1,1,1,1,1,1,1,1,1,0,0,0,1,0,11,TRUE,1,1,1,1,1,1,1,1,0,0,0,0,1,1,0,0,0,0,0,1,1,1,1,1,1,0,0,0,0,1,0,1,1,1,1,1,1,1,0,0,1,0,0,1,1,0,0,1,8,249
51,100,1113,HGHH,PRST,JVZK,BCEF,QRRQ,DDSS,EGFH,FHXZ,SEFT,CFCR,PFCC,CAUZ,KXVH,GKHM,KGDB,"5,2,3","7,8,4,6,1","7,6,4,2","8,5,3,1","7,4,1","8,6,5,3,2","8,6,3,2","7,5,4,1","8,5,4,2","7,6,3,1","5,7,4,3,1","8,6,2","8,7,5,3,1","6,4,2","6,5,4,3,2","8,1,7","8,5,4,1","6,2","7,3","1,3","8,7,6","2,5,4","6,4","5,3,1","8,7,2","3,1,2","5,8","6,7,4","7,8,5","1,2","3,6,4","5,2","3,7,8","1,6,4",7,6,7,7,7,7,5,7,5,6,6,7,7,5,6,6,6,6,7,6,5,5,5,5,6,6,7,7,3,6,6,7,7,7,6,6,6,7,7,5,6,6,6,6,6,6,7,6,7,5,7,7,7,7,7,7,7,7,7,7,5,7,7,7,7,7,7,7,7,7,7,6,5,5,6,6,5,5,5,6,5,4,7,5,4,6,5,6,7,7,6,6,7,6,6,6,6,5,7,3,3,7,6,5,6,6,6,3,6,6,2,6,3,7,6,7,6,7,4,7,6,7,6,5,6,5,7,6,3,6,5,6,3,3,5,6,7,6,5,5,5,5,3,5,6,5,7,5,5,5,5,5,5,6,6,6,6,5,5,5,5,3,5,5,6,3,3,6,6,5,5,5,5,3,4,6,6,5,4,5,7,5,3,3,4,6,7,5,2,3,3,5,6,6,6,5,5,5,5,7,7,7,7,20,Female,Asian American,3.75,Second year (Sophomore),YES,NA,790,760,33,173,8,53,8,48,8,45,8,52,8,50,10,62,10,68,10,70,10,54,6,31,6,38,5,30,5,24,3,18,5,23,4,23,3,17,3,20,12,57,12,60,12,53,TRUE,0,1,0,0,0,0,1,0,0,0,0,0,0,1,0,3,TRUE,1,1,0,0,1,1,1,1,0,0,0,0,1,1,0,0,0,0,0,1,0,0,1,1,1,0,0,0,0,1,0,1,1,1,1,0,1,1,0,0,1,0,0,0,1,0,0,1,6,250
52,100,1709,QPPQ,PRST,PWXQ,STWX,GFFG,QQBB,UVXW,BODQ,FUZG,CLXC,XDBK,CIOZ,KXVH,GKHM,DFIM,"5,3,2","6,8,7,4,1","8,6,4,2","7,5,3,1","7,4,1","8,6,5,3,2","8,6,3,2","7,5,4,1","8,5,4,2","7,6,3,1","5,4,3,2,1","8,7,6","7,8,5,2,1","4,6,3","7,5,3,2","8,6,4,1","8,5,1","7,4,2,6",3,"3,1","7,4","8,6,5,2","6,4","5,3,1","7,8,2","2,7,5","1,3,4","6,8","6,7","2,1","3,4,5,8","5,2","3,8,7","1,6,4",7,4,5,5,6,5,6,5,4,5,5,5,5,5,5,5,4,5,5,5,4,4,7,6,6,4,7,7,3,5,7,7,6,5,6,5,7,6,5,5,5,6,7,7,7,6,7,5,5,3,6,7,6,7,7,7,7,7,7,7,7,6,6,6,6,6,6,6,6,6,6,7,6,7,2,7,6,4,7,7,7,5,6,4,6,5,5,4,7,4,5,4,5,6,6,6,6,5,5,2,4,5,4,3,2,4,4,4,3,5,2,5,6,7,6,6,5,4,6,6,6,6,5,5,3,7,6,5,4,2,6,4,5,4,7,6,5,7,3,6,3,6,6,3,3,7,5,3,4,6,5,7,6,6,6,5,6,2,1,4,4,2,1,3,4,2,3,5,7,7,7,3,6,3,5,5,3,7,6,5,7,4,3,6,6,6,7,6,6,6,6,2,3,4,5,4,6,5,2,3,5,5,4,20,Female,Asian American,3.5,Second year (Sophomore),YES,36,NA,NA,33,166,8,43,8,39,8,40,8,49,8,44,10,59,10,69,10,60,10,60,6,31,6,28,5,28,5,18,3,10,5,19,4,25,3,15,3,18,12,37,12,64,12,68,TRUE,1,1,1,1,1,1,0,1,1,1,1,0,0,1,0,11,TRUE,1,1,0,0,1,1,1,1,0,0,0,0,0,0,0,0,0,0,0,1,1,1,1,1,1,1,1,1,0,1,0,1,1,1,1,0,1,1,0,0,0,0,0,1,1,1,0,1,7,250
53,100,2578,HGHH,PRST,PWXQ,CDFG,LMML,QQBB,EGFH,CERT,COPD,CLXC,XDBK,CGVZ,VEBT,PSQT,KGDB,"5,3,2","1,8,4,6,7","6,4,2","8,3,7,5,1","7,4,1","8,6,5,3,2","6,3,2,8","4,7,5,1","4,5,3,1,2","8,6,7","6,4,5,3,1","8,7,2","8,7,5,4,3,1","6,2","6,4,3,2,1","8,7,5","5,7,4","3,6,2","8,1","3,1","4,7","8,5,6,2","4,6","2,1,5","8,7,3","4,7","8,6,1,3","2,5","2,7","1,6","4,8,3,5","5,2","3,8,7","1,6,4",6,5,4,5,6,6,5,5,5,5,5,6,3,5,4,4,5,5,5,6,4,6,5,6,7,6,7,6,3,6,6,7,7,7,7,7,6,7,7,6,6,6,7,7,6,7,7,7,5,7,7,7,7,2,2,7,3,7,4,7,7,7,7,7,7,7,7,7,7,7,7,6,5,7,3,6,6,5,6,2,7,6,7,5,5,7,5,6,7,5,6,6,7,6,7,7,6,7,7,6,2,5,5,5,5,5,6,3,7,7,3,5,5,7,4,5,6,4,7,3,7,1,7,7,7,6,3,7,6,7,7,7,3,6,7,6,7,6,7,7,7,7,4,7,7,6,4,7,7,7,6,7,7,6,4,5,5,4,2,4,1,5,4,4,4,5,5,5,7,7,7,7,7,1,7,4,3,4,1,6,6,5,5,5,6,7,7,5,2,4,5,6,5,5,6,6,6,6,6,6,7,7,7,18,Male,White or Caucasian,3.4,Second year (Sophomore),YES,NA,640,710,33,206,8,42,8,37,8,42,8,52,8,53,10,66,10,53,10,70,10,53,6,35,6,36,5,34,5,23,3,16,5,25,4,21,3,17,3,11,12,48,12,60,12,63,TRUE,0,1,1,0,0,1,1,0,0,1,1,1,1,0,0,8,TRUE,1,1,1,1,1,1,1,1,0,0,0,0,0,0,0,0,0,0,1,1,1,1,1,0,0,0,0,0,0,0,0,1,1,1,1,1,1,1,0,0,0,0,0,1,0,0,0,1,6,250
54,100,2088,QPPQ,JKLM,FVZG,STWX,GFFG,EETT,EGFH,KMTV,VIJW,CGCS,TNLL,CIOZ,XGDV,EJFK,HJMQ,"8,7,3","6,4,2","5,2,4","3,7,1","1,7,3","8,4,2","1,7,3","5,4,8","2,5,4","1,3,6","3,6,1","2,8,5","7,5,1","6,8,4","7,4,1","8,6,3","5,6,3","8,4,1","7,2","7,5,1","2,8,6","4,3","6,4","5,3,1","8,7,2","3,8,4","2,1","5,7,6","1,2","3,5","4,6","1,2,5","3,8","4,7,6",6,5,6,6,5,5,4,6,6,6,6,6,6,6,6,6,5,1,4,2,3,3,4,6,6,6,6,6,3,6,6,6,5,5,5,3,5,6,2,6,5,4,6,3,5,3,5,3,2,3,3,7,6,4,7,3,6,7,5,7,3,5,5,5,5,5,5,6,5,6,5,5,3,5,5,5,5,4,6,6,5,2,6,5,6,2,2,5,7,2,6,6,6,2,5,6,5,6,3,2,5,5,5,5,6,6,6,6,6,5,5,5,3,5,5,5,3,5,5,5,5,2,5,6,6,6,5,6,6,6,6,6,6,6,3,5,4,6,6,2,5,5,6,5,6,5,5,5,5,4,1,5,5,2,2,5,6,2,3,3,2,6,6,2,3,3,3,5,5,5,3,5,3,3,5,5,5,6,7,5,3,5,5,5,5,4,5,5,3,4,5,7,5,5,5,6,5,5,6,5,6,5,6,21,Male,White or Caucasian,3.9,Fourth year (Senior),NO,NA,NA,NA,33,162,8,43,8,48,8,28,8,47,8,37,10,37,10,55,10,52,10,49,6,23,6,27,5,25,5,22,3,18,5,27,4,18,3,13,3,12,12,44,12,57,12,54,TRUE,1,0,0,1,1,0,1,0,0,0,0,0,0,0,0,4,TRUE,0,0,0,0,0,0,0,0,0,1,0,0,0,0,0,0,0,0,0,0,0,0,1,1,1,0,0,0,0,0,0,0,0,0,0,0,0,0,0,0,0,0,0,0,1,0,0,0,1,250
55,100,3026,QPPQ,PRST,PWXQ,STWX,GFFG,QQBB,EGFH,NA,NA,NA,NA,NA,NA,NA,NA,"2,5,3","4,8,7,6,1","6,2,4","7,8,5,3,1","7,4","1,5,8,2,6,3","2,6,3","7,4,8,5,1",NA,NA,NA,NA,NA,NA,NA,NA,NA,NA,NA,NA,NA,NA,NA,NA,NA,NA,NA,NA,NA,NA,NA,NA,NA,NA,2,5,5,5,4,5,5,5,3,4,4,5,5,4,5,4,5,5,5,5,7,7,5,6,4,4,5,2,3,5,5,5,4,4,2,5,3,3,4,2,1,3,6,6,6,1,3,3,2,2,6,4,4,4,4,4,4,5,4,4,1,3,3,5,3,3,3,6,3,3,6,7,4,7,2,5,2,7,6,7,7,2,4,6,4,5,5,2,7,3,6,4,2,6,5,5,6,4,6,3,4,3,2,2,4,4,5,1,1,1,3,1,5,3,2,6,7,6,7,7,5,1,2,6,5,5,5,6,5,6,6,5,7,6,3,7,6,3,5,5,6,4,6,6,2,5,5,5,5,5,5,6,4,4,5,4,3,2,1,4,4,4,5,2,2,1,2,6,6,6,6,3,4,5,4,6,4,7,3,2,4,4,6,5,5,2,6,4,3,4,6,6,5,3,1,1,1,1,5,3,1,1,1,18,Male,prefer not to answer,4,First year (Freshman),YES,NA,800,800,33,166,8,36,8,34,8,45,8,34,8,24,10,38,10,38,10,38,10,54,6,26,6,23,5,26,5,14,3,13,5,7,4,16,3,20,3,13,12,34,12,60,12,51,TRUE,1,1,1,1,1,1,1,0,0,0,0,0,0,0,0,7,TRUE,1,1,1,1,0,0,0,0,0,0,0,0,0,0,0,0,0,0,0,0,0,0,0,0,0,0,0,0,0,0,0,0,0,0,1,1,0,0,0,0,0,0,0,0,0,0,0,0,2,216
56,100,2203,QPPQ,PRST,PWXQ,STWX,GFFG,QQBB,EGFH,KMTV,VIJW,CFCR,XDBK,CGVZ,XGDV,PSQT,KGDB,"3,5,2","7,6,8,1,4","2,6,4","8,7,3,5,1","5,6,1,3","8,7,4,2","6,8,3,2","7,5,4,1","8,5,6,3,2,1","7,4","8,3,2,1","6,7,4,5","8,3,6,1,2","7,5,4","7,6,2,1","8,3,5,4","2,1,7","3,6,5","8,4","3,1","7,4","2,6,8,5","4,6","5,3,1","2,7,8","3,2,8,6","1,4,7",5,"3,7,8","1,2","5,4,6","5,2","8,3,7","6,4,1",4,5,6,3,6,6,7,5,5,6,5,7,5,5,5,6,6,4,4,5,5,6,5,6,6,4,6,5,3,6,6,7,5,5,5,5,6,5,4,5,4,6,6,6,6,4,7,5,4,4,4,6,5,5,7,6,6,6,6,5,5,4,5,6,5,4,5,5,5,5,5,7,7,5,1,6,5,4,2,4,5,4,5,5,4,5,3,3,7,2,5,3,4,4,7,6,6,6,6,2,4,5,3,4,5,5,5,2,4,5,4,2,5,6,3,5,5,4,4,6,3,2,5,3,3,5,6,5,5,5,7,3,6,4,3,5,6,3,6,6,5,4,3,6,5,5,7,5,5,5,6,6,5,6,6,6,5,3,2,6,5,7,3,5,5,6,5,3,3,7,7,5,6,6,2,5,6,5,6,5,5,5,2,5,5,5,6,4,3,4,3,6,2,2,3,5,3,3,7,7,7,7,7,22,Male,Hispanic or Latino,3.71,Fourth year (Senior),YES,NA,710,800,33,165,8,42,8,44,8,41,8,45,8,39,10,52,10,57,10,49,10,46,6,26,6,21,5,31,5,18,3,15,5,17,4,19,3,13,3,11,12,58,12,61,12,52,TRUE,1,1,1,1,1,1,1,0,0,0,1,1,0,0,0,9,TRUE,1,1,1,1,0,0,1,1,0,0,0,0,0,0,0,0,0,0,0,1,1,1,1,1,1,0,0,0,0,1,0,1,1,1,1,1,0,1,0,0,0,0,0,1,1,0,0,1,6,250
58,100,2339,MLMM,PRST,PWXQ,STWX,WXXW,CCRR,UVXW,BODQ,COPD,KCWC,PFCC,CAUZ,MZXJ,PSQT,HJMQ,"2,3,5","7,6,4,1,8","6,4,2","8,7,5,3,1","7,4,1","8,6,5,3,2","8,6,3,2","7,5,4,1","7,6,5,4,2","8,3,1","8,2","7,6,5,4,3,1","8,5,7,3,1","6,4,2",NA,NA,NA,"5,4,3,2",1,"3,1","7,4","8,6,5,2","4,6","3,1,5","2,7,8","2,7,5","1,4,3","6,8","1,7","2,4,6","3,5,8","2,5","3,8,7","1,6,4",6,6,6,7,6,6,6,6,5,6,4,6,4,6,6,6,7,6,6,6,6,6,6,6,6,6,6,6,3,6,6,6,6,6,6,6,6,6,4,6,6,6,4,6,6,6,6,6,6,6,6,6,6,6,6,6,3,6,6,6,6,6,6,6,6,6,6,6,6,6,6,6,6,6,6,6,6,6,6,6,6,6,6,6,6,6,6,6,7,6,6,6,6,6,6,6,6,6,6,2,2,4,4,4,3,2,5,3,4,6,5,4,6,6,6,6,2,2,5,6,5,2,4,6,6,6,6,6,6,6,6,6,4,5,5,6,3,6,6,6,4,6,4,6,3,6,6,6,6,7,4,6,6,4,5,3,5,4,3,4,1,2,3,4,3,4,4,3,1,3,6,1,5,4,2,4,6,1,7,6,6,6,6,6,6,6,4,6,2,6,2,6,6,6,6,6,6,6,6,6,6,6,6,20,Female,Asian,3.9,Third year (Junior),YES,35,NA,NA,33,178,8,49,8,43,8,49,8,48,8,46,10,58,10,57,10,60,10,60,6,36,6,36,5,30,5,16,3,10,5,22,4,24,3,9,3,13,12,40,12,43,12,62,TRUE,0,1,1,1,0,0,0,1,0,0,0,0,0,0,0,4,TRUE,1,1,1,1,1,1,1,1,0,0,0,0,1,1,0,0,0,0,0,1,1,1,1,1,1,1,1,1,0,0,0,1,1,1,1,1,1,1,0,0,1,0,0,1,1,1,0,1,9,247
59,100,2105,QPPQ,PRST,PWXQ,STWX,GFFG,QQBB,EGFH,BODQ,FUZG,CLXC,XDBK,CGVZ,VEBT,GKHM,KGDB,"5,3,2","8,7,6,4,1","6,4,2","8,5,7,3,1","7,4,1","8,6,5,3,2","8,6,3,2","7,5,4,1","8,7,5,4,3,2","6,1","8,5,4,2","7,6,3,1","8,7,5,3,1","6,4,2","6,5,1","8,7,4,3,2","8,6","5,3,4,7","2,1","3,1","7,4","8,6,5,2","4,6","1,5,3","2,7,8","5,7,2","1,4,3","6,8","1,5,7","2,6","3,4,8","2,5","3,7,8","1,6,4",3,4,4,4,6,6,3,4,5,5,4,5,4,4,3,4,3,4,5,3,4,4,4,5,4,4,5,5,3,4,5,5,4,4,4,3,3,3,3,3,3,6,6,4,4,2,6,5,2,2,2,6,6,6,5,5,6,6,5,6,4,4,5,4,5,5,4,5,5,4,5,5,4,4,4,5,4,4,4,5,4,3,4,4,5,3,4,3,7,5,4,3,4,5,4,5,5,5,4,3,3,5,5,5,5,5,5,4,5,5,4,4,5,5,4,5,4,5,4,5,5,5,5,5,5,4,5,4,4,4,5,5,5,4,4,5,5,5,5,5,5,4,4,4,4,5,5,4,4,5,5,5,5,5,5,5,5,4,4,4,3,3,4,4,5,3,3,5,5,4,3,5,5,4,4,4,5,1,7,4,5,3,2,5,6,5,5,5,3,3,3,5,5,5,5,4,6,5,6,6,7,7,7,19,Female,Asian,3.96,Second year (Sophomore),YES,35,730,800,33,153,8,34,8,34,8,32,8,36,8,26,10,39,10,55,10,46,10,43,6,23,6,24,5,23,5,21,3,15,5,22,4,19,3,13,3,15,12,47,12,52,12,49,TRUE,1,1,1,1,1,1,1,1,1,1,1,1,1,1,0,14,TRUE,1,1,1,1,1,1,1,1,0,0,1,1,1,1,1,1,0,0,0,1,1,1,1,1,1,1,1,1,0,0,0,1,1,1,1,1,1,1,0,1,1,1,0,1,1,1,0,1,11,250
60,100,9075,QPPQ,PRST,PWXQ,STWX,GFFG,QQBB,EGFH,BODQ,FUZG,CLXC,VEGV,CGVZ,VEBT,AFBG,HJMQ,"5,3,2","8,7,6,4,1","6,4,2","8,7,5,3,1","7,4,1","8,6,5,3,2","8,6,3,2","7,5,4,1",NA,1,"5,4,3,2,1","7,8,6","8,3,2,1","7,6,4",NA,NA,NA,NA,NA,"1,3","7,4","8,6,5,2","4,6","3,5,1","2,8,7","2,4",1,"8,3",NA,NA,NA,NA,NA,NA,4,4,5,7,6,6,6,6,1,4,3,5,6,5,5,4,5,4,6,4,3,4,5,5,5,5,5,5,3,5,4,5,7,6,6,5,7,6,6,6,6,6,7,6,6,7,7,6,3,3,3,7,7,5,6,4,6,7,6,7,7,5,6,5,5,5,5,5,5,5,5,6,3,7,2,7,6,3,6,7,7,6,7,5,6,6,5,7,7,5,7,7,6,5,6,6,6,6,6,2,2,5,4,3,5,6,6,2,3,3,2,6,6,7,5,7,4,3,6,6,6,5,6,6,6,6,3,6,5,7,6,6,3,5,6,6,6,6,6,6,5,5,5,6,6,7,6,6,6,2,6,6,6,6,6,6,4,5,5,3,5,5,1,5,3,3,3,4,2,6,3,3,5,2,4,3,6,5,1,6,6,6,5,5,5,6,6,5,3,5,5,6,2,6,7,7,6,6,6,2,6,6,7,22,Male,White or Caucasian,3.3,Fourth year (Senior),YES,NA,730,710,33,185,8,44,8,33,8,36,8,41,8,48,10,54,10,62,10,51,10,54,6,35,6,37,5,30,5,16,3,17,5,16,4,25,3,13,3,17,12,48,12,44,12,63,TRUE,1,1,1,1,1,1,1,1,1,1,0,1,1,0,0,12,TRUE,1,1,1,1,1,1,1,1,0,0,0,0,0,0,0,0,0,0,0,1,1,1,1,1,1,0,0,0,0,0,0,0,0,0,1,1,1,1,0,0,0,0,0,1,1,0,0,0,6,238
61,100,2340,QPPQ,PRST,PWXQ,BCEF,GFFG,DDSS,EGFH,CERT,COPD,CLXC,XDBK,CGVZ,VEBT,GKHM,DFIM,"2,5,3","8,7,6,4,1","4,6,2","8,7,5,3,1","7,4,1","8,6,5,3,2","8,6,3,2","7,5,4,1","8,5,4","7,6,3,2,1","6,5,4,2,1","8,7,3","3,2,6,5,1","8,7,4","4,5,1","3,8,6",NA,NA,NA,NA,NA,NA,NA,NA,NA,NA,NA,NA,NA,NA,NA,NA,NA,NA,5,6,6,5,6,6,4,5,4,5,5,3,4,6,4,4,6,4,5,6,4,5,5,6,4,6,5,5,3,4,7,5,7,5,4,6,6,5,5,5,4,6,6,6,6,6,6,5,6,6,7,7,6,5,7,5,7,7,7,7,7,5,7,5,5,6,6,6,5,6,5,5,4,6,4,5,6,6,6,6,7,3,6,4,4,3,3,6,7,6,7,4,6,5,5,5,6,4,3,4,3,5,4,7,2,2,3,6,5,6,5,4,4,6,6,4,7,4,5,6,4,6,3,4,7,5,6,5,2,4,6,7,6,4,4,6,3,5,6,6,5,6,5,6,4,6,6,2,4,6,6,4,7,6,4,4,4,4,2,2,1,3,2,3,3,2,2,6,7,4,4,6,4,3,1,6,4,5,1,5,5,6,6,5,4,6,7,4,3,6,6,6,6,5,5,4,6,6,5,5,5,5,5,19,Female,Asian,3.9,First year (Freshman),YES,NA,740,800,33,166,8,43,8,35,8,41,8,43,8,40,10,60,10,65,10,56,10,55,6,23,6,34,5,23,5,23,3,7,5,26,4,20,3,16,3,16,12,32,12,51,12,63,TRUE,1,1,1,0,1,0,1,0,0,1,1,1,1,1,0,10,TRUE,1,1,1,1,1,1,1,1,0,0,0,0,0,0,0,0,0,0,0,0,0,0,0,0,0,0,0,0,0,0,0,0,0,0,1,1,1,1,0,0,0,0,0,0,0,0,0,0,4,232
62,100,1454,QPPQ,PRST,PWXQ,STWX,GFFG,QQBB,EGFH,BODQ,SEFT,CGCS,VEGV,CGVZ,KXVH,EJFK,KGDB,"2,5,3","6,8,7,1,4","6,4,2","8,7,5,3,1","7,4,1","3,6,5,2,8","8,6,3,2","7,5,4,1","8,7,5,2,4","6,3,1","8,6,5,4,3,2","7,1","7,8,3,2,1","5,4,6","4,5,1","7,6,8,3,2","8,1,4","3,6,2","7,5","3,1","8,2,5","7,6,4","4,6","3,5,1","7,8,2","4,3,1","7,8","6,2,5","7,8,1","2,6","3,4,5","2,5","8,3,7","6,4,1",7,6,7,6,6,7,6,7,7,7,7,7,7,7,5,7,6,4,7,6,6,5,6,6,6,7,7,6,3,7,6,6,6,6,6,7,7,6,7,7,6,6,6,7,6,5,6,6,5,5,5,7,7,7,7,6,7,7,7,7,6,6,6,6,6,6,7,7,6,6,6,6,6,6,6,7,6,5,6,6,6,5,6,4,5,5,5,4,7,6,6,5,5,6,6,6,6,6,6,3,5,6,6,5,6,6,6,6,6,5,6,6,5,6,6,6,6,5,6,7,6,6,6,6,5,5,4,6,6,6,6,5,6,6,5,6,6,6,6,5,6,6,6,5,6,7,6,6,5,6,5,6,7,6,2,6,6,5,5,5,2,2,5,3,3,3,3,6,6,6,6,6,6,2,6,6,6,5,1,6,6,6,3,6,5,6,7,6,3,5,5,6,6,5,6,6,6,5,7,7,7,6,6,20,Male,Asian,3.914,Second year (Sophomore),YES,35,770,760,33,186,8,52,8,54,8,46,8,51,8,52,10,57,10,68,10,62,10,60,6,30,6,32,5,30,5,25,3,18,5,29,4,23,3,17,3,19,12,48,12,62,12,64,TRUE,1,1,1,1,1,1,1,1,0,0,0,1,0,0,0,9,TRUE,1,1,1,1,1,1,1,1,1,1,0,0,0,0,0,0,0,0,0,1,0,0,1,1,1,0,0,0,0,0,0,1,1,1,1,1,1,1,1,0,0,0,0,0,1,0,0,1,7,250
63,100,1933,QPPQ,PRST,PWXQ,STWX,GFFG,QQBB,EGFH,BODQ,FUZG,CLXC,XDBK,CGVZ,VEBT,GKHM,HJMQ,"2,5,3","4,6,7,8,1","6,4,2","7,8,5,3,1","1,7,4","3,8,6,5,2","3,6,8,2","7,5,4,1","1,4,5,8","6,2,7,3","8,7,2,5,4","1,3,6","5,8,2,1","7,4,3,6","2,7,6,1","8,4,5,3","1,3","6,7,4,5","2,8","3,1","4,7","5,6,8,2","7,3,2","8,6,1","4,5","2,6,5","1,8","4,7,3","4,7","2,3","5,8,6",2,NA,NA,6,7,4,3,5,5,5,4,6,7,3,6,6,7,3,7,6,5,6,5,5,7,5,6,7,5,5,6,3,6,7,6,5,4,2,4,5,3,6,3,4,5,5,7,5,2,6,6,2,1,1,7,5,6,7,6,7,7,7,7,4,5,7,6,4,5,5,5,6,6,6,7,5,4,4,7,5,6,5,7,7,7,7,6,7,6,6,6,7,5,7,4,6,7,7,7,7,7,7,1,2,6,4,2,3,5,4,4,5,5,3,5,6,6,5,7,1,2,5,6,6,5,5,3,4,5,6,5,3,4,3,4,5,6,4,6,5,7,6,5,5,7,6,6,5,7,6,6,6,6,5,5,6,5,6,6,3,2,2,1,2,2,1,5,3,2,2,6,7,5,7,3,4,5,5,5,7,6,1,5,7,6,4,6,6,7,6,5,2,3,4,6,6,6,5,6,5,7,7,7,7,7,7,20,Male,Black or African American,3.586,Third year (Junior),YES,NA,670,800,33,173,8,39,8,45,8,45,8,47,8,31,10,40,10,63,10,55,10,57,6,39,6,35,5,35,5,15,3,12,5,22,4,24,3,8,3,17,12,31,12,61,12,61,TRUE,1,1,1,1,1,1,1,1,1,1,1,1,1,1,0,14,TRUE,1,1,1,1,1,1,1,1,0,0,0,0,0,0,0,0,0,0,0,1,1,1,0,0,0,0,0,0,0,0,0,0,0,0,1,1,1,1,0,0,0,0,0,1,0,0,0,0,5,248
64,100,1357,QPPQ,PRST,PWXQ,STWX,GFFG,QQBB,EGFH,BODQ,FUZG,CLXC,ZAGZ,CGVZ,VEBT,GKHM,HJMQ,"3,5,2","8,4,1,7,6","6,4,2","8,7,5,3,1","8,5,6,4,3","7,2,1","8,6,3,2","7,5,4,1","8,7,5,4,2","6,3,1","6,5,4,2,1","8,7,3","8,5,3,2,1","7,6,4","7,6,2","8,5,4,3,1",3,"5,7,4,2","8,6,1","3,1","7,4","8,6,5,2","3,6,4","5,1","2,8,7","7,3,4","1,8,6","2,5","2,8,7","6,1","3,4,5","2,5","3,8,7","1,6,4",7,7,5,3,6,5,6,6,7,7,7,4,5,6,6,7,7,4,4,5,7,5,5,6,5,5,6,7,3,4,6,6,5,4,4,4,7,6,7,4,5,7,7,7,7,6,7,5,4,4,6,7,5,6,7,5,7,6,6,5,2,4,7,7,6,5,4,6,6,5,5,6,6,6,2,5,6,3,5,6,7,6,6,5,5,5,5,5,7,2,6,3,5,6,5,4,4,6,5,2,2,6,3,5,5,5,4,6,6,6,3,5,6,7,6,7,3,5,3,6,7,7,7,7,6,7,6,7,7,4,7,6,7,6,7,7,5,6,7,6,6,5,3,6,3,6,6,3,4,7,5,6,6,6,6,6,6,2,2,2,1,2,5,5,5,3,7,6,6,4,4,6,5,3,3,7,5,6,7,5,6,5,6,6,6,6,7,5,6,5,5,7,5,6,7,6,6,6,7,7,6,6,5,21,Female,White or Caucasian,3.86,Third year (Junior),YES,NA,750,760,33,193,8,45,8,49,8,43,8,44,8,41,10,60,10,56,10,55,10,52,6,32,6,27,5,24,5,18,3,14,5,26,4,26,3,11,3,20,12,46,12,62,12,68,TRUE,1,1,1,1,1,1,1,1,1,1,0,1,1,1,0,13,TRUE,1,1,1,1,0,0,1,1,1,1,0,0,0,0,0,0,0,0,0,1,1,1,0,0,1,0,0,0,0,0,0,1,1,1,1,1,0,1,1,0,0,0,0,1,0,0,0,1,6,250
65,100,2037,QPPQ,PRST,PWXQ,STWX,GFFG,QQBB,ABDC,BODQ,FUZG,CLXC,XDBK,CEIZ,VEBT,GKHM,HJMQ,"5,2,3","7,8,4,1,6","4,6,2","5,7,8,3,1","4,8,7,3","5,1,2,6","8,6","5,4,7,1",NA,NA,NA,NA,1,NA,NA,NA,"5,3","2,4,6,7","1,8","1,3","4,7","6,2,8,5","6,4","5,3,1","2,7,8","4,1,6",8,"2,5,3,7","2,1,7","4,6","3,5,8","2,5","3,8,7","1,6,4",7,6,6,5,7,7,4,7,4,7,5,5,6,6,4,5,5,5,5,7,5,5,7,6,6,6,6,6,3,6,6,6,6,7,7,7,7,7,7,7,5,6,6,5,6,4,6,5,4,3,4,6,7,5,6,5,7,6,7,7,7,5,7,6,7,5,7,5,6,6,7,7,6,7,5,7,6,4,6,6,7,4,6,4,4,4,4,6,7,6,5,4,5,5,5,5,5,3,5,3,4,4,5,4,2,2,4,4,3,5,5,5,4,7,4,7,5,4,4,5,6,5,5,5,5,4,5,7,6,4,5,4,6,3,5,6,5,6,5,4,5,5,5,4,5,6,5,3,4,6,4,6,4,6,6,5,4,2,2,5,3,4,3,6,5,4,4,7,7,4,5,5,5,2,4,6,5,6,3,4,6,5,2,6,6,7,7,6,3,6,6,7,6,4,6,4,4,3,6,4,7,7,7,21,Female,Black or African American,NA,Third year (Junior),YES,NA,800,760,33,164,8,49,8,42,8,45,8,48,8,54,10,49,10,63,10,61,10,61,6,26,6,31,5,23,5,20,3,8,5,22,4,22,3,13,3,16,12,47,12,59,12,64,TRUE,1,1,1,1,1,1,0,1,1,1,1,0,1,1,0,12,TRUE,1,1,1,1,0,0,0,1,0,0,0,0,0,0,0,0,0,0,1,1,1,1,1,1,1,0,0,0,0,0,0,1,1,1,1,1,0,0,0,0,0,0,0,1,1,0,0,1,5,243
66,100,1444,QPPQ,PRST,PWXQ,STWX,GFFG,QQBB,EGFH,KMTV,VIJW,CLXC,TNLL,CGVZ,KXVH,EJFK,KIFB,"5,3,2","8,6,4,7,1",2,"8,1",7,"5,2","6,8,3","5,1",NA,NA,"4,5,2",NA,"2,1",NA,NA,8,1,7,8,3,5,NA,"6,4","1,5","2,7,8",1,4,NA,7,"2,1","3,8,5,6,4","2,5","7,8,3","1,6,4",7,7,7,7,7,7,7,7,7,7,7,7,7,7,7,7,7,7,7,7,7,7,7,7,7,7,7,7,3,7,7,7,7,7,7,7,7,7,7,7,7,7,7,7,7,4,7,6,4,6,6,7,7,7,7,7,7,7,7,7,7,7,7,7,7,7,7,7,7,7,7,7,7,6,2,7,7,3,7,7,6,7,7,5,5,5,5,5,7,7,6,7,7,5,5,5,5,2,5,3,4,5,3,3,2,1,4,3,7,7,5,6,7,7,7,7,5,4,5,7,7,6,5,5,5,6,6,6,6,5,5,6,6,6,6,5,5,6,6,6,6,7,5,6,6,7,6,5,5,7,6,7,5,6,7,6,3,2,2,4,5,3,3,6,2,2,2,5,2,6,7,7,7,3,3,4,4,4,4,6,5,4,3,7,7,7,7,6,4,6,3,7,7,7,6,7,7,7,7,7,7,7,7,18,Female,Asian,4,First year (Freshman),YES,34,760,800,33,192,8,56,8,56,8,56,8,56,8,56,10,61,10,70,10,70,10,59,6,34,6,37,5,22,5,18,3,7,5,28,4,28,3,14,3,20,12,40,12,56,12,65,TRUE,1,1,1,1,1,1,1,0,0,1,0,1,0,0,1,10,TRUE,1,1,0,0,0,0,0,0,0,0,0,0,0,0,0,0,0,0,0,0,0,0,1,0,1,0,0,0,0,1,0,1,1,1,1,0,0,0,0,0,0,0,0,0,0,0,0,1,2,243
68,100,1980,QPPQ,PRST,PWXQ,PQST,GFFG,EETT,UVXW,HJPR,PABQ,CLXC,PFCC,CGVZ,VEBT,AFBG,KGDB,"2,5,3","1,8,7,6,4","6,4,2","8,7,3,5,1","7,4,1","8,6,5,3,2","6,5,3,2","7,8,4,1","8,7,5,4,2","6,3,1","8,5,4,2,1","7,6,3","8,7,5,2,1","6,4,3","5,4,3,2","8,7,6,1","6,3,2","5,7","8,4,1","6,3,1","5,7,2","8,4","6,4","5,3,1","8,7,2","2,7,5","1,4,3","6,8",1,"2,5","3,4",NA,NA,NA,7,6,7,6,7,7,7,7,4,7,7,6,7,7,7,6,6,5,7,7,7,6,7,7,7,7,7,7,3,7,7,7,7,7,7,6,7,7,5,7,5,7,7,7,7,7,7,7,4,4,3,7,7,7,7,5,7,7,7,7,7,4,6,7,7,5,7,7,7,7,7,7,5,7,2,7,7,7,7,7,7,6,7,6,6,6,6,5,7,6,7,7,7,6,7,4,6,5,6,2,2,2,2,2,4,2,7,2,2,3,3,4,7,7,7,7,4,2,3,6,7,3,6,6,7,7,6,7,7,6,7,7,4,6,7,7,7,7,7,6,7,7,7,7,7,7,7,7,6,7,6,7,7,6,6,5,2,2,1,2,1,4,2,1,2,2,2,7,7,6,7,5,7,6,2,6,6,4,1,7,7,6,3,7,7,7,6,7,4,6,7,7,6,7,7,7,7,5,7,5,7,7,7,19,Female,Black or African American,3,Second year (Sophomore),NO,NA,NA,NA,33,218,8,54,8,51,8,52,8,56,8,51,10,60,10,68,10,64,10,63,6,37,6,38,5,28,5,10,3,13,5,14,4,28,3,9,3,16,12,26,12,64,12,74,TRUE,1,1,1,0,1,0,0,0,0,1,0,1,1,0,0,7,TRUE,1,1,1,1,1,1,0,0,1,1,0,0,0,0,0,0,0,0,0,0,0,0,1,1,1,1,1,1,0,0,0,0,0,0,1,1,1,0,1,0,0,0,0,0,1,1,0,0,6,247
69,100,1608,QPPQ,PRST,PWXQ,STWX,GFFG,QQBB,EGFH,BODQ,FUZG,CLXC,XDBK,CGVZ,VEBT,GKHM,KGDB,"2,5,3","8,6,7,1,4","6,4,2","8,7,5,3,1","7,4,1","8,6,5,3,2","8,6,3,2","7,5,4,1","7,5,4,2","8,6,3,1","8,5,4,3,2,1","7,6","8,5,4,2,1","7,6,3","6,5,1","8,7,4,3,2",1,"7,6,5,4","8,2,3","3,1","7,4","8,5,6,2",NA,NA,NA,NA,NA,NA,NA,NA,NA,NA,NA,NA,4,5,7,7,7,7,7,4,4,5,4,4,4,4,4,3,4,4,7,4,5,4,4,7,7,7,7,7,3,7,7,7,7,7,7,7,7,7,7,7,7,7,5,5,5,3,7,5,4,4,4,5,5,5,5,4,5,5,5,7,5,7,7,7,7,7,7,7,7,7,7,7,3,5,3,4,5,3,5,3,5,5,7,5,5,5,5,4,7,5,7,7,7,5,5,5,5,5,5,3,3,6,6,6,6,6,6,6,6,5,6,6,4,7,7,7,5,4,4,6,5,3,3,5,5,4,3,5,3,4,6,4,2,3,4,5,3,6,5,6,4,6,3,3,5,6,4,5,5,4,5,6,5,6,3,6,6,5,5,5,5,5,4,2,4,4,3,5,4,4,5,5,5,3,4,5,5,5,2,3,4,6,6,5,3,5,6,4,1,3,3,4,3,6,5,7,6,6,5,4,6,5,7,21,Female,Hispanic or Latino,3.5,Fourth year (Senior),YES,32,NA,NA,33,146,8,48,8,32,8,39,8,56,8,56,10,49,10,51,10,70,10,43,6,32,6,35,5,25,5,24,3,18,5,29,4,25,3,13,3,14,12,54,12,52,12,49,TRUE,1,1,1,1,1,1,1,1,1,1,1,1,1,1,0,14,TRUE,1,1,1,1,1,1,1,1,0,0,0,0,0,0,1,1,0,0,0,1,1,1,0,0,0,0,0,0,0,0,0,0,0,0,1,1,1,1,0,0,0,1,0,1,0,0,0,0,6,238
70,100,2453,QPPQ,PRST,PWXQ,STWX,GFFG,QQBB,EGFH,BODQ,FUZG,CLXC,XDBK,CGVZ,VEBT,GKHM,KIFB,"2,5,3","1,7,8,6,4","6,4,2","8,7,5,3,1","7,4,1","8,6,5,3,2","8,6,3,2","7,5,4,1","7,8,5,4,2","6,3,1","8,5,4,2","7,6,3,1","8,7,5,3,1","6,4,2","6,5,1","8,7,4,3,2","6,2","3,7,5,4","8,1","1,3","7,4","8,5,6,2","4,6","1,5,3","2,8,7","2,7,5","1,4,3","6,8","3,7,8,6","1,2","4,5","2,5","3,8,7","1,6,4",3,3,7,1,3,7,3,6,1,6,2,5,5,7,3,2,2,5,6,4,1,6,4,7,7,6,7,5,3,6,7,3,3,6,4,6,3,1,3,2,5,6,7,2,7,2,6,2,3,2,3,7,6,7,7,6,7,7,7,7,7,2,5,5,4,5,6,6,5,5,6,5,2,5,3,7,4,6,6,4,5,5,6,5,7,6,6,7,7,3,6,7,6,6,7,7,7,6,6,2,2,6,5,2,2,3,5,1,2,2,1,2,6,6,6,7,3,3,3,7,7,2,2,6,6,5,6,5,6,3,7,6,2,5,5,7,6,5,6,6,7,7,6,5,3,7,6,5,5,7,3,6,6,6,6,2,2,1,1,2,1,5,1,5,3,2,3,5,5,7,7,6,3,2,6,7,7,4,6,6,5,6,6,6,6,6,6,6,2,3,3,7,6,5,7,2,5,5,5,3,6,5,3,22,Male,Asian,3.62,Fourth year (Senior),YES,33,NA,NA,33,179,8,33,8,31,8,35,8,44,8,30,10,40,10,68,10,49,10,47,6,35,6,35,5,33,5,17,3,10,5,8,4,25,3,9,3,16,12,28,12,65,12,61,TRUE,1,1,1,1,1,1,1,1,1,1,1,1,1,1,1,15,TRUE,1,1,1,1,1,1,1,1,1,1,1,1,1,1,1,1,0,0,1,1,1,1,1,1,1,1,1,1,1,1,1,1,1,1,1,1,1,1,1,1,1,1,0,1,1,1,1,1,13,250
71,100,5195,QPPQ,PRST,PWXQ,STWX,GFFG,QQBB,EGFH,BODQ,FUZG,CLXC,XDBK,CAEZ,NA,NA,NA,"2,5,3","1,8,7,4,6","6,4,2","7,8,3,5,1","7,4,1","8,6,5,3,2","8,6,3,2","7,5,4,1","8,5,4","6,2,7,3,1","7,5,4,3,2,1","6,8","6,5,3,2,1","8,7,4",NA,NA,NA,NA,1,"3,1","8,5,4","6,7,2","3,6,4","1,5","2,8,7",NA,NA,NA,"1,8,6","2,4","3,5,7","2,5","3,8,7","1,6,4",5,4,6,7,6,6,4,5,5,5,5,3,4,5,5,4,3,4,5,5,4,4,6,4,5,3,6,4,3,4,4,6,6,5,5,5,5,4,5,4,3,6,5,5,5,4,6,5,4,5,4,6,5,5,6,5,6,5,5,5,5,5,5,5,5,5,6,5,5,5,5,6,5,5,3,5,6,5,7,6,5,4,5,5,5,3,4,3,7,5,5,5,5,4,3,5,4,4,3,4,4,5,5,5,5,5,5,4,3,4,5,5,5,6,5,6,5,4,6,5,6,5,5,5,5,6,5,6,4,6,4,5,3,5,5,5,4,5,5,5,5,5,4,5,5,5,6,5,4,5,5,5,5,5,5,4,4,3,2,5,5,6,6,5,5,3,3,5,5,5,5,5,5,3,4,5,3,5,6,3,3,2,2,5,5,5,5,4,2,3,3,5,5,5,5,5,6,5,5,5,6,5,6,21,Male,Asian,3.2,Third year (Junior),YES,34,710,800,33,162,8,43,8,36,8,35,8,38,8,36,10,49,10,53,10,51,10,53,6,26,6,27,5,19,5,23,3,15,5,21,4,22,3,15,3,16,12,51,12,56,12,42,TRUE,1,1,1,1,1,1,1,1,1,1,1,0,0,0,0,11,TRUE,1,1,1,1,1,1,1,1,0,0,0,0,0,0,0,0,0,0,0,1,0,0,0,0,1,0,0,0,0,0,0,1,1,1,1,1,1,1,0,0,0,0,0,0,0,0,0,1,5,240
73,100,526588,QPPQ,PRST,PWXQ,STWX,GFFG,QQBB,EGFH,FHXZ,FUZG,NA,NA,CAUZ,NA,GKHM,NA,"5,3,2","8,7,6,4,1","6,4,2","8,7,5,3,1","7,4,1","8,6,5,3,2","8,6,3,2","7,5,4,1","8,7,5,4,2","6,3,1","8,5,4,3,1","7,6,2","8,7,5,3,1","6,4,2","6,2,1","8,7,5,4,3","3,6","7,5,4,2","8,1",1,NA,2,NA,NA,NA,NA,NA,NA,NA,NA,NA,NA,NA,NA,7,7,7,6,7,6,5,7,7,7,7,5,7,7,6,7,7,6,5,5,7,7,6,7,7,7,7,7,3,7,7,7,7,7,6,7,6,7,7,7,7,7,7,7,7,2,7,5,3,2,2,7,7,7,7,1,7,7,7,7,6,5,7,7,7,7,7,5,7,5,7,7,7,7,6,7,7,5,7,7,7,6,7,7,7,6,5,6,7,6,6,6,7,6,7,7,7,6,7,1,2,5,3,3,5,5,5,1,4,6,1,3,6,7,7,7,1,2,3,5,5,6,5,7,7,6,6,7,6,6,5,7,6,7,6,7,5,7,6,5,4,6,6,5,7,7,6,5,5,6,5,6,7,5,4,5,4,1,2,2,1,5,1,4,3,2,1,6,5,5,5,6,5,3,2,7,7,2,3,6,6,5,3,7,7,7,6,7,3,7,6,7,7,3,7,5,4,4,7,7,7,7,7,22,Female,Hispanic or Latino,3.2,Fourth year (Senior),NO,NA,NA,NA,33,195,8,52,8,53,8,50,8,56,8,54,10,49,10,63,10,64,10,67,6,38,6,37,5,34,5,14,3,15,5,15,4,27,3,6,3,16,12,31,12,56,12,70,TRUE,1,1,1,1,1,1,1,0,1,0,0,0,0,1,0,9,TRUE,1,1,1,1,1,1,1,1,1,1,0,0,1,1,0,0,0,0,1,0,0,0,0,0,0,0,0,0,0,0,0,0,0,0,1,1,1,1,1,0,1,0,0,0,0,0,0,0,6,233
74,100,2522,QPPQ,PRST,PWXQ,STWX,GFFG,CCRR,EGFH,CERT,SEFT,CLXC,XDBK,CGVZ,VEBT,EJFK,KIFB,"5,3,2","6,8,7,4,1","6,2,4","1,8,7,3,5","7,4,1","8,6,5,3,2","3,6,8,2","7,5,4,1","3,2,5,4","7,8,1,6","8,7,5,1,4","3,2,6","7,8,5,1,3","2,4,6","5,1,8,3","6,7,4,2","5,6","7,2,4","1,3,8","1,3","2,7,5,4","6,8","6,4","5,1,3","2,7,8","4,3,7","1,2,5,8",6,NA,NA,NA,NA,NA,NA,6,5,5,5,6,5,4,6,4,5,3,5,4,7,5,5,4,3,5,4,3,5,6,5,5,4,4,4,3,5,5,5,4,5,4,3,3,6,4,5,3,5,5,6,6,4,5,4,2,3,3,7,6,7,6,6,6,7,7,7,6,3,4,5,4,4,6,5,5,3,6,6,4,5,3,6,5,4,4,5,5,5,6,5,6,5,4,6,7,5,3,2,6,5,5,6,5,6,5,2,2,2,5,3,5,3,5,5,5,5,3,2,5,5,5,7,3,5,6,6,5,2,3,3,3,7,1,7,5,5,7,3,7,5,6,6,3,5,6,3,5,6,5,6,5,6,2,2,3,6,2,6,5,3,3,6,5,3,3,2,2,5,5,2,2,5,6,6,5,6,7,7,6,5,3,5,5,6,7,5,5,5,2,7,6,6,3,6,1,3,3,6,6,2,3,1,5,1,5,6,7,7,6,21,Female,White or Caucasian,3.35,Third year (Junior),YES,33,NA,NA,33,150,8,42,8,38,8,35,8,36,8,33,10,43,10,65,10,45,10,47,6,31,6,27,5,27,5,14,3,13,5,20,4,22,3,14,3,13,12,46,12,68,12,52,TRUE,1,1,1,1,1,0,1,0,0,1,1,1,1,0,1,11,TRUE,1,1,1,1,1,1,1,1,0,0,0,0,1,1,0,0,0,0,0,1,0,0,1,1,1,0,0,0,0,0,0,0,0,0,1,1,1,1,0,0,1,0,0,0,1,0,0,0,6,244
76,100,1335,TTTU,FGHI,JVZK,FGIJ,LMML,EETT,OPRQ,KMTV,VIJW,CGCS,TNLL,CGVZ,VEBT,PSQT,KIFB,"5,3,2","8,4,7,6,1","6,4,2","8,7,5,3,1","7,4,1","8,6,5,3,2","8,6,3,2","5,7,4,1","8,7,4,5,2","6,3,1","7,5,4,3,1","8,6,2","5,4,2,1","8,7,6,3","8,6,5,1","7,4,3,2",6,"7,4,5,3,2","1,8","3,1","7,8,4","2,6,5","4,6","3,5,1","7,8,2","1,7,4","5,2,3","6,8","7,1,4","6,2","3,8,5","2,5,3","7,8","1,6,4",3,6,4,5,7,7,7,4,4,7,4,3,2,2,3,4,5,5,7,5,7,7,5,7,7,7,7,7,3,7,7,7,7,7,7,7,7,7,7,7,7,6,6,4,5,3,7,7,4,3,4,4,6,5,5,4,5,5,5,6,6,7,7,7,7,7,7,6,7,7,7,6,5,7,7,7,7,6,6,6,6,6,4,5,5,5,5,2,7,2,4,2,4,5,5,5,6,5,5,4,3,5,5,5,5,6,6,3,2,2,3,2,7,7,6,7,7,6,5,6,5,5,5,5,2,4,3,5,4,4,5,2,1,3,1,5,5,5,4,3,4,5,5,5,3,6,3,5,5,4,4,4,5,5,3,7,6,5,5,5,7,6,5,5,5,3,3,7,5,7,7,5,5,3,3,1,5,1,3,4,5,6,3,7,6,7,6,5,3,5,3,5,5,2,2,5,2,3,6,6,5,7,7,22,Male,White or Caucasian,3.4,Fourth year (Senior),NO,NA,NA,NA,33,132,8,43,8,29,8,48,8,56,8,56,10,49,10,51,10,69,10,63,6,30,6,19,5,26,5,22,3,17,5,12,4,27,3,18,3,16,12,62,12,52,12,60,TRUE,0,0,0,0,0,0,0,0,0,0,0,1,1,0,1,3,TRUE,1,1,1,1,1,1,1,1,1,1,0,0,0,0,0,0,0,0,1,1,0,0,1,1,1,0,0,1,0,0,0,0,0,1,1,1,1,1,1,0,0,0,0,0,1,0,0,0,6,250
77,100,2134,QPPQ,PRST,PWXQ,STWX,GFFG,QQBB,EGFH,BODQ,FUZG,CLXC,XDBK,CGVZ,VEBT,GKHM,KGDB,"2,5,3","1,4,8,7,6","6,4,2","8,7,5,3,1","7,4,1","8,6,5,3,2","8,6,3,2","5,7,4,1","8,7,5,4,2","6,3,1","8,5,4,2","7,6,3,1","8,7,5,3,1","6,4,2","7,6,3,1","8,5,4,2","8,6","5,4,3,7,2",1,"3,1",4,"8,7,6,5,2","4,6","5,3,1","7,2,8","5,8,7,2","3,6","1,4",NA,NA,NA,NA,NA,NA,4,5,6,3,5,6,6,5,3,4,3,3,3,6,3,3,2,6,4,6,4,4,5,6,5,5,5,5,3,5,4,6,3,1,1,4,4,1,5,5,3,2,6,5,7,2,6,4,2,2,1,6,6,4,6,3,6,6,6,6,6,4,4,6,6,6,4,4,6,6,4,5,4,7,4,6,3,6,6,6,7,5,5,4,6,3,2,2,7,1,5,2,2,2,2,2,2,3,5,2,5,3,4,3,6,4,5,4,5,5,2,2,5,7,5,7,4,2,2,7,5,3,4,6,6,6,7,6,2,2,4,7,2,6,1,6,4,6,4,6,6,6,6,6,1,5,7,4,6,3,5,5,6,6,3,6,6,4,5,2,2,7,6,3,5,2,3,5,7,7,7,3,2,3,3,6,7,7,7,3,6,5,3,6,3,5,7,3,3,7,6,5,6,4,6,5,5,4,6,6,7,7,7,19,Female,White or Caucasian,3.99,First year (Freshman),YES,34,NA,NA,33,160,8,40,8,28,8,37,8,38,8,24,10,37,10,55,10,50,10,54,6,25,6,14,5,14,5,17,3,15,5,18,4,24,3,8,3,15,12,51,12,64,12,57,TRUE,1,1,1,1,1,1,1,1,1,1,1,1,1,1,0,14,TRUE,1,1,1,1,1,1,1,1,1,1,1,1,1,1,0,0,0,0,0,1,0,0,1,1,1,0,0,0,0,0,0,0,0,0,1,1,1,1,1,1,1,0,0,0,1,0,0,0,8,244
78,100,1242,QPPQ,FGHI,PWXQ,STWX,GFFG,QQBB,EGFH,CERT,COPD,CLXC,XDBK,CGVZ,VEBT,RWSX,LHEC,"8,7,6,4,1","5,3,2","6,4,2","8,7,5,1,3","7,4,1","8,6,5,3,2","7,5,4,1","8,6,3,2","8,7,5,4,2","6,3,1","6,5,4,1","8,7,3,2","8,5,3,1","7,6,4,2",NA,NA,NA,NA,NA,"3,1","8,4,5","7,6,2","6,4,2","5,3,1","7,8",NA,NA,NA,NA,NA,NA,"2,5","3,8,7","1,4,6",5,5,7,4,6,7,5,5,5,5,5,4,5,6,5,5,5,5,6,5,6,5,7,7,7,7,7,5,3,7,7,7,7,5,7,7,7,6,7,7,5,7,7,7,7,4,7,7,4,4,4,7,7,7,7,7,7,7,7,1,6,7,7,7,7,7,7,7,7,7,7,7,7,7,6,7,7,6,7,7,7,5,5,6,5,6,5,3,7,6,6,6,6,6,6,6,6,6,6,2,2,2,2,2,2,2,2,2,2,2,2,2,7,7,6,7,6,7,7,7,7,2,3,3,5,7,3,5,3,7,3,5,6,2,6,3,2,7,5,7,3,5,5,3,5,7,3,7,4,3,7,7,5,7,3,6,5,5,3,6,6,5,5,5,5,1,1,6,7,5,6,7,6,2,3,7,7,4,4,5,5,7,5,6,7,6,7,6,1,3,1,3,5,7,7,7,7,7,3,5,7,7,7,21,Female,prefer not to answer,3.2,Fourth year (Senior),YES,NA,NA,NA,33,156,8,44,8,40,8,46,8,54,8,51,10,58,10,63,10,70,10,68,6,32,6,33,5,30,5,10,3,6,5,10,4,27,3,20,3,16,12,53,12,64,12,59,TRUE,1,0,1,1,1,1,1,0,0,1,1,1,1,0,0,10,TRUE,0,0,1,1,1,1,0,0,1,1,0,0,0,0,0,0,0,0,0,1,0,0,0,1,0,0,0,0,0,0,0,1,1,1,0,1,1,0,1,0,0,0,0,0,0,0,0,1,4,239
80,100,1689,QPPQ,PRST,PWXQ,STWX,GFFG,QQBB,EGFH,BODQ,FUZG,JCVC,XDBK,CGVZ,VEBT,GKHM,HJMQ,"5,3,2","8,7,6,4,1","6,4,2","8,7,5,3,1","7,4,1","8,6,5,3,2","8,6,3,2","7,5,4,1","8,2,4","7,6,5,3,1","3,4,2,1","5,8,7,6","6,5,2,1","8,7,4,3","6,5,1","8,7,4,3,2","3,1,5","2,7,4","8,6",NA,7,"8,6,5,3,4,2,1","4,6","5,3,1","2,7,8",3,"1,8,6,4","5,7,2","1,7",4,"3,8,5,2,6","5,2","3,8","1,7,6,4",5,4,4,5,6,6,5,6,3,5,3,5,5,5,4,3,4,6,5,5,4,5,4,6,6,5,5,5,3,5,5,6,6,5,5,5,6,6,5,6,6,7,6,7,7,3,7,6,3,3,4,6,7,7,7,6,7,7,7,7,5,7,7,5,7,4,7,7,6,6,6,6,4,6,6,7,5,3,5,6,6,5,5,5,4,5,2,3,7,2,5,5,5,5,5,5,6,3,4,4,5,6,5,6,6,5,6,5,5,5,6,5,5,7,7,6,3,3,5,5,5,4,2,5,6,4,5,6,2,5,5,6,2,3,5,6,5,5,6,6,3,6,4,4,5,5,5,5,3,5,4,5,4,5,5,6,5,6,6,6,6,6,6,6,6,3,2,6,6,6,7,6,6,5,6,6,6,7,7,5,5,3,2,5,6,6,5,4,2,2,3,7,3,3,4,5,5,3,7,5,5,5,6,18,Female,White or Caucasian,3.77,First year (Freshman),NO,NA,NA,NA,33,152,8,41,8,33,8,39,8,43,8,44,10,53,10,66,10,62,10,54,6,26,6,25,5,23,5,26,3,17,5,26,4,25,3,11,3,14,12,64,12,74,12,48,TRUE,1,1,1,1,1,1,1,1,1,0,1,1,1,1,0,13,TRUE,1,1,1,1,1,1,1,1,0,0,0,0,0,0,1,1,0,0,0,0,0,0,1,1,1,0,0,0,0,0,0,1,0,0,1,1,1,1,0,0,0,1,0,0,1,0,0,0,6,249
82,100,14846,QPPQ,PRST,PWXQ,STWX,GFFG,QQBB,EGFH,KMTV,VIJW,CLXC,XDBK,CGVZ,ZIFX,RWSX,KIFB,"5,2,3","7,4,6,8,1","2,6,4","5,7,8,3,1","4,7,1","8,6,5,3,2","3,8,2,6","5,7,4,1","3,2,5,4","7,8,1,6","4,5,3,1","8,7,6,2","7,5,8,3","4,6,2,1","7,3,5,2","8,6,4,1","8,7,1","5,3","2,6,4","8,1","5,3","7,6,4,2","1,5,6","8,7,3","2,4","5,7","1,4,3","2,8,6","1,7","2,4","6,3,8,5","2,5","3,8,7","1,4,6",5,7,6,7,7,7,7,7,5,7,7,7,6,7,6,5,7,6,7,7,7,6,7,7,7,7,7,7,3,7,7,7,7,7,7,7,7,7,7,7,7,7,7,7,7,6,7,7,5,7,6,5,5,6,7,7,7,7,7,6,6,7,7,7,7,7,7,7,7,7,7,6,7,7,6,6,7,5,7,7,7,5,5,5,5,5,5,5,7,5,5,5,5,5,6,6,6,5,6,4,4,5,6,5,5,6,6,5,5,5,5,4,7,7,7,7,7,7,7,7,7,7,5,5,6,7,2,5,7,7,6,6,5,5,7,6,6,7,6,6,6,6,6,6,7,6,6,5,5,6,6,6,6,7,3,6,5,2,2,4,3,3,3,4,4,2,2,7,6,7,7,5,3,3,3,6,3,6,1,5,6,4,2,6,6,5,5,5,2,3,3,5,7,6,7,5,6,NA,7,6,7,7,7,18,Female,Black or African American,3.47,First year (Freshman),YES,NA,710,700,33,191,8,53,8,50,8,54,8,56,8,56,10,66,10,63,10,70,10,65,6,30,6,30,5,29,5,24,3,17,5,24,4,28,3,21,3,21,12,40,12,57,12,52,TRUE,1,1,1,1,1,1,1,0,0,1,1,1,0,0,1,11,TRUE,1,1,1,1,1,1,1,1,0,0,0,0,0,0,0,0,0,0,0,0,0,0,0,0,0,0,1,0,0,0,0,1,1,1,1,1,1,1,0,0,0,0,0,0,0,0,0,1,5,249
83,100,1807,QPPQ,PRST,PWXQ,STWX,GFFG,QQBB,EGFH,FHXZ,NA,CLXC,XDBK,CGVZ,KXVH,AFBG,KGDB,"5,3,2","8,7,6,4,1","6,4,2","7,8,5,3,1","7,4,1","8,6,5,3,2","8,6,3,2","7,5,4,1","8,7,5,4,2","6,3,1","5,8,7,4,3,2,1",6,"2,1",NA,"2,4,5,6,7","3,1,8","3,6,2","5,4,7","8,1","3,1","4,7,8","2,5,6","4,6","5,1,3","2,7,8","2,5,7","1,4","8,3,6","3,7,6","1,2","4,8,5","2,5","3,7,8","6,1,4",6,6,6,3,6,7,4,5,5,6,6,4,6,6,4,5,5,4,5,7,4,4,7,6,6,6,5,4,3,5,6,6,5,5,3,5,5,5,7,5,5,4,7,4,7,5,5,6,4,4,6,6,5,6,6,4,5,7,6,5,5,5,5,6,5,6,7,5,6,6,5,5,4,5,4,7,4,3,5,5,6,3,6,5,6,5,3,6,7,3,6,3,6,5,5,6,6,6,6,3,5,6,5,6,5,5,5,3,5,4,3,3,5,6,6,6,6,6,7,6,6,2,7,7,6,7,5,6,5,7,6,6,6,5,6,6,5,6,5,6,6,5,5,6,5,6,6,6,5,6,6,7,6,6,6,5,5,5,3,4,2,5,2,5,5,4,5,7,6,6,6,6,6,3,3,6,6,7,6,5,6,5,3,6,5,5,5,5,2,4,5,7,3,2,6,3,3,3,7,5,7,7,7,21,Female,two or more races,3.5,Fourth year (Senior),NO,NA,NA,NA,33,194,8,43,8,42,8,42,8,43,8,40,10,52,10,55,10,56,10,48,6,28,6,29,5,29,5,25,3,15,5,18,4,23,3,19,3,14,12,50,12,68,12,56,TRUE,1,1,1,1,1,1,1,0,0,1,1,1,0,0,0,10,TRUE,1,1,1,1,1,1,1,1,1,1,0,0,0,0,0,0,0,0,1,1,0,0,1,1,1,1,0,0,0,1,0,1,1,1,1,1,1,1,1,0,0,0,0,0,1,0,0,1,7,248
84,100,781,HGHH,JKLM,PWXQ,STWX,LMML,CCRR,EGFH,KMTV,COPD,CFCR,XDBK,CEIZ,VEBT,EJFK,KGDB,"3,5,2","8,1,7,6,4","4,6,2","1,5,8,3,7","7,4,1","8,6,5,3,2","8,6,3,2","7,5,4,1","8,3,1,2","7,6,5,4","8,7,5,4,2","6,3,1","3,2,8,1","7,4,5,6","7,3,2,1","8,6,5,4","2,1,4","6,8,3","7,5","5,7,1,3","8,4","6,2","7,4,6,1","8,3","5,2","1,2,6","3,4,7","5,8","1,7,2","4,6","5,3","2,3,5","4,8,6","1,7",6,6,6,4,6,5,5,6,4,6,6,4,6,6,6,6,5,5,6,4,6,6,5,6,5,6,4,5,3,3,2,5,5,4,4,6,5,6,5,5,5,6,5,5,6,4,6,6,6,4,4,6,6,6,6,6,6,6,6,5,5,5,5,5,6,6,5,5,5,5,6,6,5,6,5,6,5,6,6,5,6,3,4,3,5,6,6,5,7,6,5,6,4,6,6,3,3,3,6,5,3,5,5,5,6,5,6,5,5,5,5,4,4,5,6,3,3,4,6,5,5,4,5,5,5,5,2,5,2,5,4,6,5,4,6,5,3,4,6,4,3,6,5,5,6,6,5,6,6,2,4,5,4,6,3,6,6,5,5,6,3,5,5,3,5,3,3,5,5,2,3,5,2,3,3,3,4,5,3,5,5,5,3,3,5,2,5,5,4,2,3,4,5,5,5,5,5,5,5,5,5,6,5,19,Male,Asian,3.5,First year (Freshman),YES,NA,760,800,33,153,8,44,8,44,8,43,8,35,8,40,10,52,10,58,10,53,10,56,6,27,6,32,5,21,5,23,3,17,5,24,4,18,3,13,3,14,12,55,12,43,12,47,TRUE,0,0,1,1,0,0,1,0,0,0,1,0,1,0,0,5,TRUE,1,1,1,1,1,1,1,1,0,0,0,0,0,0,0,0,0,0,0,0,0,0,0,0,0,0,0,0,0,0,0,0,0,0,1,1,1,1,0,0,0,0,0,0,0,0,0,0,4,250
85,100,74051,DDDE,JKLM,PWXQ,STWX,GFFG,QQBB,OPRQ,BODQ,SEFT,CGCS,TNLL,CIOZ,XGDV,AFBG,DFIM,"3,5,2","7,8,4,6,1","2,4,6","5,7,8,3,1","7,4,1","8,6,5,2,3","6,2,3,8","5,4,7,1","5,8,7,4,2","6,1,3","2,7,3,1,8,5,4",6,"8,7,5,3,1","6,4,2","7,6,4,2","5,8,3,1","6,8","7,3,5,4,2",1,"3,1","7,8","5,4,6,2","4,6","1,5,3","2,7,8","2,7,5","4,1,3","8,6","1,2,7","6,3,8","5,4","2,3,5","8,7","4,1,6",6,6,6,5,5,6,6,6,6,5,6,6,6,6,6,5,6,6,6,5,7,6,7,7,7,7,6,6,3,7,6,7,7,6,6,7,7,7,7,6,6,7,5,7,7,4,7,6,4,3,4,7,6,7,7,6,6,7,7,5,5,6,7,6,6,6,7,6,6,6,6,7,4,7,2,6,4,4,5,7,7,5,7,4,6,5,5,7,7,6,7,7,6,6,6,5,5,5,6,2,2,3,2,2,2,2,3,2,6,5,2,4,5,6,5,6,5,6,6,6,7,7,6,5,6,6,3,6,6,7,7,5,7,6,7,7,5,6,6,5,4,5,5,7,4,6,5,4,4,6,5,6,5,6,6,5,5,5,5,5,2,2,3,3,5,2,2,7,5,7,7,6,6,4,6,6,6,5,3,5,6,2,5,5,2,7,7,5,2,3,3,5,6,6,6,6,5,6,5,6,6,6,6,24,Female,Asian,4,Fourth year (Senior),NO,NA,NA,NA,33,184,8,46,8,46,8,50,8,53,8,52,10,54,10,63,10,62,10,53,6,32,6,39,5,27,5,11,3,7,5,19,4,22,3,17,3,20,12,44,12,68,12,52,TRUE,0,0,1,1,1,1,0,1,0,0,0,0,0,0,0,5,TRUE,1,1,1,1,1,1,1,1,1,1,0,0,1,1,0,0,0,0,0,1,0,0,1,1,1,1,1,1,0,0,1,0,0,1,1,1,1,1,1,0,1,0,0,0,1,1,0,0,8,250
87,100,48754,QPPQ,PRST,PWXQ,STWX,GFFG,QQBB,OPRQ,HJPR,VIJW,CLXC,PFCC,CGVZ,VEBT,EJFK,KGDB,"5,3,2","6,1,4,8,7","6,2,4","8,3,7,5,1","7,4,1","8,5,6,2,3","2,3,8,6","7,5,4,1","7,8,5,2","3,1,4,6","4,8,3,1","7,6,5,2","8,5,3,1,6","4,2,7","6,5,2,1","7,3,4,8","3,1","6,8,7","5,4,2",3,"7,4","8,6,2,5,1",NA,NA,NA,"3,4,2","1,8","5,7,6",1,"2,4,6","8,5,3,7","3,5,2","7,8","1,4,6",5,5,3,5,7,5,3,5,5,3,4,4,3,2,4,5,5,5,5,6,4,3,5,5,5,5,5,5,3,4,6,5,5,5,3,2,4,6,3,4,3,4,5,4,5,3,7,2,3,3,4,7,5,6,7,5,7,7,3,4,5,5,7,6,6,4,5,6,5,5,5,7,5,5,2,7,6,5,5,7,6,5,7,7,7,7,6,7,7,7,7,6,6,6,7,6,6,7,7,1,1,1,3,1,3,3,3,3,3,3,1,6,7,7,6,7,5,5,5,7,7,4,5,5,6,5,3,3,4,5,6,6,5,4,5,5,3,5,5,5,6,6,3,6,7,7,5,6,5,6,6,7,6,5,5,6,6,5,5,5,6,2,2,4,3,5,5,7,7,5,7,6,6,7,7,7,7,4,7,4,5,3,1,6,6,3,6,5,3,3,1,5,3,6,6,6,7,6,5,5,6,5,5,22,Male,two or more races,3.85,Fourth year (Senior),YES,NA,780,800,33,171,8,38,8,30,8,38,8,40,8,30,10,40,10,56,10,54,10,55,6,39,6,39,5,33,5,7,3,9,5,16,4,27,3,15,3,18,12,54,12,77,12,46,TRUE,1,1,1,1,1,1,0,0,0,1,0,1,1,0,0,9,TRUE,1,1,1,1,1,1,1,1,0,0,0,0,0,0,0,0,0,0,0,0,1,0,0,0,0,0,0,0,0,0,0,0,0,1,1,1,1,1,0,0,0,0,0,0,0,0,0,0,4,247
89,100,1819,QPPQ,PRST,PWXQ,STWX,GFFG,QQBB,EGFH,KMTV,VIJW,CLXC,XDBK,CGVZ,VEBT,PSQT,DFIM,"5,3,2","8,7,6,4,1","6,4,2","8,7,5,3,1","7,4,1","5,8,6,3,2","8,2,6,3","7,4,5,1","8,3,5,4","2,7,1,6","7,5,4,3,1","8,2,6","8,3,2,1","7,6,5,4","6,3,2,1","8,7,5,4","3,1,6","7,5,4,2",8,"1,3",NA,"4,5,8",NA,NA,NA,NA,NA,NA,NA,NA,NA,NA,NA,NA,6,3,3,7,6,6,6,4,2,5,3,3,4,5,4,5,4,6,6,7,4,7,6,6,4,4,6,5,3,6,6,7,6,6,6,6,6,6,6,6,6,7,6,7,5,7,7,6,5,5,6,5,5,6,6,5,5,6,5,5,1,6,6,4,6,4,6,6,5,6,7,7,7,7,2,6,7,5,6,7,6,5,7,7,6,7,6,7,7,6,7,7,6,7,6,7,7,6,6,2,2,4,5,2,3,3,3,3,4,5,1,3,3,7,6,7,6,5,6,7,7,4,4,3,6,5,6,7,3,6,6,3,3,4,4,5,6,6,4,7,5,4,6,6,4,6,7,5,4,6,7,5,4,7,2,6,5,3,2,4,5,3,2,5,6,2,5,6,5,7,7,5,5,6,5,7,7,7,6,5,6,2,2,6,6,6,7,6,4,5,3,6,3,5,6,6,6,5,3,2,7,7,7,21,Female,White or Caucasian,3.52,Third year (Junior),YES,NA,730,760,33,166,8,41,8,31,8,46,8,44,8,48,10,61,10,49,10,56,10,60,6,38,6,40,5,32,5,15,3,9,5,16,4,23,3,17,3,18,12,48,12,73,12,58,TRUE,1,1,1,1,1,1,1,0,0,1,1,1,1,0,0,11,TRUE,1,1,1,1,1,1,1,1,0,0,0,0,0,0,0,0,0,0,0,1,0,0,0,0,0,0,0,0,0,0,0,0,0,0,1,1,1,1,0,0,0,0,0,0,0,0,0,0,4,237
90,100,52799,QPPQ,PRST,PWXQ,STWX,GFFG,QQBB,UVXW,BODQ,PABQ,JCVC,ZAGZ,CGVZ,XGDV,RWSX,DFIM,"5,3,2","8,7,6,4,1","6,4,2","8,7,5,3,1","7,4,1","8,6,5,3,2","8,6,3,2","7,5,4,1","8,7,5,4,2","6,3,1","1,5,4,2,3","7,8,6","5,3,7,8,1","2,6,4","2,1,3,5","8,7,6,4","3,8,1","4,5,7","2,6","1,3","7,4","5,6,8,2","4,3","6,1",NA,NA,NA,NA,NA,NA,NA,NA,NA,NA,5,5,5,3,6,7,5,5,4,4,5,5,6,7,6,5,5,4,6,5,4,5,4,6,6,4,6,5,3,5,5,5,6,7,6,6,7,6,6,5,5,4,4,5,4,3,5,4,4,3,4,7,7,5,6,5,7,7,7,7,7,5,5,5,5,4,5,5,5,5,6,6,4,5,4,6,5,5,5,4,5,5,6,5,5,5,5,6,7,5,5,6,6,5,6,4,4,4,3,2,2,3,4,4,5,3,3,6,5,5,4,5,5,6,6,5,3,3,6,5,6,3,5,5,4,6,6,6,4,6,5,5,5,5,5,5,5,6,4,6,5,5,6,5,5,5,6,5,4,6,5,6,4,5,5,5,5,3,2,4,2,5,3,4,3,3,3,5,5,6,6,6,5,5,6,5,5,3,3,5,5,4,5,6,5,6,6,5,4,3,5,5,5,5,5,5,5,5,6,5,5,5,5,21,Male,White or Caucasian,3.4,Third year (Junior),NO,NA,NA,NA,33,170,8,41,8,42,8,39,8,42,8,48,10,40,10,65,10,50,10,49,6,31,6,33,5,21,5,15,3,11,5,25,4,22,3,12,3,14,12,42,12,60,12,59,TRUE,1,1,1,1,1,1,0,1,0,0,0,1,0,0,0,8,TRUE,1,1,1,1,1,1,1,1,1,1,0,0,1,1,0,0,0,0,0,1,1,1,0,0,0,0,0,0,0,0,0,0,0,0,1,1,1,1,1,0,1,0,0,1,0,0,0,0,7,240
91,100,60089,HGHH,PRST,PWXQ,FGIJ,QRRQ,DDSS,OPRQ,FHXZ,SEFT,CLXC,PFCC,CGVZ,XGDV,GKHM,HJMQ,"2,5,3","1,8,7,6,4","6,4,2","8,7,5,3,1","7,4,1","8,6,5,3,2","8,6,3,2","7,5,4,1","8,7,5,4,2","6,3,1","8,5,4,2","7,6,3,1","8,7,5,3,1","6,4,2","6,5,1","8,7,4,3,2","8,7,6,5,4,3,2,1",NA,NA,"3,1","7,4","8,6,5,2","4,6","3,5,1","2,8,7","2,7,5","1,3,4","6,8","3,8,7,6","1,2","4,5","2,5","3,7,8","1,6,4",7,5,7,7,7,7,7,6,4,6,4,6,6,7,5,5,5,5,5,6,4,3,5,5,5,5,7,5,3,5,5,6,5,4,5,2,5,4,6,5,3,5,5,5,5,2,7,4,3,2,3,7,5,7,7,7,7,7,7,7,6,6,6,7,6,5,6,6,5,5,6,7,3,7,5,7,3,7,5,7,7,3,5,2,5,3,2,3,7,2,7,5,5,5,6,5,6,3,6,5,3,5,5,5,2,6,6,2,2,2,2,2,5,6,5,6,3,2,3,7,5,5,5,5,5,5,6,6,5,6,5,5,5,5,5,6,5,6,6,5,5,6,3,3,5,5,6,3,5,3,5,5,3,5,6,7,6,3,5,2,2,1,3,6,6,5,5,6,6,7,7,6,7,5,6,6,6,3,6,5,3,2,1,3,5,5,5,2,1,1,2,5,6,2,5,5,5,NA,6,6,7,6,7,19,Female,White or Caucasian,3.5,Second year (Sophomore),YES,36,NA,NA,33,164,8,53,8,43,8,38,8,43,8,34,10,41,10,67,10,58,10,58,6,20,6,27,5,26,5,23,3,14,5,10,4,22,3,8,3,17,12,51,12,71,12,35,TRUE,0,1,1,0,0,0,0,0,0,1,0,1,0,1,0,5,TRUE,1,1,1,1,1,1,1,1,1,1,1,1,1,1,1,1,0,0,0,1,1,1,1,1,1,1,1,1,1,1,1,1,1,1,1,1,1,1,1,1,1,1,0,1,1,1,1,1,13,247
93,100,1710,QPPQ,PRST,PWXQ,STWX,GFFG,QQBB,EGFH,FHXZ,FUZG,CLXC,PFCC,CGVZ,ZIFX,GKHM,HJMQ,"8,7,6,4,1","5,3,2","6,4,2","8,7,5,3,1","7,4,1","8,6,5,3,2","8,6,3,2","7,5,4,1","7,5,4,2","8,6,3,1","7,5,4,3,1","8,6,2","3,8,2,1","4,5,7,6","6,4,2,1","8,7,3,5","5,3","2,7,4","6,1,8","3,1","7,8,4","5,6,2","6,4","5,3,1","8,7,2","2,7,5","4,1,3","6,8","3,7,6","1,2","4,5,8","2,5","3,7,8","6,1,4",7,6,7,7,7,7,3,7,3,7,5,6,5,6,4,5,5,5,5,4,3,6,5,7,7,6,7,6,3,5,5,7,6,6,7,5,5,6,5,6,5,7,7,7,7,7,7,6,6,5,4,7,7,7,7,6,7,7,7,7,7,7,6,7,7,7,7,7,7,7,7,6,4,5,3,7,6,6,5,7,5,5,5,3,3,4,2,3,7,3,5,5,4,5,5,5,3,3,4,6,4,6,5,5,5,7,7,3,5,5,2,2,4,5,6,6,2,3,4,7,7,2,7,5,6,7,7,5,4,6,6,6,5,5,7,6,6,6,5,7,6,5,6,6,7,7,7,5,4,6,6,6,5,7,6,4,3,1,2,1,1,3,4,5,4,2,1,4,7,6,5,5,4,3,5,5,5,1,2,5,5,3,2,6,6,6,6,6,3,5,6,7,6,6,7,5,5,5,7,6,7,7,6,21,Female,White or Caucasian,3.6,Fourth year (Senior),YES,34,NA,NA,33,195,8,51,8,41,8,40,8,49,8,45,10,63,10,69,10,69,10,54,6,22,6,25,5,20,5,26,3,19,5,17,4,21,3,9,3,16,12,31,12,52,12,59,TRUE,1,1,1,1,1,1,1,0,1,1,0,1,0,1,0,11,TRUE,0,0,1,1,1,1,1,1,0,0,0,0,0,0,0,0,0,0,0,1,0,0,1,1,1,1,1,1,0,1,0,1,1,1,0,1,1,1,0,0,0,0,0,0,1,1,0,1,6,250
96,100,1941,QPPQ,PRST,PWXQ,STWX,GFFG,QQBB,EGFH,BODQ,FUZG,CLXC,XDBK,CAUZ,VEBT,GKHM,HJMQ,"2,5,3","7,8,6,4,1","6,4,2","8,7,5,3,1","7,4,1","8,6,5,3,2","7,6,2","4,5,8,3,1","8,7,5,2","6,4,3,1","8,7,6,5,4,3,2,1",NA,"7,6,5,2,1","8,4,3","7,6,2,1","8,5,4,3","6,2,5,1","8,4","7,3","3,1","7,4","8,6,5,2","7,1,2,6","4,5,3",8,"1,4,3","2,6","5,8,7","1,2","3,5,4","6,7,8","1,2","3,4",5,3,5,4,1,6,6,2,5,6,6,5,4,5,5,6,5,7,6,6,7,7,7,6,7,7,6,6,7,3,6,7,6,5,6,6,7,7,7,6,7,7,7,5,5,4,2,7,4,2,3,6,3,6,3,3,5,4,3,4,4,3,7,7,7,7,6,7,7,7,7,7,7,7,7,7,7,7,7,7,7,7,6,6,6,7,7,7,6,7,6,7,5,6,5,7,6,6,6,7,2,3,3,3,5,3,6,4,1,2,2,2,1,6,6,6,6,6,6,5,5,6,1,5,6,7,6,6,3,7,7,5,6,5,5,5,2,7,6,6,6,6,6,4,4,3,6,7,5,6,6,6,6,2,6,7,2,1,5,5,1,2,2,2,6,6,2,2,7,7,7,7,6,3,4,6,7,7,4,4,3,5,4,2,4,4,3,5,4,1,4,4,2,6,3,6,6,6,3,3,6,7,7,7,19,Male,prefer not to answer,3.3,Second year (Sophomore),YES,NA,750,750,33,180,8,32,8,42,8,53,8,50,8,53,10,45,10,38,10,69,10,70,6,39,6,35,5,32,5,16,3,13,5,8,4,24,3,17,3,12,12,36,12,69,12,43,TRUE,1,1,1,1,1,1,1,1,1,1,1,0,1,1,0,13,TRUE,1,1,1,1,1,1,0,0,0,0,0,0,0,0,0,0,0,0,0,1,1,1,0,0,0,0,0,0,0,0,0,0,0,0,1,1,1,0,0,0,0,0,0,1,0,0,0,0,4,249
97,100,1758,QPPQ,PRST,PWXQ,STWX,GFFG,QQBB,EGFH,KMTV,FUZG,CLXC,XDBK,CGVZ,VEBT,GKHM,KGDB,"2,3,5","6,1,4,7,8","6,4,2","8,7,5,3,1","7,4,1","8,6,5,3,2","6,3,2","8,7,5,4,1","8,7,5,4,2","6,3,1",NA,NA,"8,7,5,3,1","6,4,2",NA,NA,NA,NA,1,"3,1","7,4","8,6,5,2","4,6","1,3,5","2,8,7","2,7,5","3,4,1","6,8","3,8,7,6","1,2","4,5","5,2","3,8,7","1,6,4",3,3,4,4,6,5,4,3,2,4,3,4,3,4,3,4,5,5,6,4,4,4,5,5,4,4,4,4,3,4,5,5,4,6,6,6,5,5,5,6,6,5,6,5,6,2,5,5,2,2,3,6,5,5,5,4,6,6,4,5,3,4,5,5,6,5,5,5,6,6,5,7,5,5,4,6,6,5,4,5,5,3,4,5,4,4,3,3,7,5,5,4,3,5,3,5,3,5,3,3,5,5,5,4,2,5,5,4,3,3,3,2,5,5,5,5,3,5,5,5,3,2,5,6,5,4,5,3,5,5,4,5,3,3,4,5,3,5,4,5,3,4,6,3,3,5,5,3,3,4,4,5,3,5,3,4,3,3,2,5,3,3,3,5,5,2,2,3,5,5,5,3,2,5,6,6,5,7,5,5,3,3,3,5,5,3,3,3,2,6,6,5,3,3,4,3,4,NA,5,4,6,6,7,21,Female,two or more races,2.9,Fourth year (Senior),YES,34,NA,NA,33,138,8,32,8,27,8,38,8,34,8,45,10,41,10,49,10,52,10,52,6,23,6,25,5,19,5,22,3,12,5,15,4,20,3,13,3,10,12,40,12,57,12,47,TRUE,1,1,1,1,1,1,1,0,1,1,1,1,1,1,0,13,TRUE,1,1,1,1,1,1,0,0,1,1,0,0,1,1,0,0,0,0,0,1,1,1,1,1,1,1,1,1,1,1,1,1,1,1,1,1,1,0,1,0,1,0,0,1,1,1,1,1,10,243
99,100,246518,QPPQ,PRST,PWXQ,STWX,GFFG,QQBB,EGFH,BODQ,FUZG,CLXC,XDBK,CGVZ,VEBT,GKHM,LHEC,"3,5,2","8,7,6,4,1","6,4,2","8,7,5,3,1","7,4,1","8,6,5,3,2","8,6,3,2","7,5,4,1","8,7,5,4,2","6,3,1","7,8,5,3,4,1","6,2","8,6,5,3,1","7,4,2","4,8,5","7,6,3,1,2","6,5","7,4,2,3","8,1","1,3","7,8,4","6,5,2","3,4,7,6","1,5","2,8","1,3","5,2,8,6","4,7","6,3,7","2,8,5","4,1","3,5,7,2","6,1","4,8",4,4,4,4,7,4,4,5,5,5,5,5,5,5,5,5,5,5,5,4,5,4,5,4,5,5,6,5,3,4,6,6,5,4,3,4,5,4,4,4,4,7,7,7,7,6,7,7,5,4,7,4,4,4,4,4,5,4,4,4,4,6,4,5,6,5,6,7,6,7,6,5,5,6,4,4,6,5,5,4,6,3,4,4,3,4,4,3,7,3,5,3,4,5,5,5,4,4,4,5,5,5,5,5,5,5,6,4,6,5,4,5,3,7,7,6,4,5,6,5,5,4,5,5,5,4,5,7,5,4,6,5,4,5,4,7,5,5,6,5,5,5,6,6,3,5,5,4,4,5,4,4,4,5,5,5,3,2,3,2,1,2,2,3,2,3,2,6,5,5,7,4,6,2,3,3,2,5,7,5,6,5,3,6,7,6,4,5,2,5,6,5,6,4,6,5,5,5,5,5,5,5,5,20,Female,Asian,3.5,Third year (Junior),YES,NA,760,760,33,162,8,36,8,40,8,37,8,42,8,32,10,64,10,41,10,58,10,50,6,22,6,23,5,22,5,25,3,16,5,24,4,23,3,15,3,14,12,30,12,55,12,60,TRUE,1,1,1,1,1,1,1,1,1,1,1,1,1,1,0,14,TRUE,1,1,1,1,1,1,1,1,1,1,0,0,0,0,0,0,0,0,1,1,0,0,0,0,0,0,0,0,0,0,0,0,0,0,1,1,1,1,1,0,0,0,0,0,0,0,0,0,5,250
100,100,19258,QPPQ,VWXY,PWXQ,STWX,GFFG,QQBB,EGFH,BODQ,FUZG,CLXC,NA,NA,NA,NA,NA,"5,3,2","8,7,6,4,1","6,4,2","8,7,5,3,1","3,7,4","6,5,2,8,1","8,6,3,2","7,5,4,1","8,7,2,5,4","3,1,6","8,4,2,1","6,7,5,3","3,8,5,2,1","4,7,6",NA,4,NA,NA,NA,NA,NA,NA,NA,NA,NA,NA,NA,NA,NA,NA,NA,NA,NA,NA,4,5,5,4,6,6,4,4,4,5,4,5,4,5,3,3,4,5,5,4,4,4,4,5,5,5,5,5,3,5,4,4,5,4,5,5,5,4,4,5,5,6,5,5,5,4,6,4,4,4,5,4,6,5,5,4,5,5,5,5,5,5,6,5,5,5,6,5,5,5,5,5,5,5,3,5,5,4,5,5,5,5,5,5,5,4,3,3,7,4,5,3,6,5,5,5,5,5,6,3,2,3,5,2,2,3,5,2,3,3,5,3,5,7,6,6,3,3,5,6,5,3,5,6,5,7,6,5,5,5,6,7,5,6,6,6,6,6,5,6,6,5,6,6,5,5,6,5,4,6,5,5,5,6,6,3,2,2,2,2,1,2,2,2,3,2,3,3,6,5,6,3,2,3,5,5,4,7,3,6,6,6,6,6,6,7,6,6,5,6,6,6,6,5,6,5,6,5,6,6,6,6,7,22,Female,Black or African American,3.51,Fourth year (Senior),YES,32,NA,NA,33,184,8,38,8,33,8,35,8,38,8,37,10,48,10,49,10,52,10,47,6,27,6,26,5,26,5,15,3,10,5,16,4,24,3,11,3,14,12,26,12,52,12,72,TRUE,1,0,1,1,1,1,1,1,1,1,0,0,0,0,0,9,TRUE,1,1,1,1,0,0,1,1,1,1,0,0,0,0,0,0,0,0,0,0,0,0,0,0,0,0,0,0,0,0,0,0,0,0,1,1,0,1,1,0,0,0,0,0,0,0,0,0,4,226
101,100,2905,QPPQ,PRST,PWXQ,BCEF,GFFG,EETT,EGFH,FHXZ,VIJW,JCVC,ZAGZ,CGVZ,VEBT,PSQT,NA,"5,3,2","8,7,6,4,1","4,2","8,7,6,5,3,1","6,3,1","8,7,5,4,2","8,6,2,3","4,7,5,1","8,7,6,5,2","4,3,1","7,5,4,3,2,1","8,6","5,3,2,1","8,7,6,4","6,3,2,1","8,7,5,4",NA,NA,NA,NA,NA,NA,"6,4,3","5,1","7,8,2","2,7,3","1,8,6,4",5,"1,4","2,5,6,7,3",8,"2,5","3,8,7","1,6,4",5,4,5,5,7,4,5,7,3,6,4,3,4,5,4,5,6,6,6,4,6,5,7,6,7,6,7,7,3,7,6,7,7,6,6,7,6,5,4,7,6,7,7,7,7,4,7,4,1,2,1,7,6,7,7,5,6,7,6,7,6,4,6,6,6,5,6,6,7,7,6,4,4,2,2,5,6,4,4,6,7,5,4,3,3,3,4,4,7,4,5,4,5,4,4,5,4,5,6,5,3,6,4,4,4,6,3,3,3,3,3,3,4,6,4,7,3,4,4,7,6,2,6,5,5,6,6,6,4,7,6,7,6,6,2,7,6,6,4,5,6,6,6,7,5,6,6,4,3,3,5,7,6,5,6,6,6,5,5,1,2,5,3,4,2,6,5,4,6,4,4,6,3,2,1,6,6,4,3,4,2,3,2,7,6,7,6,4,1,2,6,7,7,5,5,4,4,4,7,5,5,5,5,21,Female,White or Caucasian,3.4,Third year (Junior),NO,NA,NA,NA,33,181,8,42,8,34,8,46,8,54,8,47,10,47,10,64,10,59,10,44,6,22,6,26,5,24,5,22,3,13,5,15,4,21,3,11,3,15,12,50,12,49,12,50,TRUE,1,1,1,0,1,0,1,0,0,0,0,1,1,0,0,7,TRUE,1,1,0,0,0,0,1,1,0,0,0,0,0,0,0,0,0,0,0,0,0,0,0,0,1,0,0,0,0,0,0,1,1,1,1,0,0,1,0,0,0,0,0,0,0,0,0,1,3,243
102,100,2118,QPPQ,PRST,PWXQ,STWX,WXXW,QQBB,EGFH,BODQ,FUZG,CLXC,XDBK,CGVZ,VEBT,GKHM,DFIM,"5,3,2","8,7,6,4,1","4,6,2","8,7,5,3,1","7,4,1","8,6,5,3,2","8,6,3,2","7,5,4,1","8,7,5,4,2","6,3,1","7,5,4,3,2,1","8,6","8,6,5,3,1,2","7,4","8,6,4,2,1","7,5,3","6,3","7,5,4,2,1",8,"3,1",4,"8,5,7,6,2",NA,"1,3",2,NA,NA,NA,NA,NA,NA,NA,NA,NA,5,5,7,7,7,6,7,7,5,5,5,6,6,5,4,5,4,4,7,4,7,5,5,7,5,7,7,6,3,6,6,5,6,4,5,6,5,7,4,5,6,7,7,7,7,7,7,7,4,4,5,7,7,6,7,5,7,7,7,7,7,5,5,6,7,6,5,5,5,5,5,3,5,7,3,6,5,4,4,6,7,6,6,5,4,6,5,6,7,4,6,4,3,6,6,6,5,6,6,4,6,6,6,6,6,6,6,3,6,5,2,1,5,7,6,6,2,1,4,6,6,3,5,2,5,4,2,5,3,6,6,4,4,2,1,7,4,5,2,4,6,5,6,3,2,7,6,3,2,5,2,6,5,6,4,6,5,5,5,4,5,6,4,5,6,5,4,6,5,7,7,5,3,3,3,6,6,7,4,4,5,6,3,6,6,6,6,5,2,2,2,6,3,4,3,4,6,6,6,3,4,5,4,18,Male,Hispanic or Latino,2.9,Third year (Junior),YES,NA,480,490,33,139,8,51,8,41,8,43,8,48,8,42,10,62,10,67,10,54,10,50,6,32,6,29,5,29,5,28,3,18,5,17,4,24,3,7,3,15,12,60,12,62,12,53,TRUE,1,1,1,1,0,1,1,1,1,1,1,1,1,1,0,13,TRUE,1,1,1,1,1,1,1,1,1,1,0,0,0,0,0,0,0,0,0,1,0,0,0,0,0,0,0,0,0,0,0,0,0,0,1,1,1,1,1,0,0,0,0,0,0,0,0,0,5,240
103,100,3592,QPPQ,PRST,PWXQ,STWX,BCCB,QQBB,EGFH,HJPR,FUZG,CLXC,XDBK,CGVZ,VEBT,PSQT,NA,"2,3,5","6,1,8,7,4","6,4,2","7,8,5,1,3","7,4,1","5,8,3,6,2","8,6,2,3","7,5,4,1","2,8,5,4","3,6,7,1","8,4,5,2","1,3,7,6","5,1,2","3,4,7,6,8",NA,NA,NA,NA,NA,NA,NA,NA,NA,NA,NA,NA,NA,NA,NA,NA,NA,NA,NA,NA,7,6,7,5,7,7,7,6,5,6,5,6,6,7,5,5,7,4,6,6,6,7,6,6,6,6,7,7,3,6,6,7,7,7,6,7,6,6,6,6,6,7,7,7,7,4,7,4,4,4,4,7,6,7,7,6,7,7,7,7,7,7,7,7,7,7,7,7,7,7,7,6,5,6,6,6,6,4,6,5,6,6,7,6,6,5,7,5,7,6,6,6,6,6,5,4,5,4,3,2,2,6,3,3,5,5,4,5,7,7,6,7,5,6,7,6,2,2,5,6,7,4,6,5,6,5,4,6,6,4,5,6,3,5,7,7,5,5,7,6,5,7,4,5,4,7,6,6,5,5,5,6,5,6,3,5,3,2,2,5,4,5,6,5,5,5,4,6,7,7,7,6,6,6,3,6,6,3,1,4,6,6,6,6,6,6,6,5,4,3,4,7,6,5,7,6,6,5,7,7,7,7,7,20,Female,Hispanic or Latino,3.7,Third year (Junior),NO,NA,650,720,33,177,8,52,8,45,8,48,8,52,8,50,10,55,10,68,10,70,10,56,6,37,6,35,5,21,5,16,3,14,5,32,4,24,3,9,3,17,12,51,12,64,12,62,TRUE,1,1,1,1,0,1,1,0,1,1,1,1,1,0,0,11,TRUE,1,1,1,1,1,1,1,1,0,0,1,1,0,0,0,0,0,0,0,0,0,0,0,0,0,0,0,0,0,0,0,0,0,0,1,1,1,1,0,1,0,0,0,0,0,0,0,0,5,229
105,100,1793,QPPQ,PRST,PWXQ,STWX,GFFG,QQBB,ABDC,BODQ,FUZG,CLXC,PFCC,CGVZ,ZIFX,GKHM,KIFB,"5,3,2","8,7,6,4,1","6,4,2","8,7,5,3,1","7,4,1","8,6,5,3,2","8,6,3,2","7,5,4,1","8,7,2,5,4","1,3,6","5,4,2,1","8,7,6,3","8,7,5,3,1","6,4,2","5,1","8,7,6,4,3,2","6,1","2,7,5,4","8,3","2,8,1","7,6,4","5,3","7,8,3","6,5,1","4,2","3,8,5","1,6","2,4,7","3,6","1,7,8","2,4,5","2,5,7","3,6,8","1,4",6,6,6,6,6,6,7,6,3,4,6,4,3,5,6,5,5,4,5,6,4,5,5,5,4,6,5,4,3,6,6,5,4,3,4,6,6,4,7,3,5,7,7,7,7,5,6,6,4,3,6,7,3,5,7,5,6,6,7,3,6,3,6,3,6,4,6,6,5,5,6,4,2,6,5,7,5,4,3,5,5,2,2,5,5,2,3,3,7,2,6,5,2,3,5,3,3,6,6,5,6,6,6,2,5,6,7,1,3,2,5,1,1,6,2,5,2,2,5,6,7,1,5,3,2,6,3,5,6,6,3,5,5,2,2,6,3,3,3,2,4,6,2,3,5,7,3,2,6,2,5,6,2,5,6,7,7,5,5,6,6,7,6,5,6,7,7,7,6,6,7,7,6,3,3,6,7,7,3,3,3,2,1,6,6,3,5,5,1,3,3,3,2,3,6,5,3,3,7,5,5,6,7,20,Female,White or Caucasian,3.35,Third year (Junior),YES,NA,720,780,33,134,8,49,8,36,8,39,8,40,8,38,10,58,10,55,10,50,10,46,6,19,6,21,5,23,5,25,3,18,5,12,4,14,3,9,3,14,12,74,12,68,12,41,TRUE,1,1,1,1,1,1,0,1,1,1,0,1,0,1,1,12,TRUE,1,1,1,1,1,1,1,1,1,1,0,0,1,1,0,0,0,0,0,0,0,0,0,0,0,0,0,0,0,0,0,0,0,0,1,1,1,1,1,0,1,0,0,0,0,0,0,0,6,250
106,100,3761,QPPQ,PRST,PWXQ,STWX,GFFG,QQBB,EGFH,BODQ,FUZG,CLXC,VEGV,CGVZ,NA,NA,NA,"6,8,7,4,1","5,3,2","1,5,4","7,8,6,3,2","1,4,7","6,8,2,3,5","1,5,4,7","8,6,3,2","7,8,2","1,6","5,4,3,1","2,6,7,8","8,7,5","6,3,4,2,1",NA,NA,NA,NA,NA,NA,NA,NA,NA,NA,NA,NA,NA,NA,NA,NA,NA,NA,NA,NA,6,4,6,6,7,7,7,5,3,7,7,5,4,7,5,4,5,6,6,6,6,6,7,7,7,7,7,6,3,7,7,6,7,7,7,7,7,7,7,4,4,7,7,7,7,3,7,6,4,2,3,7,5,3,7,6,7,7,7,6,6,6,7,7,7,6,7,5,7,7,7,7,1,7,1,7,7,3,4,4,7,2,6,5,3,5,2,5,7,1,1,2,5,5,6,6,6,6,7,3,5,7,5,5,6,6,7,2,3,3,2,5,3,7,7,7,4,2,6,6,3,1,6,6,5,7,5,7,6,7,7,6,6,3,4,6,3,6,5,7,7,5,6,7,7,7,5,5,6,7,6,7,6,7,7,5,2,1,2,2,2,6,2,3,6,2,2,2,2,6,5,5,3,5,5,7,7,4,1,5,6,5,3,6,6,7,7,5,1,6,7,7,1,6,7,7,6,6,1,1,7,7,7,22,Female,Black or African American,3.067,Third year (Junior),YES,NA,690,550,33,197,8,48,8,42,8,49,8,54,8,50,10,53,10,61,10,66,10,48,6,23,6,19,5,31,5,25,3,19,5,15,4,24,3,12,3,10,12,35,12,52,12,64,TRUE,1,1,1,1,1,1,1,1,1,1,0,1,0,0,0,11,TRUE,0,0,0,0,1,1,0,0,0,0,0,0,0,0,0,0,0,0,0,0,0,0,0,0,0,0,0,0,0,0,0,0,0,0,0,0,1,0,0,0,0,0,0,0,0,0,0,0,1,227
107,100,1836,QPPQ,VWXY,PWXQ,STWX,GFFG,CCRR,EGFH,FHXZ,PABQ,JCVC,ZAGZ,CGVZ,MZXJ,GKHM,DFIM,"2,5,3","1,8,4,7,6","2,6,4","7,8,5,3,1","1,7,4","8,3,2,5,6","8,6,3,2","7,5,4,1","8,7,5,4,3,2","6,1","7,4,3,5,2,1","8,6","4,5,1,3","7,8,2,6","2,1,7,6","4,3,8,5","2,3,1","5,7","6,4,8","3,1","7,4","5,2,8,6","6,4","3,5,1","8,2,7","7,1","4,5,8","6,2,3","6,3,4","2,1","5,8,7","5,2","7,3,8","6,4,1",5,6,6,4,5,5,6,6,4,6,6,5,5,7,6,5,3,6,6,4,5,4,7,6,6,6,6,5,3,6,6,4,5,5,6,6,4,5,5,5,5,6,6,6,6,4,5,4,5,3,5,7,6,5,7,5,5,7,6,7,7,4,5,5,5,6,5,6,6,6,6,4,6,7,4,6,5,4,5,7,7,5,6,5,4,3,5,5,7,6,6,4,5,6,7,5,5,5,6,2,2,5,2,3,4,3,2,1,3,5,5,2,5,6,6,7,4,3,4,5,6,3,7,6,6,7,7,5,5,6,7,6,5,6,6,6,7,6,6,7,5,5,6,6,6,6,6,4,4,7,4,6,6,6,5,5,2,2,2,3,2,4,3,3,3,2,2,7,6,7,7,5,5,2,2,6,6,7,6,6,5,6,6,6,6,7,7,5,2,4,4,6,3,6,6,6,6,6,6,5,6,6,6,18,Female,Hispanic or Latino,3.533,First year (Freshman),YES,NA,720,660,33,193,8,43,8,44,8,41,8,44,8,41,10,50,10,62,10,54,10,55,6,28,6,32,5,28,5,14,3,9,5,16,4,24,3,11,3,14,12,33,12,66,12,64,TRUE,1,0,1,1,1,0,1,0,0,0,0,1,0,1,0,7,TRUE,1,1,1,1,1,1,1,1,0,0,0,0,0,0,0,0,0,0,0,1,1,1,1,1,1,0,0,0,0,1,0,1,1,1,1,1,1,1,0,0,0,0,0,1,1,0,0,1,7,250
109,100,2043,QPPQ,PRST,PWXQ,STWX,GFFG,CCRR,EGFH,KMTV,COPD,CLXC,ZAGZ,CGVZ,VEBT,EJFK,KIFB,"2,5,3","8,4,6,7,1","4,6,2","8,7,5,1,3","4,7,1,3","6,8,5,2","8,6,3,2","7,5,4,1","7,5,2,8,4","6,3,1",NA,NA,NA,NA,NA,NA,NA,NA,NA,NA,NA,NA,NA,NA,NA,NA,NA,NA,"1,5,8,7","2,4,6",3,"2,5","8,3,7","6,4,1",7,7,6,6,7,7,5,6,7,7,6,6,4,7,6,7,7,5,6,6,7,6,7,7,7,6,7,6,3,7,5,6,5,7,7,7,5,4,7,6,7,7,7,7,7,5,7,7,6,4,5,7,7,7,7,7,7,7,7,7,5,7,7,6,6,4,7,6,7,6,7,7,6,5,4,6,7,4,7,7,6,7,6,6,6,6,7,6,7,4,5,5,6,6,5,6,3,3,4,3,3,4,2,2,5,3,5,5,2,4,NA,2,6,7,6,7,5,3,4,7,5,3,5,4,5,7,6,7,4,4,5,5,4,4,4,5,5,6,4,5,5,5,3,5,4,6,5,5,3,6,4,5,7,7,4,5,6,2,2,5,7,7,5,3,5,5,6,6,7,4,5,5,6,3,3,3,4,4,1,5,6,5,3,6,6,6,5,5,4,4,3,5,5,6,6,6,6,6,6,7,7,7,7,18,Female,Black or African American,3.768,Second year (Sophomore),NO,NA,NA,NA,33,163,8,51,8,50,8,51,8,49,8,50,10,62,10,68,10,63,10,59,6,38,6,32,5,21,5,14,3,13,4,16.25,4,26,3,12,3,15,12,58,12,51,12,58,TRUE,1,1,1,1,1,0,1,0,0,1,0,1,1,0,1,10,TRUE,1,1,1,1,0,0,1,1,1,1,0,0,0,0,0,0,0,0,0,0,0,0,0,0,0,0,0,0,0,0,0,1,1,1,1,1,0,1,1,0,0,0,0,0,0,0,0,1,5,231
110,100,1697,QPPQ,FGHI,PWXQ,STWX,GFFG,QQBB,EGFH,BODQ,FUZG,CLXC,XDBK,CEIZ,KXVH,PSQT,HJMQ,"3,5,2","7,1,4,6,8","2,4,6","5,8,7,3,1","7,4,1","5,6,8,3,2","2,3,6,8","4,7,5,1","7,6,4,5,2","1,8,3","3,7,2,8,5,4,1",6,"1,8,7,5,3","2,4,6",NA,NA,"3,2","6,5,4,7","8,1","1,3","7,4,5","2,8,6","6,4","1,3,5","7,2,8","8,7,5,2","1,4","3,6","8,6,7,3","2,1","4,5","2,5","3,8,7","1,6,4",7,7,7,7,7,7,6,7,7,5,6,7,7,7,7,7,7,7,7,7,7,7,7,7,7,7,7,7,3,7,7,7,7,7,6,7,6,6,6,7,6,7,7,7,7,7,4,7,1,7,7,7,6,6,7,7,6,7,7,6,6,7,7,7,7,7,7,7,7,7,7,7,7,7,7,7,7,7,7,7,7,6,6,4,6,6,6,5,7,6,7,7,6,7,7,6,7,6,4,2,2,7,2,6,5,4,6,2,2,2,2,2,7,7,7,7,5,7,6,7,7,4,7,7,7,7,2,5,5,7,7,7,5,7,7,7,7,7,7,6,4,5,5,6,4,6,6,6,6,4,4,6,6,7,4,7,5,1,4,7,6,1,4,4,4,2,2,7,7,7,7,7,7,1,7,7,7,4,7,7,6,7,4,7,5,7,7,7,6,7,1,5,7,7,7,7,6,6,6,6,6,6,6,20,Female,Asian,4,Third year (Junior),NO,NA,NA,NA,33,193,8,55,8,53,8,56,8,56,8,51,10,61,10,65,10,70,10,70,6,34,6,38,5,30,5,19,3,15,5,10,4,28,3,18,3,18,12,47,12,75,12,71,TRUE,1,0,1,1,1,1,1,1,1,1,1,0,0,0,0,10,TRUE,1,1,1,1,1,1,1,1,0,0,0,0,1,1,0,0,0,0,1,1,0,0,1,1,1,0,0,0,1,1,1,1,1,1,1,1,1,1,0,0,1,0,0,0,1,0,1,1,8,248
111,100,1445,QPPQ,PRST,PWXQ,STWX,GFFG,QQBB,UVXW,BODQ,VIJW,CLXC,VEGV,CGVZ,XGDV,RWSX,DFIM,"5,3,2","8,7,6,4,1","6,4,2","8,7,5,3,1","7,4,3","8,6,5,2,1","8,6,3,2","7,5,4,1","8,7,5,4,2","6,3,1","5,4,3,1","8,6,2,7","8,6,5,3,1","7,4,2","8,7,6,1","5,4,3,2","6,4","7,5,3,2","8,1","3,1","8,7,4","2,6,5","6,4","5,1,3","8,7,2","2,5,7","1,3,4","6,8","5,8,7","2,3,1","4,6","2,5","3,8,7","6,1,4",6,4,4,5,6,4,4,4,6,6,6,5,6,6,5,6,5,4,6,4,6,6,4,6,7,6,6,5,3,6,6,6,6,4,4,4,6,6,4,6,5,4,4,3,5,4,5,4,4,4,4,7,5,7,7,6,5,6,6,5,6,6,6,6,6,6,6,6,6,6,6,6,6,6,6,6,6,6,6,6,6,4,5,5,5,3,5,6,7,5,6,3,5,6,6,5,3,5,5,3,3,5,3,3,5,3,3,5,5,6,3,3,5,6,3,5,5,6,6,6,6,6,6,6,5,6,6,7,6,6,6,6,6,5,5,7,6,6,6,6,6,6,2,6,5,7,5,5,5,3,5,6,6,5,6,7,6,6,6,6,6,2,7,6,5,2,3,6,7,6,6,6,6,3,5,6,6,5,3,5,5,4,2,3,6,5,7,6,2,2,2,6,3,7,7,7,7,1,5,1,7,5,7,18,Female,Asian,3.81,First year (Freshman),YES,NA,780,790,33,185,8,37,8,46,8,41,8,48,8,39,10,41,10,60,10,60,10,60,6,27,6,31,5,24,5,17,3,11,5,22,4,19,3,17,3,18,12,62,12,65,12,49,TRUE,1,1,1,1,1,1,0,1,0,1,0,1,0,0,0,9,TRUE,1,1,1,1,0,0,1,1,1,1,0,0,0,0,0,0,0,0,1,1,0,0,1,1,1,1,1,1,0,0,0,1,1,1,1,1,0,1,1,0,0,0,0,0,1,1,0,1,7,250
112,100,1492,QPPQ,PRST,PWXQ,STWX,GFFG,QQBB,EGFH,NA,FUZG,CLXC,NA,CGVZ,VEBT,PSQT,DFIM,"5,3,2","8,7,6,4,1","2,4,6","5,7,8,3,1","1,4,7","8,6,5,3,2","8,6,3,2","7,5,4,1",NA,NA,"5,4,8,2","3,7,6,1","2,3,1","4,5,6,7,8","1,4,5,6","2,3,8,7",NA,NA,NA,1,3,2,NA,NA,NA,NA,NA,NA,NA,NA,NA,NA,NA,NA,6,6,6,5,7,6,5,6,5,6,6,4,2,6,2,5,5,6,7,6,5,5,7,6,7,6,6,6,3,6,6,6,5,5,6,6,5,4,5,6,6,7,6,6,6,3,7,5,2,3,3,6,6,6,6,6,5,6,6,6,4,6,6,6,7,6,5,5,6,6,6,6,6,6,4,6,5,5,6,7,7,6,5,5,6,5,6,4,7,4,4,5,5,5,3,6,6,5,3,4,4,5,5,5,5,5,5,4,5,4,5,3,6,7,5,6,4,3,4,7,6,5,5,6,5,5,3,4,5,5,5,5,4,5,5,6,3,5,4,2,5,5,5,5,6,5,3,4,4,5,5,5,5,5,3,5,4,4,5,4,1,2,3,4,3,1,2,5,6,3,2,6,3,3,4,4,4,4,4,5,4,6,7,5,6,6,6,5,1,6,5,5,4,5,5,6,6,5,5,5,5,5,5,20,Male,Hispanic or Latino,3.8,Second year (Sophomore),NO,NA,NA,NA,33,152,8,47,8,36,8,47,8,48,8,43,10,48,10,57,10,59,10,58,6,33,6,27,5,23,5,23,3,15,5,21,4,24,3,11,3,18,12,38,12,48,12,62,TRUE,1,1,1,1,1,1,1,0,1,1,0,1,1,0,0,11,TRUE,1,1,1,1,1,1,1,1,0,0,1,1,0,0,0,0,0,0,0,0,0,0,0,0,0,0,0,0,0,0,0,0,0,0,1,1,1,1,0,1,0,0,0,0,0,0,0,0,5,231
113,100,1958,QPPQ,PRST,PWXQ,STWX,BCCB,QQBB,EGFH,CERT,COPD,CFCR,XDBK,CGVZ,VEBT,PSQT,HJMQ,"3,2,5","8,6,7,4,1","6,4,2","3,5,7,8,1","3,1,4,7","6,5,8,2","6,3","5,8,7,4,2,1","8,5,4,2","7,6,3,1","6,7,8,5,4,3,2,1",NA,"4,5,3,8,2,1","7,6","3,8,6,1","5,7,2,4","6,2,1","5,7","8,3,4","3,1","8,4","6,7,5,2","6,4","3,5,1","8,7,2","1,6,4","3,7,5","2,8","1,5,7",2,"3,6,8,4","2,5","3,8","1,7,4,6",7,6,5,5,5,6,5,5,5,6,5,6,6,6,6,6,6,6,5,5,6,6,6,7,5,6,6,5,3,7,6,6,6,5,5,6,5,6,5,6,5,6,6,6,6,2,6,6,1,2,4,6,6,7,6,4,6,6,6,6,6,6,6,6,6,6,6,6,6,6,6,6,4,6,5,6,6,6,6,7,7,5,5,3,4,4,5,5,7,3,4,5,5,5,4,5,3,5,2,5,5,6,6,6,6,6,6,6,5,6,5,6,6,5,5,6,5,5,5,5,5,5,6,5,6,6,3,5,5,5,5,6,6,5,5,6,4,5,5,6,6,6,6,4,5,6,6,5,5,3,4,6,5,6,3,5,6,5,4,4,4,3,2,4,5,2,2,5,5,6,7,3,2,4,5,6,7,7,7,5,6,3,3,5,6,6,5,5,2,6,5,6,6,5,6,6,6,5,6,6,5,6,4,18,Male,two or more races,3.5,First year (Freshman),YES,NA,770,750,33,170,8,44,8,46,8,47,8,47,8,43,10,45,10,59,10,60,10,59,6,26,6,27,5,19,5,28,3,18,5,28,4,22,3,15,3,15,12,46,12,64,12,57,TRUE,1,1,1,1,0,1,1,0,0,0,1,1,1,0,0,9,TRUE,1,1,1,1,0,0,0,0,0,0,0,0,0,0,0,0,0,0,0,1,0,0,1,1,1,0,0,0,0,0,0,1,0,0,1,1,0,0,0,0,0,0,0,0,1,0,0,0,3,249
114,100,2162,QPPQ,PRST,PWXQ,STWX,GFFG,QQBB,EGFH,BODQ,FUZG,CLXC,XDBK,CGVZ,MZXJ,RWSX,LHEC,"2,3,5","8,7,6,1,4","6,4,2","8,7,5,3,1","7,4,1","8,6,5,2,3","8,6,3,2","7,5,4,1",NA,NA,"5,2,8,4","3,7,6,1","6,5,3,1","8,7,4,2","5,1","8,7,6,2,4,3",NA,NA,NA,"3,1","7,4","8,6,5,2","4,6","1,5,3","2,7,8","2,5,7","1,3,4","6,8",NA,NA,NA,"2,5","3,7,8","1,4,6",3,3,5,3,7,4,5,3,3,6,2,1,4,4,4,3,3,5,5,4,3,4,2,5,5,5,6,4,3,5,3,5,4,6,4,5,4,5,5,5,6,6,4,4,5,2,6,5,3,4,2,4,6,5,5,3,6,5,5,5,5,4,6,5,5,5,6,7,5,6,6,6,4,4,2,6,5,6,6,7,3,5,5,5,5,6,6,5,7,2,5,3,5,5,6,3,4,5,4,2,3,6,5,2,5,6,4,5,5,5,4,4,5,6,6,6,3,4,5,6,4,5,2,5,6,6,3,5,4,5,6,6,4,6,6,7,3,6,4,5,5,5,5,4,6,7,5,6,4,5,5,6,5,5,4,3,2,3,2,3,3,2,2,4,4,3,2,6,5,4,6,5,2,3,5,7,6,4,2,6,4,2,1,4,6,5,5,4,3,3,3,6,5,6,6,5,6,6,5,6,6,7,5,21,Female,White or Caucasian,3.2,Third year (Junior),YES,NA,660,780,33,166,8,33,8,27,8,31,8,37,8,40,10,41,10,49,10,55,10,49,6,32,6,25,5,22,5,18,3,15,5,23,4,23,3,12,3,15,12,33,12,55,12,46,TRUE,1,1,1,1,1,1,1,1,1,1,1,1,0,0,0,12,TRUE,1,1,1,1,1,1,1,1,0,0,1,1,0,0,0,0,0,0,0,1,1,1,1,1,1,1,1,1,0,0,0,1,1,1,1,1,1,1,0,1,0,0,0,1,1,1,0,1,9,242
116,100,2544,QPPQ,PRST,PWXQ,STWX,GFFG,QQBB,EGFH,FHXZ,VIJW,CLXC,VEGV,CGVZ,ZIFX,GKHM,KIFB,"5,3,2","8,7,6,4,1","6,4,2","8,7,5,3,1","7,4,1","8,6,5,3,2","8,6,3,2","7,5,4,1","4,2,8,7,5","6,3,1","7,8,5,4,3,2,1",6,"5,4,3,2,1","7,8,6","6,5,1","8,7,4,3,2","3,1","4,7,6,5","8,2","3,1","7,4","5,8,6,2","4,5,6,3","1,2",8,NA,NA,NA,NA,NA,NA,NA,NA,NA,7,7,7,7,7,7,7,7,3,5,5,6,6,6,7,4,5,7,5,5,5,5,7,7,6,5,7,5,3,5,6,6,6,7,7,7,7,7,7,7,7,7,7,7,7,5,7,6,5,4,4,7,7,7,7,6,7,7,7,7,7,7,6,7,7,7,7,7,6,6,6,7,6,6,3,7,6,4,6,6,7,4,6,5,5,4,4,4,7,2,5,4,5,5,5,5,4,5,3,3,5,7,5,4,6,5,5,5,5,6,4,5,5,7,6,7,4,6,5,6,6,7,6,6,6,7,6,6,4,6,6,6,5,6,7,6,6,7,5,6,6,5,6,6,5,7,6,7,4,6,5,6,5,6,6,5,6,2,1,2,2,2,2,2,5,3,3,6,7,7,7,5,7,3,4,7,6,7,7,3,3,6,3,7,6,6,7,6,2,7,6,7,5,5,5,6,6,6,7,6,7,6,7,19,Female,White or Caucasian,3.85,First year (Freshman),YES,35,NA,NA,33,193,8,56,8,42,8,46,8,46,8,56,10,59,10,69,10,66,10,58,6,28,6,25,5,22,5,24,3,16,5,25,4,25,3,15,3,19,12,35,12,73,12,62,TRUE,1,1,1,1,1,1,1,0,0,1,0,1,0,1,1,11,TRUE,1,1,1,1,1,1,1,1,1,1,0,0,0,0,1,1,0,0,0,1,1,1,0,0,0,0,0,0,0,0,0,0,0,0,1,1,1,1,1,0,0,1,0,1,0,0,0,0,7,241
117,100,2999,QPPQ,PRST,PWXQ,FGIJ,GFFG,QQBB,EGFH,FHXZ,COPD,CLXC,XDBK,CGVZ,VEBT,GKHM,HJMQ,"3,5,2","8,7,6,4,1","6,4,2","3,7,8,5,1","4,7,1","3,5,8,6,2","6,8,3,2","4,5,7,1","7,8,5,4,2","6,3,1","5,4,8,1","3,7,6,2","8,5,3,1","2,4,6,7","5,6,1","3,8,7,2,4","1,3","2,4",8,"1,3","4,7","8,5,6,2","4,6","5,1,3","8,2,7","2,7,5","1,4,3","8,6","8,6,7,3","1,2","5,4","5,2","8,7,3","1,4,6",6,7,7,6,6,7,5,7,5,5,5,6,5,4,5,5,4,4,5,4,4,4,4,5,6,6,5,5,3,6,6,6,6,4,2,4,5,4,4,4,3,6,6,7,7,3,6,5,3,3,3,7,6,7,7,2,7,7,6,6,6,5,5,6,6,6,4,6,6,6,6,6,3,5,5,6,2,3,5,5,7,6,5,6,7,6,6,5,7,5,5,5,6,6,2,4,2,3,1,1,2,2,2,1,3,6,6,6,6,6,5,5,7,6,5,7,4,1,5,6,5,6,3,3,6,5,5,7,2,5,5,3,6,2,5,7,5,5,4,5,2,5,3,3,1,6,5,3,6,6,5,4,3,5,6,5,6,2,2,2,2,6,2,5,4,5,5,6,5,6,7,6,6,5,3,7,7,6,3,3,5,5,6,7,7,6,6,6,3,6,6,6,6,7,6,6,7,6,7,7,7,7,7,21,Female,White or Caucasian,3.938,Third year (Junior),YES,NA,770,790,33,146,8,51,8,40,8,34,8,46,8,30,10,49,10,61,10,56,10,47,6,36,6,32,5,12,5,8,3,15,5,28,4,25,3,10,3,17,12,46,12,67,12,66,TRUE,1,1,1,0,1,1,1,0,0,1,1,1,1,1,0,11,TRUE,1,1,1,1,1,1,1,1,1,1,0,0,0,0,1,1,0,0,0,1,1,1,1,1,1,1,1,1,1,1,1,1,1,1,1,1,1,1,1,0,0,1,0,1,1,1,1,1,11,250
120,100,1624,QPPQ,PRST,PWXQ,STWX,GFFG,QQBB,OPRQ,BODQ,FUZG,CLXC,XDBK,CGVZ,MZXJ,RWSX,LHEC,"2,5,3","7,6,4,1,8","6,4,2","7,8,3,5,1","7,4,1","8,6,5,3,2","8,6,3,2","7,5,4,1","8,7,5,4,2","6,3,1","5,4,8,2","6,1,3,7","8,6,5,3,1","7,4,2","5,4,1","8,7,2,6,3",1,"5,7,4","3,2,8,6","3,1","7,4","8,2,6,5","4,6","1,5,3","7,2,8","2,7,5","1,4,3","6,8","1,7","2,6,4,8","3,5","2,5","3,8,7","1,6,4",4,3,4,7,4,7,3,4,3,4,6,2,3,7,3,3,4,3,5,4,3,4,4,6,6,7,6,6,3,5,7,5,4,4,4,6,6,6,5,6,5,5,7,5,7,6,5,6,6,6,6,4,5,3,6,4,6,4,5,3,5,4,5,5,4,6,4,3,6,6,6,7,3,5,4,7,4,5,6,4,5,6,7,5,6,6,6,4,7,5,6,5,7,6,7,6,6,7,6,2,1,1,2,1,1,1,2,1,5,2,2,2,6,7,5,7,4,5,5,3,5,2,4,4,4,5,6,6,4,5,5,5,2,4,5,6,5,5,5,6,5,6,5,5,4,5,6,6,5,5,6,6,4,6,6,6,5,2,1,5,4,5,5,2,2,3,4,7,6,7,7,3,5,4,3,7,7,4,6,5,6,5,6,6,7,5,5,5,5,5,6,5,4,3,5,5,4,5,5,6,7,7,7,20,Female,Asian,3.9,Third year (Junior),YES,35,750,800,33,166,8,36,8,31,8,33,8,46,8,42,10,59,10,45,10,49,10,50,6,36,6,33,5,32,5,7,3,4,5,12,4,25,3,14,3,10,12,44,12,66,12,66,TRUE,1,1,1,1,1,1,0,1,1,1,1,1,0,0,0,11,TRUE,1,1,1,1,1,1,1,1,1,1,1,1,0,0,0,0,0,0,0,1,1,1,1,1,1,1,1,1,0,0,0,1,1,1,1,1,1,1,1,1,0,0,0,1,1,1,0,1,10,250
122,100,1027,QPPQ,PRST,PWXQ,STWX,WXXW,QQBB,ABDC,FHXZ,VIJW,JCVC,PFCC,CGVZ,ZIFX,GKHM,DFIM,"5,3,2","6,8,7,4,1","6,2,4","7,8,5,3,1","4,7,1","8,6,5,3,2","8,6,3,2","7,5,4,1","7,8,2,1","6,5,3,4","8,7,4,5,2,3,1",6,"8,5,3,2,1","7,6,4","8,6,5,3,1","7,4,2","3,2,1","8,5,4","7,6","2,7,1","8,5,4,3",6,"6,4","3,5,1","8,7,2","7,1,4","8,3","2,5,6","2,8","1,4,6","3,7,5","2,5","3,7,8","1,6,4",7,7,5,4,7,7,7,7,5,7,6,7,7,7,7,7,7,7,7,7,4,7,6,7,7,7,7,7,3,7,7,7,7,7,7,7,7,7,7,7,6,5,7,7,7,6,7,5,2,4,4,7,7,7,7,7,7,7,7,7,5,7,7,7,7,7,7,7,7,7,7,6,7,7,6,7,7,7,6,6,7,7,7,7,7,7,7,7,7,7,7,7,7,7,7,7,7,7,7,2,2,4,3,2,5,5,2,2,4,2,2,5,5,7,7,6,5,5,5,7,6,5,7,7,7,7,1,7,7,7,7,7,7,7,7,7,7,7,7,7,7,7,7,7,7,7,7,7,7,1,7,7,7,7,1,5,4,4,3,3,3,3,2,4,4,3,3,5,2,5,5,5,5,6,5,6,5,6,5,6,7,5,3,6,5,7,6,6,3,3,5,7,7,7,7,7,7,7,7,7,7,7,7,20,Female,Asian,3.5,Second year (Sophomore),YES,34,NA,NA,33,213,8,51,8,53,8,52,8,56,8,55,10,54,10,68,10,70,10,66,6,42,6,42,5,35,5,13,3,12,5,15,4,25,3,15,3,18,12,41,12,60,12,62,TRUE,1,1,1,1,0,1,0,0,0,0,0,1,0,1,0,7,TRUE,1,1,1,1,1,1,1,1,0,0,0,0,0,0,0,0,0,0,0,0,0,0,1,1,1,0,0,0,0,0,0,1,1,1,1,1,1,1,0,0,0,0,0,0,1,0,0,1,6,250
124,100,1371,QPPQ,PRST,PWXQ,BCEF,GFFG,QQBB,EGFH,CERT,COPD,CLXC,XDBK,CGVZ,VEBT,PSQT,HJMQ,2,1,6,3,3,2,3,1,3,6,1,6,3,8,5,4,1,3,8,1,7,6,6,3,7,2,1,5,2,7,3,2,7,1,6,5,5,5,7,6,3,5,4,7,6,6,5,5,5,6,5,5,7,5,5,6,6,6,7,7,7,7,3,6,7,5,7,2,2,3,4,4,5,4,3,7,7,7,7,3,7,2,1,1,1,7,7,7,7,3,7,7,7,7,7,7,5,7,6,7,6,6,7,7,7,7,4,6,5,7,6,4,5,7,7,3,4,5,2,2,2,2,7,1,7,2,3,5,1,3,2,5,3,5,4,6,6,2,3,6,6,2,7,6,2,2,5,6,6,7,2,5,4,6,7,1,7,7,7,6,7,3,5,4,7,6,7,4,6,5,6,5,6,6,6,3,6,7,7,7,7,4,6,7,6,7,3,7,7,7,6,7,5,4,1,2,2,5,3,5,6,7,7,6,6,7,6,2,3,3,3,6,3,5,6,6,6,6,5,6,7,6,2,3,5,7,7,7,7,7,6,6,6,6,6,7,2,18,Female,White or Caucasian,3.931,First year (Freshman),YES,NA,770,770,33,194,8,42,8,44,8,45,8,53,8,27,10,43,10,66,10,65,10,58,6,18,6,20,5,14,5,23,3,15,5,19,4,24,3,11,3,14,12,53,12,59,12,63,TRUE,1,1,1,0,1,1,1,0,0,1,1,1,1,0,0,10,TRUE,0,0,0,0,0,0,0,0,0,0,0,0,0,0,0,0,0,0,0,0,0,0,0,0,0,0,0,0,0,0,0,0,0,0,0,0,0,0,0,0,0,0,0,0,0,0,0,0,0,250
125,100,2299,QPPQ,PRST,PWXQ,STWX,WXXW,EETT,EGFH,CERT,COPD,CGCS,TNLL,CEIZ,MZXJ,GKHM,HJMQ,"3,5,2","7,8,4,6,1","6,4,2","5,8,1,3,7","1,4,7","2,6,5,8,3","8,6,3,2","7,5,4,1","8,7,5,4,2","6,3,1","6,8,5,3,1","4,7,2",NA,NA,"8,7,5,1,2","6,4,3","7,2,4","8,6,1,5",3,"7,6,2","8,3,1","4,5","4,1,7,5",2,"3,8,6",NA,NA,NA,NA,NA,NA,NA,NA,NA,7,6,7,7,7,7,7,7,7,6,5,4,6,6,5,7,7,7,7,6,7,7,7,7,6,7,7,7,3,7,7,7,6,6,7,7,7,7,6,7,7,7,5,7,7,4,7,6,5,4,6,7,7,7,7,7,7,7,7,7,6,7,6,7,7,6,7,7,7,7,7,5,4,6,5,7,6,4,6,7,7,5,5,5,5,5,5,5,7,5,5,4,5,4,5,5,4,5,5,3,4,5,5,5,5,5,5,5,6,5,5,6,6,7,7,7,4,6,6,7,6,4,5,6,6,6,6,6,5,6,6,6,5,5,6,6,6,7,7,6,5,6,6,6,6,6,6,6,5,6,6,6,7,5,5,3,3,2,2,2,1,2,4,2,6,2,3,4,7,5,5,3,5,3,5,5,5,7,3,6,6,5,5,6,6,7,7,5,5,5,6,6,6,4,5,5,5,4,7,7,7,7,7,21,Male,White or Caucasian,3.4,Third year (Junior),YES,NA,700,730,33,193,8,55,8,46,8,55,8,54,8,54,10,58,10,69,10,68,10,57,6,30,6,28,5,24,5,22,3,15,5,27,4,27,3,16,3,17,12,32,12,57,12,69,TRUE,1,1,1,1,0,0,1,0,0,0,0,0,0,1,0,6,TRUE,1,1,1,1,1,1,1,1,1,1,0,0,0,0,0,0,0,0,0,0,0,0,0,0,0,0,0,0,0,0,0,0,0,0,1,1,1,1,1,0,0,0,0,0,0,0,0,0,5,239
126,100,1460,QPPQ,PRST,PWXQ,STWX,GFFG,QQBB,EGFH,BODQ,FUZG,CLXC,XDBK,CGVZ,VEBT,GKHM,LHEC,"5,2,3","1,8,7,6,4","6,4,2","8,7,5,3,1","7,4,1","8,6,5,3,2","8,6,3,2","7,5,4,1","8,7,5,4,2","6,3,1","8,5,4,2","7,6,3,1","8,6,5,3,1","7,4,2","7,5,3,1","8,6,4,2","7,2,1","4,3","8,6,5","3,1","7,4","8,6,5,2","6,4","5,3,1","8,7,2","2,7,5","1,4,3","6,8","8,7,6,3","1,2","4,5","2,5","7,8,3","4,1,6",6,5,6,6,6,6,6,6,4,6,6,6,6,6,6,6,5,6,6,5,5,4,5,6,6,6,6,6,3,5,6,6,6,5,6,6,6,6,6,5,4,6,6,6,6,3,6,6,3,4,4,6,6,6,6,5,6,6,6,6,6,6,6,6,6,6,6,6,6,6,6,5,5,6,3,6,4,4,5,5,6,6,6,6,6,6,6,5,7,6,6,6,6,6,6,6,6,6,6,3,3,3,3,3,3,3,3,3,5,5,3,5,6,6,5,6,3,4,5,6,3,2,5,6,6,6,6,5,5,6,3,5,5,3,6,6,5,6,6,5,3,6,5,3,6,6,6,3,5,5,4,6,5,5,5,6,6,5,5,5,4,3,3,3,3,2,3,5,5,6,6,6,5,3,3,6,6,6,2,6,6,3,3,5,5,6,6,6,3,5,5,6,3,6,6,6,6,6,6,6,6,6,6,22,Female,Asian American,4.25,Fourth year (Senior),YES,NA,800,800,33,168,8,47,8,46,8,42,8,47,8,44,10,50,10,59,10,60,10,49,6,36,6,35,5,30,5,15,3,9,5,21,4,23,3,12,3,11,12,48,12,59,12,59,TRUE,1,1,1,1,1,1,1,1,1,1,1,1,1,1,0,14,TRUE,1,1,1,1,1,1,1,1,1,1,1,1,0,0,0,0,0,0,0,1,1,1,1,1,1,1,1,1,1,1,1,1,1,1,1,1,1,1,1,1,0,0,0,1,1,1,1,1,11,250
130,100,1368,QPPQ,PRST,PWXQ,STWX,GFFG,QQBB,EGFH,HJPR,FUZG,JCVC,TNLL,CIOZ,MZXJ,AFBG,DFIM,"3,5,2","4,7,6,1,8","6,4,2","8,5,7,3,1","7,4,1","8,6,5,3,2","8,6,3,2","7,5,4,1","7,8,5,2","6,4,3,1","7,3,4,2","5,6,8,1","7,5,3,2,1","8,6,4","6,5,4,1","8,7,3,2","2,3","6,5,7,4","8,1","3,1","2,7,4","6,8,5","2,7,1","3,5","8,6,4","2,3,8","1,7,6","4,5","4,8,2","1,5,6","3,7","2,5","8,7,3","6,4,1",4,6,7,6,6,5,6,4,5,6,6,5,6,6,6,5,6,5,7,4,5,5,5,7,7,5,5,6,3,5,5,6,6,4,5,6,4,5,6,6,5,5,7,6,7,2,6,4,5,1,3,7,7,6,7,4,7,7,7,7,3,6,7,6,6,6,5,4,6,6,6,7,6,7,6,7,7,7,5,7,7,5,6,5,5,6,5,5,7,5,6,4,5,5,3,3,5,3,4,2,3,6,5,5,5,4,5,5,3,3,2,3,6,6,7,7,5,4,2,6,5,2,5,6,5,5,6,6,6,4,6,7,3,5,5,6,6,6,6,7,6,6,6,5,6,6,7,5,6,6,6,6,4,7,6,5,2,3,3,4,3,4,4,6,6,3,3,5,5,5,6,4,5,5,6,7,6,3,1,5,6,5,3,5,2,5,6,5,1,4,5,6,3,5,6,5,6,6,6,7,7,7,6,19,Female,White or Caucasian,3.5,First year (Freshman),YES,32,NA,NA,33,188,8,44,8,45,8,44,8,45,8,41,10,46,10,62,10,58,10,66,6,32,6,30,5,18,5,21,3,14,5,16,4,26,3,11,3,13,12,46,12,58,12,52,TRUE,1,1,1,1,1,1,1,0,1,0,0,0,0,0,0,8,TRUE,1,1,1,1,1,1,1,1,0,0,0,0,0,0,0,0,0,0,1,1,0,0,0,0,0,0,0,0,0,0,0,1,1,1,1,1,1,1,0,0,0,0,0,0,0,0,0,1,5,250
131,100,1649,QPPQ,PRST,PWXQ,STWX,GFFG,DDSS,EGFH,BODQ,FUZG,CLXC,XDBK,CGVZ,KXVH,GKHM,KIFB,"5,3,2","1,8,7,6,4","6,4,2","8,7,5,3,1","7,4,1","8,6,5,3,2","8,2,6,3","5,7,4,1","6,4,7,5","8,2,3,1","5,4,2,1","7,6,3,8","8,7,5,3,1","6,4,2","3,8,7,2,1","6,5,4","8,2","4,7,5","3,6,1","3,1",NA,"6,7,8,2,5,4","4,6,3","2,1,5","7,8","5,7,2","3,4,1","8,6","7,1","6,2","4,5,3,8","2,5","3,7,8","6,4,1",4,4,4,3,4,5,5,4,4,5,4,4,4,4,4,4,4,4,4,4,6,5,5,5,6,5,6,6,3,5,6,5,5,4,3,6,6,4,3,4,3,7,7,7,6,4,7,6,3,4,4,7,7,4,4,4,4,7,4,7,7,7,7,7,7,7,7,7,7,7,7,7,7,7,2,7,7,7,7,7,7,3,5,5,3,5,2,5,7,2,3,5,5,5,5,6,5,5,4,6,7,7,6,3,7,7,7,7,7,6,7,7,5,5,5,5,6,4,3,5,6,5,3,6,6,5,5,6,2,5,5,5,6,6,2,6,5,5,6,5,7,7,2,7,7,7,7,7,7,7,6,7,7,7,7,7,7,4,4,6,2,7,7,5,3,5,4,6,7,7,7,7,7,1,2,3,2,4,1,1,3,5,3,6,6,7,7,1,2,6,7,7,7,7,7,6,6,6,4,1,6,6,6,19,Female,Asian American,3.6,Second year (Sophomore),YES,NA,700,780,33,188,8,33,8,33,8,37,8,44,8,33,10,55,10,55,10,70,10,65,6,23,6,25,5,25,5,29,3,21,5,34,4,20,3,13,3,16,12,61,12,54,12,54,TRUE,1,1,1,1,1,0,1,1,1,1,1,1,0,1,1,13,TRUE,1,1,1,1,1,1,1,1,0,0,0,0,1,1,0,0,0,0,0,1,0,0,0,0,0,1,1,1,0,0,0,1,1,1,1,1,1,1,0,0,1,0,0,0,0,1,0,1,7,249
132,100,1741,QPPQ,PRST,PWXQ,STWX,GFFG,QQBB,ABDC,BODQ,VIJW,CLXC,TNLL,CGVZ,XGDV,RWSX,HJMQ,"2,5,3","4,8,7,6,1","6,4,2","8,7,3,5,1","1,7,4","6,5,2,3,8","2,3,6,8","7,5,4,1","7,6,4,2","8,5,3,1","8,5,4,1","7,6,3,2","8,7,4,1","5,3,6,2","8,7,6,5,1","4,3,2","3,7,1","6,5,2","8,4","3,1","7,5,8,4","6,2","6,5,1","8,3,2","7,4","1,3,6","2,4,7","5,8","8,2,4","3,1,7","5,6","6,1,4,8","2,3","5,7",5,4,4,4,6,6,5,3,5,4,5,6,5,6,6,5,6,5,6,5,4,5,5,5,5,6,5,6,3,4,6,6,5,7,4,7,7,6,6,5,6,6,7,6,6,5,7,7,4,4,5,7,7,7,7,6,5,7,7,7,3,4,6,6,5,5,6,6,5,4,5,5,6,7,4,6,4,2,4,7,7,5,6,4,5,4,4,2,7,5,6,4,5,5,3,6,6,5,3,3,4,4,5,3,7,5,3,3,6,5,5,6,5,7,7,5,3,3,4,6,5,5,3,6,6,6,6,5,5,4,5,5,3,4,5,7,6,5,6,6,6,7,5,7,5,7,6,2,6,5,5,5,6,6,2,4,6,2,2,3,5,3,3,4,2,2,3,5,6,6,6,4,5,2,3,5,4,6,7,4,6,5,5,6,5,5,6,6,1,5,3,7,6,6,4,7,6,5,7,7,7,7,7,18,Male,Asian,3.5,First year (Freshman),YES,NA,760,780,33,173,8,37,8,42,8,41,8,43,8,48,10,57,10,63,10,52,10,52,6,28,6,27,5,23,5,19,3,15,5,25,4,24,3,10,3,16,12,39,12,59,12,57,TRUE,1,1,1,1,1,1,0,1,0,1,0,1,0,0,0,9,TRUE,1,1,1,1,1,1,1,1,0,0,0,0,0,0,0,0,0,0,0,1,0,0,0,0,0,0,0,0,0,0,0,0,0,0,1,1,1,1,0,0,0,0,0,0,0,0,0,0,4,250
134,100,1558,QPPQ,PRST,PWXQ,STWX,GFFG,QQBB,EGFH,CERT,PABQ,CLXC,XDBK,CGVZ,VEBT,GKHM,KGDB,"2,5,3","1,8,7,6,4","6,4,2","8,7,5,3,1","7,4,1","8,6,5,3,2","8,6,3,2","7,5,4,1","8,7,5,4,2","6,3,1","7,5,4,3,1","8,6,2","8,7,5,3,1","6,4,2","8,5,3,2","7,6,4,1","7,3,5,1","6,2","8,4","1,3",4,"6,7,8,5,2","6,4","5,3,1","8,7,2","5,7,2","3,1,4","6,8","6,7","1,2,5","3,4,8","2,5","3,8,7","1,6,4",4,2,4,3,4,6,2,2,2,4,2,2,2,2,2,4,5,5,4,5,4,5,4,5,4,5,5,4,3,6,5,4,5,3,2,4,4,4,4,5,4,5,5,3,5,2,5,5,2,2,2,4,6,4,4,4,4,4,4,5,4,2,4,4,4,4,2,2,4,4,2,5,5,5,2,3,4,3,4,5,5,4,6,4,4,5,5,6,7,4,4,5,5,5,5,5,5,5,5,2,2,5,2,4,4,4,4,4,4,5,2,4,4,6,6,6,2,2,6,2,5,5,5,5,5,5,6,5,2,4,5,5,5,5,4,5,5,5,4,5,5,4,6,5,5,5,5,2,4,6,5,5,6,5,6,3,2,2,2,2,2,2,2,3,2,2,2,5,2,6,6,4,2,4,6,6,6,6,4,5,6,7,6,6,6,6,6,6,6,6,6,6,4,6,6,6,6,4,6,6,6,6,6,19,Male,White or Caucasian,NA,Second year (Sophomore),YES,NA,NA,NA,33,159,8,27,8,20,8,37,8,38,8,30,10,36,10,43,10,32,10,41,6,28,6,29,5,25,5,15,3,12,5,19,4,22,3,10,3,12,12,26,12,57,12,72,TRUE,1,1,1,1,1,1,1,0,0,1,1,1,1,1,0,12,TRUE,1,1,1,1,1,1,1,1,1,1,0,0,1,1,0,0,0,0,0,1,0,0,1,1,1,1,1,1,0,0,0,1,1,1,1,1,1,1,1,0,1,0,0,0,1,1,0,1,9,250
135,100,1717,QPPQ,PRST,PWXQ,STWX,GFFG,QQBB,EGFH,BODQ,FUZG,CLXC,PFCC,CGVZ,KXVH,GKHM,KGDB,"5,3,2","8,7,6,4,1","6,4,2","8,7,5,3,1","7,4,1","8,6,5,3,2","8,6,3,2","7,5,4,1","7,5,2","8,6,4,3,1","7,5,3,1","8,6,4,2","5,2,1","8,7,6,4,3","7,3,2,1","6,8,5,4","6,1,7","5,3,2","8,4","3,1","7,4","5,8,6,2","6,4","5,3,1","2,8,7","2,4,5","1,7,3","6,8","6,5,7","1,2","3,8,4","2,5","3,7,8","1,6,4",4,4,4,5,3,5,5,5,3,4,3,3,5,4,3,4,3,4,3,3,3,3,3,4,5,3,4,4,3,4,4,4,4,4,4,5,3,4,4,3,5,4,3,4,3,2,5,3,2,2,3,5,5,5,4,3,5,5,3,5,4,3,5,5,4,5,5,3,4,4,4,6,5,5,1,4,4,4,3,6,4,5,5,3,5,3,3,5,7,3,6,3,6,3,5,5,6,5,5,4,3,3,4,4,3,6,5,3,3,3,3,4,4,6,5,5,4,5,5,5,5,3,6,5,6,6,7,7,5,5,6,4,3,4,5,5,6,5,4,6,5,4,4,6,4,7,7,5,4,6,6,6,5,6,7,6,6,2,2,4,2,3,1,5,5,2,2,5,1,7,7,5,7,4,3,7,7,6,1,5,6,3,3,6,7,6,6,6,4,5,5,5,5,3,5,4,5,5,6,5,6,6,6,21,Male,prefer not to answer,3.5,Fourth year (Senior),YES,NA,780,720,33,177,8,35,8,29,8,26,8,32,8,32,10,31,10,44,10,42,10,42,6,24,6,26,5,26,5,18,3,14,5,16,4,20,3,14,3,13,12,40,12,60,12,62,TRUE,1,1,1,1,1,1,1,1,1,1,0,1,0,1,0,12,TRUE,1,1,1,1,1,1,1,1,0,0,0,0,0,0,0,0,0,1,0,1,1,1,1,1,1,0,0,1,0,1,0,1,1,1,1,1,1,1,0,0,0,0,0,1,1,0,0,1,7,250
136,100,2615,QPPQ,VWXY,FVZG,STWX,GFFG,EETT,OPRQ,KMTV,VIJW,JCVC,TNLL,CIOZ,ZIFX,RWSX,HJMQ,"5,3,2","8,6,7,1,4","6,4,2","8,7,5,3,1","7,4,1","8,6,5,3,2","8,6,3,2","7,5,4,1","7,6,5,4","8,2,1,3","8,7,5,4,3,1","6,2","8,7,5,3,1","6,4,2","7,5,3,1","8,6,4,2","6,5,1","8,4,2","7,3","5,7,2","3,1","8,6,4","8,3,6","5,7,4","1,2","3,7","5,1,2","4,6,8","4,7,1,6","3,2","8,5","2,1,8","7,6,4","5,3",7,6,7,7,6,7,7,7,6,6,6,6,6,7,5,5,7,7,7,7,4,3,6,7,6,6,6,6,3,7,7,7,7,7,6,6,6,6,7,5,7,5,7,3,6,2,6,5,3,2,4,7,6,7,7,6,7,7,7,6,4,7,7,5,7,7,6,7,5,7,6,7,6,7,6,7,6,5,7,7,7,6,7,6,5,5,5,3,7,7,7,5,5,6,2,3,6,3,2,2,3,5,5,2,6,5,6,2,2,2,2,5,5,7,5,7,6,5,5,6,7,6,6,5,6,7,6,6,6,7,6,6,6,3,7,6,7,6,5,6,6,5,1,6,6,6,7,6,6,3,6,7,5,7,6,7,6,3,3,6,6,5,3,5,3,5,3,6,5,7,7,7,6,6,3,7,7,7,7,5,6,5,2,7,6,6,7,5,1,7,7,6,2,2,5,2,4,NA,7,6,7,7,7,19,Female,two or more races,3.5,Second year (Sophomore),YES,35,NA,NA,33,190,8,54,8,47,8,48,8,52,8,50,10,43,10,64,10,64,10,65,6,34,6,33,5,16,5,17,3,17,5,13,4,24,3,16,3,19,12,55,12,75,12,64,TRUE,1,0,0,1,1,0,0,0,0,0,0,0,0,0,0,3,TRUE,1,1,1,1,1,1,1,1,0,0,0,0,1,1,0,0,0,0,0,0,0,0,0,0,0,0,0,0,0,0,0,0,0,0,1,1,1,1,0,0,1,0,0,0,0,0,0,0,5,249
137,100,1412,QPPQ,PRST,PWXQ,STWX,GFFG,QQBB,EGFH,BODQ,FUZG,CLXC,XDBK,CGVZ,VEBT,GKHM,KIFB,"5,3,2","8,7,6,4,1","6,4,2","8,7,5,3,1","7,4,1","8,6,5,3,2","8,6,3,2","7,5,4,1","8,7,5,4,2","6,3,1","8,5,4,2","7,6,3,1","8,7,5,3,1","6,4,2","6,5,1","8,7,4,3,2","7,6,4","5,3,2","8,1","3,1","7,4","8,5,6,2","6,4","5,3,1","2,8,7","2,7,5","1,4,3","6,8","3,8,7,6","1,2","4,5","2,5","3,8,7","1,4,6",4,5,4,3,5,5,7,6,7,7,5,5,7,7,5,5,4,4,4,6,4,7,5,6,4,6,5,5,3,5,7,6,5,5,4,5,7,7,5,3,4,5,6,5,6,2,7,6,3,3,3,7,6,4,5,6,6,6,7,5,4,4,3,5,6,5,5,2,5,4,3,5,4,5,2,6,7,6,6,7,4,6,6,6,5,5,6,6,7,3,7,6,6,7,7,7,6,7,7,1,3,2,3,3,4,5,5,2,3,2,5,3,6,7,6,6,3,5,5,5,5,3,5,5,4,5,2,6,4,6,5,5,7,5,3,5,2,4,5,5,3,7,2,5,5,7,3,5,4,7,3,5,6,5,5,5,3,1,2,3,2,5,5,3,3,3,4,6,7,6,7,7,7,3,5,5,7,7,1,5,5,3,1,5,6,6,5,5,3,3,3,5,5,5,3,5,6,NA,3,2,5,3,7,18,Female,two or more races,4,First year (Freshman),YES,NA,790,770,33,155,8,39,8,48,8,40,8,43,8,40,10,46,10,56,10,42,10,52,6,34,6,35,5,34,5,12,3,14,5,15,4,25,3,13,3,13,12,39,12,68,12,50,TRUE,1,1,1,1,1,1,1,1,1,1,1,1,1,1,1,15,TRUE,1,1,1,1,1,1,1,1,1,1,1,1,1,1,1,1,1,1,1,1,1,1,1,1,1,1,1,1,1,1,1,1,1,1,1,1,1,1,1,1,1,1,1,1,1,1,1,1,14,249
138,100,1942,QPPQ,PRST,PWXQ,STWX,GFFG,QQBB,EGFH,BODQ,COPD,CLXC,VEGV,CGVZ,VEBT,RWSX,KIFB,"2,5,3","1,8,7,6,4","6,4,2","8,7,5,3,1","7,4,1","8,6,5,3,2","8,6,3,2","7,5,4,1","8,5,4,2","7,6,3,1","5,2,1,3","8,7,6,4","8,7,5,2,1","6,4,3","6,7,3,1","8,5,4,2",NA,NA,NA,"8,3,1","4,5","6,7,2","7,6,4,3","5,1","2,8","5,7,2,3","1,4","6,8","8,1,7","5,3,2","4,6","5,2","8,3,7","1,6,4",6,5,7,7,7,7,3,5,5,7,3,4,5,7,5,5,7,3,5,3,4,4,7,6,5,5,4,3,3,5,5,6,3,4,3,1,7,2,1,6,7,7,7,7,7,5,7,4,5,3,3,7,7,3,7,2,5,7,7,7,7,4,2,7,4,6,2,4,7,6,7,3,1,5,4,7,2,2,3,6,7,2,4,3,4,2,1,1,7,1,6,2,2,3,4,5,4,4,4,5,6,7,6,7,6,7,7,1,4,2,5,6,5,1,4,7,1,1,1,6,6,1,4,3,5,4,3,6,4,7,4,1,1,2,4,5,2,4,4,5,3,4,4,5,3,7,4,2,4,6,2,5,3,4,6,7,6,6,1,7,5,7,1,5,4,2,2,5,5,7,7,6,6,1,3,7,4,7,7,6,6,6,3,7,7,6,6,4,3,5,3,3,3,1,6,1,2,NA,5,4,7,5,7,20,Male,White or Caucasian,3.74,Second year (Sophomore),YES,35,800,750,33,130,8,47,8,41,8,39,8,36,8,31,10,55,10,59,10,49,10,40,6,16,6,15,5,21,5,31,3,20,5,18,4,17,3,3,3,13,12,53,12,65,12,62,TRUE,1,1,1,1,1,1,1,1,0,1,0,1,1,0,1,12,TRUE,1,1,1,1,1,1,1,1,0,0,0,0,0,0,0,0,0,0,0,0,0,0,0,0,0,0,0,1,0,0,0,1,1,1,1,1,1,1,0,0,0,0,0,0,0,0,0,1,5,246
139,100,1886,QPPQ,PRST,PWXQ,BCEF,GFFG,QQBB,EGFH,BODQ,FUZG,CLXC,XDBK,CGVZ,VEBT,GKHM,DFIM,"5,3,2","8,7,6,4,1","6,4,2","8,7,5,3,1","7,4,1","8,6,5,3,2","8,6,3,2","7,5,4,1","5,7,4,8,2","3,6,1","7,5,4,3,2","6,8,1","8,6,5,3,1","7,4,2","6,7,5,1","4,2,8,3","6,5,3","4,2,7","8,1","1,7,3","5,8,4","6,2","3,6,4","1,5","8,2,7","2,7,5","1,4,3","6,8","1,7,8","6,5,2","4,3","2,5","3,8,7","1,4,6",5,4,5,4,7,7,6,4,2,4,4,5,4,4,3,4,5,5,5,6,5,5,5,5,5,5,6,6,3,5,5,6,6,6,5,5,5,4,6,5,5,5,5,5,7,4,7,5,4,4,5,6,5,4,5,5,5,6,5,4,3,5,7,4,5,5,4,6,5,5,6,3,4,6,2,5,4,3,4,2,7,4,5,3,4,3,4,3,7,2,5,3,5,6,6,6,5,6,5,4,5,6,5,5,3,4,4,5,3,5,3,4,5,6,4,5,5,4,5,6,6,4,6,5,5,5,6,5,5,5,6,5,4,5,5,4,5,5,4,5,6,5,6,6,4,5,5,3,5,4,5,6,5,5,6,6,6,1,1,6,5,5,5,6,3,3,3,6,3,6,7,3,4,3,4,6,4,5,4,5,6,3,2,6,5,6,5,4,3,3,7,3,5,5,6,6,7,3,6,3,6,4,7,22,Male,Black or African American,NA,Fourth year (Senior),NO,NA,NA,NA,33,166,8,42,8,30,8,41,8,44,8,41,10,51,10,48,10,52,10,40,6,23,6,24,5,28,5,25,3,11,5,20,4,20,3,14,3,16,12,50,12,55,12,55,TRUE,1,1,1,0,1,1,1,1,1,1,1,1,1,1,0,13,TRUE,1,1,1,1,1,1,1,1,1,1,0,0,0,0,0,0,0,0,1,0,0,0,0,0,1,1,1,1,0,0,0,1,1,1,1,1,1,1,1,0,0,0,0,0,0,1,0,1,7,250
140,100,4947,TTTU,FGHI,PWXQ,PQST,LMML,EETT,ABDC,FHXZ,FUZG,CGCS,PFCC,CEIZ,MZXJ,PSQT,HJMQ,"1,7,2,5,3","6,8,4","4,2,1","7,8,6,3,5","7,2,3,1","8,6,4,5","6,3,5,1","2,8,7,4","2,3,5,1","7,8,4,6","8,3,1,2","7,6,5,4","7,4,1,2","8,6,5,3","4,2,3,1","8,7,6,5","5,2,1","8,6,3,7",4,"4,7,1","6,2,5","8,3","6,5,4,3","2,1","8,7","1,3,2","4,6,5","8,7","1,7,2,8","4,5","3,6","1,3,6,5","2,4,8",7,4,5,5,5,5,5,5,5,5,5,5,5,5,5,4,5,5,5,5,5,4,4,4,4,4,5,4,4,3,4,4,4,4,4,4,4,5,4,4,4,4,5,4,4,4,4,4,4,4,4,4,5,5,5,5,5,4,5,5,5,5,4,4,4,4,4,4,4,4,4,4,4,4,4,4,4,4,4,4,5,4,4,5,4,4,4,4,4,7,4,4,4,5,4,4,4,4,4,5,4,4,4,4,4,4,4,4,4,4,4,4,4,4,5,5,4,4,4,4,5,5,4,4,4,4,4,4,4,4,5,4,4,4,4,4,5,4,4,4,5,5,5,5,4,5,5,4,4,4,4,4,5,4,5,4,5,4,4,4,4,3,4,4,4,4,4,4,5,4,5,4,4,4,4,4,4,4,4,4,5,5,5,4,5,4,5,5,5,3,4,4,4,4,4,4,5,4,4,5,4,4,4,4,22,Male,Hispanic or Latino,3.6,Fourth year (Senior),NO,NA,NA,NA,33,142,8,39,8,39,8,36,8,33,8,33,10,41,10,49,10,40,10,41,6,25,6,25,5,21,5,20,3,12,5,20,4,18,3,12,3,14,12,48,12,50,12,54,TRUE,0,0,1,0,0,0,0,0,1,0,0,0,0,0,0,2,TRUE,0,0,0,0,0,0,0,0,0,0,0,0,0,0,0,0,0,0,0,0,0,0,0,0,0,0,0,0,0,0,0,0,0,0,0,0,0,0,0,0,0,0,0,0,0,0,0,0,0,250
141,100,2689,QPPQ,PRST,PWXQ,STWX,GFFG,QQBB,EGFH,BODQ,FUZG,CLXC,XDBK,CGVZ,KXVH,GKHM,DFIM,"5,3,2","7,8,6,4,1","6,4,2","8,7,5,3,1","7,4,1","8,6,5,3,2","8,6,2,3","7,5,4,1","8,7,5,4,2","6,3,1","8,5,4,2","7,6,3,1","8,7,5,3,1","6,4,2",NA,NA,NA,NA,NA,"3,1","8,4,7","6,5,2","6,4","5,3,1","8,7,2",NA,NA,NA,NA,NA,NA,NA,NA,NA,5,5,5,4,6,5,5,5,4,5,4,5,5,4,4,5,5,5,5,5,5,4,6,6,5,5,5,4,3,5,6,6,5,5,4,4,5,5,5,6,4,5,7,4,7,3,6,5,3,3,4,7,7,7,7,5,7,7,6,7,6,5,6,5,6,5,6,5,5,5,5,5,4,6,2,6,4,4,4,5,6,5,6,6,6,6,6,2,7,3,5,5,5,5,6,5,5,6,6,2,3,4,3,5,5,5,3,3,3,4,2,3,6,6,5,5,4,3,5,6,5,4,6,6,6,5,6,3,5,6,6,5,4,5,5,5,5,5,5,5,5,6,6,6,6,6,6,3,4,6,3,5,5,5,5,5,5,4,2,4,2,5,5,2,2,5,5,5,3,6,6,5,4,5,3,4,6,6,7,5,6,5,5,6,6,6,6,6,3,5,6,5,6,2,5,4,3,4,7,6,5,5,6,22,Male,White or Caucasian,4.07,Fourth year (Senior),YES,NA,740,800,33,170,8,40,8,36,8,41,8,41,8,38,10,47,10,66,10,53,10,46,6,35,6,25,5,28,5,17,3,13,5,15,4,22,3,12,3,15,12,46,12,60,12,65,TRUE,1,1,1,1,1,1,1,1,1,1,1,1,0,1,0,13,TRUE,1,1,1,1,1,1,1,1,1,1,1,1,1,1,0,0,0,0,0,1,0,0,1,1,1,0,0,0,0,0,0,0,0,0,1,1,1,1,1,1,1,0,0,0,1,0,0,0,8,236
142,100,2008,QPPQ,PRST,PWXQ,STWX,GFFG,QQBB,EGFH,BODQ,FUZG,CLXC,XDBK,CAUZ,VEBT,RWSX,DFIM,"2,5,3","1,8,6,7,4","6,4,2","8,7,5,3,1","7,4,1","8,6,5,3,2","8,6,3,2","7,5,4,1","7,8,4,2","5,6,3,1","7,8,4,1","6,5,3,2","8,3,2,1","6,5,7,4","8,6,4,3,2,1","7,5","7,1","3,4,2","6,8,5","8,3,1","7,4","5,6,2","3,4,7,6","1,5","8,2","5,3","6,1,2","7,8,4","2,5,1","6,4","8,3,7","5,2","8,3,7","1,4,6",7,7,7,7,7,7,7,7,3,7,7,5,6,7,6,4,5,7,7,6,7,6,6,6,7,7,7,7,3,7,7,7,7,7,7,7,7,7,7,7,7,7,5,6,6,3,7,6,4,4,4,6,5,6,6,5,6,7,5,7,7,6,6,6,6,5,6,7,6,6,5,7,5,6,4,6,6,4,5,7,6,5,5,4,4,5,2,6,7,3,6,4,5,6,6,6,5,6,6,4,6,6,5,6,6,6,6,5,6,5,6,5,5,6,6,5,6,6,5,6,6,6,7,6,6,7,6,6,5,6,6,7,5,6,6,7,6,7,5,6,6,5,5,5,5,6,6,5,5,6,6,7,6,6,6,7,7,2,3,5,2,4,3,3,2,6,6,5,6,6,6,6,5,2,2,6,6,6,7,6,6,6,6,2,6,7,6,6,1,5,7,5,6,5,5,5,5,4,5,3,6,6,7,21,Female,Asian,3.6,Fourth year (Senior),YES,NA,700,790,33,195,8,56,8,45,8,50,8,56,8,56,10,52,10,60,10,59,10,56,6,25,6,30,5,29,5,27,3,18,5,27,4,22,3,17,3,18,12,50,12,63,12,64,TRUE,1,1,1,1,1,1,1,1,1,1,1,0,1,0,0,12,TRUE,1,1,1,1,1,1,1,1,0,0,0,0,0,0,0,0,0,0,0,0,1,0,0,0,0,0,0,0,0,0,0,1,1,1,1,1,1,1,0,0,0,0,0,0,0,0,0,1,5,250
143,100,2380,QPPQ,PRST,PWXQ,STWX,GFFG,QQBB,EGFH,BODQ,FUZG,CLXC,XDBK,CGVZ,VEBT,GKHM,HJMQ,"5,3,2","8,7,6,4,1","6,4,2","8,7,5,3,1","7,4,1","8,6,5,3,2","8,6,3,2","7,5,4,1","8,7,5,4,2","6,3,1","7,8,5,4,3,2,1",6,"8,7,5,3,1","6,4,2","6,5,1","8,7,4,3,2",NA,NA,NA,NA,NA,NA,NA,NA,NA,NA,NA,NA,NA,NA,NA,NA,NA,NA,6,4,6,5,5,5,6,6,5,5,6,6,6,7,5,5,5,6,6,5,4,3,5,7,6,6,6,6,3,5,6,7,6,5,4,4,5,6,5,5,5,4,6,6,7,3,6,3,2,4,4,7,7,7,7,7,7,7,7,7,6,6,6,5,7,5,6,6,6,7,6,6,5,7,5,7,6,5,5,6,6,6,6,6,6,6,5,5,7,5,6,6,6,6,4,5,4,3,3,2,3,5,3,5,4,5,5,4,5,5,3,5,6,7,7,7,4,3,6,6,6,6,3,6,6,7,5,6,5,6,5,6,2,5,6,6,6,6,6,6,5,6,6,5,6,6,5,4,5,6,5,7,6,6,6,3,3,2,2,2,2,4,2,3,3,2,2,6,6,7,7,4,3,5,3,7,6,7,6,6,6,2,3,6,7,6,7,5,3,6,6,5,3,5,6,5,5,5,6,6,7,6,6,21,Female,White or Caucasian,3.4,Fourth year (Senior),YES,34,NA,NA,33,182,8,43,8,45,8,41,8,48,8,39,10,45,10,69,10,60,10,58,6,35,6,34,5,19,5,18,3,14,5,22,4,27,3,13,3,18,12,30,12,67,12,63,TRUE,1,1,1,1,1,1,1,1,1,1,1,1,1,1,0,14,TRUE,1,1,1,1,1,1,1,1,1,1,0,0,1,1,1,1,0,0,0,0,0,0,0,0,0,0,0,0,0,0,0,0,0,0,1,1,1,1,1,0,1,1,0,0,0,0,0,0,7,232
144,100,1840,QPPQ,PRST,PWXQ,STWX,GFFG,QQBB,EGFH,BODQ,FUZG,CLXC,XDBK,CGVZ,VEBT,PSQT,DFIM,"5,3,2","8,7,6,4,1","6,4,2","8,7,5,3,1","7,4,1","8,6,5,3,2","8,6,3,2","7,5,4,1","8,7,2,5","6,4,3,1","8,7,6,1","5,4,3,2","5,8,6,3,1","7,4,2","6,5,4,2,3","8,7,1","3,6","1,7,4,5","8,2","1,3","7,5,4","6,2,8","4,6","5,3,1","2,7,8","3,6,4","1,8,7","2,5","7,1","2,8","3,6,5,4","2,5","3,7,8","1,6,4",7,7,6,4,7,7,5,6,4,7,7,7,7,7,7,7,6,6,7,4,7,5,6,6,5,7,7,6,3,4,5,5,5,5,5,6,5,3,4,3,5,7,7,7,7,3,7,2,3,2,2,7,6,7,7,7,7,7,6,5,4,4,7,2,7,7,7,7,4,6,6,7,4,7,4,7,5,6,7,7,7,5,7,3,3,2,3,6,7,2,6,5,7,5,5,5,3,3,3,5,3,3,4,3,6,7,7,2,6,5,3,5,5,7,5,7,2,2,4,7,7,7,6,2,2,7,3,6,5,5,7,1,5,2,6,7,2,7,6,5,2,5,5,5,3,7,5,6,2,6,5,7,5,6,6,7,7,5,3,7,7,5,5,4,3,5,6,6,7,7,7,7,5,2,3,5,3,4,1,3,7,3,1,7,7,7,7,5,1,6,3,7,2,5,6,5,5,4,2,1,7,7,7,20,Female,Black or African American,3,Second year (Sophomore),YES,26,630,580,33,159,8,49,8,53,8,47,8,44,8,36,10,47,10,63,10,57,10,61,6,23,6,31,5,19,5,18,3,20,5,21,4,24,3,8,3,21,12,64,12,57,12,57,TRUE,1,1,1,1,1,1,1,1,1,1,1,1,1,0,0,13,TRUE,1,1,1,1,1,1,1,1,0,0,0,0,0,0,0,0,0,0,0,1,0,0,1,1,1,0,0,0,0,0,0,1,1,1,1,1,1,1,0,0,0,0,0,0,1,0,0,1,6,250
145,100,2076,DDDE,BCDE,JVZK,BCEF,QRRQ,QQBB,EGFH,KMTV,COPD,CFCR,TNLL,CGVZ,XGDV,AFBG,HJMQ,"2,5,3","1,7,8,6,4","6,2","7,8,3,5,1","7,3","6,4,2,1",6,"5,8,7,4,3,1","7,5,2","6,4","3,2,1","8,6,4","8,6,1","2,4","5,4,1","7,6,3","3,7,1","6,2,5","8,4","2,1,7","8,5,6,4",3,"3,2",1,"8,6","4,1","5,2","7,3","1,4","2,3","5,8,7","1,2","3,5","4,8",3,5,7,7,7,7,6,3,7,4,6,2,5,4,2,3,4,6,4,6,5,6,5,3,7,4,7,4,3,5,4,4,7,4,4,4,4,4,2,4,3,7,7,6,7,3,7,6,4,3,6,3,2,7,7,5,5,4,4,4,2,6,2,2,6,6,7,4,3,4,5,4,6,5,3,3,4,5,5,6,3,5,3,4,4,3,2,5,7,7,4,3,7,3,6,6,5,4,3,6,3,4,5,3,2,1,6,3,2,7,5,7,5,5,6,4,4,3,3,6,2,3,2,3,6,3,5,5,6,5,5,3,1,2,3,5,4,3,3,6,6,4,6,6,5,6,5,4,4,6,5,6,6,7,6,5,2,2,4,5,2,3,5,5,2,4,6,3,6,4,4,2,3,4,4,2,4,3,5,3,6,6,6,6,6,6,7,1,1,2,4,4,3,1,6,5,4,4,3,2,3,5,5,19,Male,Asian,3.3,Second year (Sophomore),YES,28,670,680,33,152,8,45,8,33,8,39,8,42,8,29,10,56,10,43,10,45,10,44,6,21,6,29,5,24,5,21,3,9,5,24,4,20,3,10,3,11,12,45,12,44,12,54,TRUE,0,0,0,0,0,1,1,0,0,0,0,1,0,0,0,3,TRUE,1,1,0,1,0,0,0,0,0,0,0,0,0,0,0,0,0,0,0,0,0,0,0,0,0,0,0,0,0,0,0,0,0,0,1,0,0,0,0,0,0,0,0,0,0,0,0,0,1,250
147,100,1963,DDDE,VWXY,FVZG,STWX,LMML,QQBB,IJLK,FHXZ,SEFT,CFCR,PFCC,CGVZ,KXVH,GKHM,KIFB,"5,3,2","1,4,6,7,8","6,4,2","5,3,7,8,1","4,7,1","8,5,6,3,2","6,2,8,3","4,7,5,1","8,7,5,4,2","6,1,3","5,4,1,3,2","7,8,6","3,7,8,5,1","4,2,6",NA,NA,"1,2,3,4,5","7,6",8,"1,3","4,5,7","8,2,6",NA,NA,NA,NA,NA,NA,NA,NA,NA,NA,NA,NA,2,6,4,1,5,5,7,3,7,7,6,2,7,7,7,4,2,1,3,4,7,7,7,6,6,3,5,5,3,6,7,4,4,2,2,2,7,5,5,6,2,5,5,4,5,4,7,7,4,4,4,3,1,4,2,4,3,4,3,4,1,2,4,5,3,5,5,3,6,5,5,4,6,5,1,7,7,1,6,5,4,5,5,3,6,7,6,6,7,1,7,7,5,7,7,7,7,7,7,1,3,5,6,1,2,5,5,2,3,2,1,3,6,5,5,7,2,2,2,3,4,2,6,6,5,5,5,7,4,5,6,2,3,2,5,6,5,5,6,3,5,4,6,5,2,5,5,5,3,6,2,5,4,5,7,2,3,1,1,4,2,6,2,2,3,3,2,6,1,5,7,2,2,3,4,7,6,6,6,5,6,3,3,5,5,5,5,6,4,6,6,3,7,4,7,7,7,6,4,4,4,4,4,20,Male,Black or African American,3,Third year (Junior),YES,NA,630,690,33,155,8,33,8,47,8,37,8,40,8,31,10,49,10,29,10,43,10,46,6,32,6,33,5,35,5,16,3,12,5,11,4,23,3,6,3,9,12,31,12,55,12,59,TRUE,0,0,0,1,0,1,0,0,0,0,0,1,0,1,1,5,TRUE,1,1,1,1,1,1,1,1,1,1,0,0,1,1,0,0,0,0,0,1,0,0,0,0,0,0,0,0,0,0,0,0,0,0,1,1,1,1,1,0,1,0,0,0,0,0,0,0,6,236
150,100,2167,QPPQ,PRST,PWXQ,STWX,GFFG,QQBB,EGFH,BODQ,FUZG,CLXC,XDBK,CGVZ,VEBT,GKHM,NA,"5,2,3","1,4,6,7,8","6,4,2","7,8,5,3,1","7,4,1","6,8,5,3,2","6,8,2,3","5,7,4,1","8,4,7,5,2","6,3,1","4,5,8,2","7,6,3,1",NA,NA,"1,6,5","2,7,8,4,3",NA,NA,NA,"3,1","4,7","8,6,2,5","4,6","1,3,5","8,7,2","5,7,2","3,1,4","8,6","3,8,7,6","1,2","5,4","2,5","3,8,7","1,4,6",6,6,6,6,6,6,5,5,5,5,5,4,6,6,4,3,3,3,5,3,4,4,5,5,5,4,6,6,3,5,5,6,6,7,4,5,5,5,5,6,5,6,6,7,7,4,7,6,4,4,5,7,7,6,7,7,7,7,6,7,7,5,7,7,6,7,6,6,6,5,6,6,3,4,6,4,6,5,5,6,7,7,6,5,5,5,5,3,7,2,3,4,6,6,6,2,4,3,5,3,3,4,5,6,6,5,6,6,3,5,6,3,5,6,6,5,2,3,3,5,6,2,5,5,4,5,5,5,4,6,6,6,5,4,2,6,3,3,5,4,5,6,4,5,7,7,6,3,3,6,3,5,5,6,6,6,6,2,3,2,3,3,3,6,6,3,3,6,7,5,5,4,3,1,5,7,7,2,2,5,5,7,6,6,3,6,7,3,1,5,5,5,3,5,6,4,5,5,6,6,7,7,7,20,Female,White or Caucasian,3,Second year (Sophomore),YES,35,760,750,33,160,8,46,8,38,8,32,8,43,8,42,10,56,10,68,10,61,10,52,6,33,6,24,5,20,5,21,3,17,5,23,4,22,3,8,3,13,12,46,12,54,12,59,TRUE,1,1,1,1,1,1,1,1,1,1,1,1,1,1,0,14,TRUE,1,1,1,1,1,1,1,1,1,1,1,1,0,0,1,1,0,0,0,1,1,1,1,1,1,1,1,1,1,1,1,1,1,1,1,1,1,1,1,1,0,1,0,1,1,1,1,1,12,244
151,100,2086,QPPQ,PRST,FVZG,STWX,GFFG,EETT,EGFH,CERT,FUZG,CLXC,XDBK,CGVZ,VEBT,GKHM,KGDB,"2,3,5","4,6,8,7,1","6,4,2","8,7,5,3,1","7,4,1","8,6,5,3,2","8,6,3,2","7,5,4,1","7,8,5,4,2","6,3,1","8,5,4,3,1","7,6,2","8,7,5,3,1","6,4,2","6,5,1","8,7,4,3,2","7,1","5,4,3,2","6,8","3,1",4,"5,6,2",NA,NA,NA,NA,NA,NA,NA,NA,NA,NA,NA,NA,4,4,6,7,2,6,6,5,4,5,6,7,5,5,5,7,6,7,7,6,6,7,7,6,7,6,7,5,3,7,6,7,7,6,6,7,7,7,6,6,7,6,6,5,5,5,6,7,4,5,6,7,5,5,5,6,5,7,6,7,4,7,6,4,7,6,5,6,6,6,5,5,4,7,2,6,7,4,5,5,6,5,5,5,5,4,5,4,7,5,6,4,5,5,5,6,6,7,5,2,2,4,3,3,4,4,4,2,3,3,5,2,5,5,5,6,3,3,5,6,5,2,4,4,2,2,3,5,4,3,3,2,1,2,1,5,7,3,5,5,2,5,3,3,3,6,3,5,3,5,5,4,5,6,6,6,4,3,5,6,7,7,6,4,5,4,4,5,5,6,7,6,5,4,5,6,5,5,3,3,2,4,5,5,6,4,6,3,2,5,7,5,1,5,3,5,6,5,6,6,7,7,7,22,Female,Asian,NA,Second year (Sophomore),NO,NA,NA,NA,33,125,8,40,8,44,8,52,8,52,8,52,10,55,10,57,10,58,10,51,6,29,6,29,5,29,5,14,3,12,5,15,4,21,3,11,3,13,12,61,12,62,12,52,TRUE,1,1,0,1,1,0,1,0,1,1,1,1,1,1,0,11,TRUE,1,1,1,1,1,1,1,1,1,1,0,0,1,1,1,1,0,0,0,1,0,0,0,0,0,0,0,0,0,0,0,0,0,0,1,1,1,1,1,0,1,1,0,0,0,0,0,0,7,238
152,100,1565,QPPQ,PRST,PWXQ,CDFG,GFFG,QQBB,EGFH,BODQ,COPD,CGCS,TNLL,CEIZ,NA,NA,NA,"5,2,3","7,1,6","4,2,5","1,6,7","7,4,1","6,2","8,6,3,2","5,7,4,1","3,2,1,4","8,7,5,6","3,2,1","8,7,6,5,4","8,6,1","7,5,4,3,2","7,6,2,1","8,5,4,3","2,1","4,3,8","7,6,5","4,1",NA,2,NA,NA,NA,NA,NA,NA,NA,NA,NA,NA,NA,NA,7,6,7,6,5,6,3,4,6,6,6,6,7,7,7,4,6,6,7,7,6,6,5,7,7,6,6,6,3,7,6,7,6,7,7,5,6,6,7,6,7,7,5,7,7,4,7,7,7,7,7,7,7,5,5,6,7,7,7,7,7,6,5,5,6,6,4,6,6,6,5,6,7,6,6,6,6,7,6,5,6,6,5,6,5,6,7,6,7,6,6,6,6,6,6,6,6,7,6,6,5,6,6,5,6,6,5,6,6,6,6,6,5,6,6,5,5,5,6,6,5,5,6,5,6,5,2,6,6,7,6,4,5,6,6,6,6,6,7,6,6,7,6,5,6,6,6,5,6,2,6,6,6,6,2,1,7,1,1,3,1,5,1,5,7,3,4,6,5,5,7,7,7,7,1,6,7,7,7,6,5,7,3,7,2,5,5,6,3,2,2,5,5,5,6,6,6,6,6,6,6,6,6,22,Male,two or more races,4.1,Fourth year (Senior),YES,NA,780,740,33,182,8,44,8,49,8,50,8,51,8,51,10,65,10,65,10,55,10,61,6,35,6,36,5,31,5,28,3,17,5,30,4,22,3,16,3,16,12,39,12,72,12,53,TRUE,1,1,1,0,1,1,1,1,0,0,0,0,0,0,0,7,TRUE,1,0,0,0,1,0,1,1,0,0,0,0,0,0,0,0,0,0,0,0,0,0,0,0,0,0,0,0,0,0,0,0,0,0,0,0,0,1,0,0,0,0,0,0,0,0,0,0,1,234
153,100,3504,QPPQ,PRST,PWXQ,STWX,GFFG,QQBB,EGFH,BODQ,FUZG,CLXC,PFCC,CGVZ,VEBT,RWSX,HJMQ,"2,3,5","6,4,8,7,1","6,4,2","8,7,5,3,1","7,4,1","8,6,5,3,2","8,6,3,2","7,5,4,1","5,8,4,7,2","6,3,1","6,5,4,3,2,1","7,8","7,3,8,5,1","6,4,2","2,1","8,7,6,5,4,3","5,2,3,1","6,7,4",8,NA,NA,NA,NA,NA,NA,NA,NA,NA,NA,NA,NA,NA,NA,NA,7,3,7,3,7,7,7,2,7,7,1,7,7,7,7,7,7,4,7,5,4,3,3,7,7,7,4,7,3,7,7,6,3,7,7,7,7,5,7,7,7,7,7,7,7,5,7,6,6,1,7,7,7,7,7,7,6,7,7,7,7,7,7,7,7,7,7,7,7,7,7,7,5,7,7,7,7,7,7,7,6,7,4,6,5,5,6,3,7,6,6,6,5,7,7,7,7,6,7,3,4,5,6,5,3,7,7,2,2,2,5,1,7,7,7,7,5,5,6,7,7,6,6,7,7,7,7,7,5,6,6,7,5,3,6,4,7,7,5,7,7,7,6,6,1,5,7,5,5,7,6,6,3,5,7,5,3,1,1,5,5,5,1,2,3,1,1,5,2,7,7,2,3,3,5,7,7,5,1,6,6,5,1,6,3,6,7,5,2,3,3,7,7,7,6,4,5,4,7,6,5,5,5,19,Male,Asian,3.66,Second year (Sophomore),NA,NA,740,770,33,192,8,43,8,50,8,40,8,48,8,54,10,60,10,69,10,70,10,67,6,33,6,33,5,34,5,23,3,17,5,12,4,28,3,16,3,20,12,33,12,54,12,53,TRUE,1,1,1,1,1,1,1,1,1,1,0,1,1,0,0,12,TRUE,1,1,1,1,1,1,1,1,1,1,0,0,1,1,0,0,0,0,0,0,0,0,0,0,0,0,0,0,0,0,0,0,0,0,1,1,1,1,1,0,1,0,0,0,0,0,0,0,6,235
156,100,110340,NA,NA,NA,NA,NA,NA,NA,NA,NA,NA,NA,NA,NA,NA,NA,2,8,1,"6,5",2,6,3,5,3,1,4,1,2,6,6,4,1,7,8,3,1,5,3,7,5,4,6,2,3,6,8,2,8,7,6,4,6,6,6,7,6,5,7,7,6,6,7,6,6,6,6,6,6,6,6,7,5,6,6,6,7,7,3,7,6,7,7,7,7,7,7,7,7,7,6,5,5,5,6,4,6,6,5,4,5,7,7,7,7,6,7,7,7,7,7,6,7,7,7,7,6,7,7,7,7,7,7,7,4,6,6,3,6,7,6,7,7,5,7,6,7,6,7,7,7,6,6,7,2,6,6,5,3,2,3,3,2,3,6,2,6,6,6,6,6,5,6,6,7,7,6,7,6,6,6,6,6,6,5,7,2,7,6,6,6,6,6,6,7,6,5,6,7,7,6,6,6,7,6,7,6,6,6,7,7,7,6,7,1,5,5,2,1,5,2,5,5,2,3,2,4,6,6,7,7,6,2,2,2,4,3,6,6,6,7,7,2,7,1,7,7,6,1,2,2,6,4,6,6,6,7,6,6,3,6,6,6,22,Female,Asian,3.3,Third year (Junior),YES,NA,750,800,33,198,8,46,8,51,8,48,8,53,8,55,10,51,10,69,10,68,10,59,6,39,6,39,5,22,5,13,3,14,5,29,4,26,3,19,3,18,12,41,12,57,12,55,FALSE,NA,NA,NA,NA,NA,NA,NA,NA,NA,NA,NA,NA,NA,NA,NA,NA,TRUE,0,0,0,0,0,0,0,0,0,0,0,0,0,0,0,0,0,0,0,0,0,0,0,0,0,0,0,0,0,0,0,0,0,0,0,0,0,0,0,0,0,0,0,0,0,0,0,0,0,235
157,100,1370,QPPQ,PRST,PWXQ,STWX,GFFG,QQBB,EGFH,BODQ,COPD,CLXC,XDBK,CGVZ,ZIFX,GKHM,HJMQ,"3,5,2","7,8,6,4,1","6,4,2","5,7,8,1,3","7,1,4","6,3,8,5,2","8,3,6","7,5,4,2,1","4,2,7,8,1","3,6,5","4,5,2,3,1","8,7,6","5,7,2,1","8,6,3,4","6,4,8,2","5,1,7,3","6,3,1","5,2,4,7",8,"3,1","7,4","8,5,6,2","6,4","1,3,5","7,2,8","4,5","7,8,1","6,2,3","2,7",1,"6,3,4,8,5","2,5","8,3,7","6,4,1",7,7,7,7,7,6,7,5,7,5,4,6,7,7,4,4,5,5,6,7,4,4,4,7,5,6,5,6,3,5,5,7,6,6,6,5,6,6,6,6,6,7,7,6,6,4,7,6,4,4,4,7,7,7,7,6,7,7,7,7,7,7,7,5,7,7,7,7,7,7,7,6,4,7,5,7,7,4,6,6,7,5,6,5,6,6,6,7,7,6,5,6,6,6,6,6,6,6,6,3,3,5,5,3,6,6,6,5,5,5,5,5,6,7,6,6,2,3,5,7,6,6,2,6,6,7,7,6,3,5,6,5,2,2,5,6,6,6,6,7,6,6,2,5,6,6,7,4,5,5,7,7,4,7,7,7,7,3,5,7,6,7,7,2,7,5,5,7,6,7,7,6,7,4,3,7,7,7,7,6,6,5,3,6,4,7,7,6,1,3,3,6,7,6,6,6,6,6,6,7,6,6,6,20,Female,Hispanic or Latino,3.8,Third year (Junior),YES,33,NA,NA,33,177,8,53,8,44,8,42,8,45,8,47,10,55,10,69,10,68,10,59,6,34,6,36,5,30,5,19,3,18,5,25,4,25,3,10,3,19,12,68,12,75,12,57,TRUE,1,1,1,1,1,1,1,1,0,1,1,1,0,1,0,12,TRUE,1,1,1,1,1,1,0,0,0,0,0,0,0,0,0,0,0,0,0,1,1,1,1,1,1,0,0,0,0,0,0,1,1,1,1,1,1,0,0,0,0,0,0,1,1,0,0,1,6,250
159,100,2172,QPPQ,PRST,PWXQ,FGIJ,GFFG,QQBB,EGFH,KMTV,SEFT,JCVC,XDBK,CGVZ,ZIFX,GKHM,LHEC,"5,3,2","7,6,4,8,1","6,4,2","8,7,5,3,1","7,4,1","8,6,5,3,2","8,6,3,2","7,5,4,1","8,5,4,2,1","7,6,3","7,8,6,5,4,3,2,1",NA,"8,3,2,1","7,6,5,4","6,5,3,1","8,7,4,2","5,1","7,6,4,3,2",8,"1,3","5,4","8,7,6,2","4,6","3,5,1","8,2,7","2,5,7","3,4,1","8,6","2,6,3","1,4,8","5,7","5,2","3,8,7","6,1,4",7,7,7,7,6,7,6,7,7,7,7,7,7,7,7,7,7,6,5,5,5,6,6,6,6,6,6,5,3,6,6,6,6,6,6,4,6,7,6,6,6,7,7,6,6,4,6,5,3,2,2,7,7,7,7,7,7,7,7,7,7,7,7,6,7,7,6,7,7,7,7,7,7,7,7,7,6,7,7,7,7,2,5,1,5,1,1,1,7,3,5,1,2,7,1,1,2,1,1,4,5,7,6,7,7,5,7,7,7,7,7,3,5,7,7,6,7,7,5,7,7,7,6,7,4,6,7,4,7,7,3,5,7,4,5,6,3,5,6,7,5,7,2,5,7,7,7,7,7,3,7,7,7,7,1,6,7,3,2,5,3,5,7,5,3,3,2,6,7,7,3,7,6,1,1,6,6,7,6,3,5,5,5,5,5,5,5,5,1,3,5,6,4,4,4,4,4,4,6,7,7,7,7,19,Female,White or Caucasian,2.89,Second year (Sophomore),YES,32,NA,NA,33,185,8,54,8,56,8,46,8,47,8,47,10,48,10,70,10,68,10,69,6,15,6,19,5,6,5,29,3,19,5,31,4,25,3,19,3,21,12,51,12,63,12,52,TRUE,1,1,1,0,1,1,1,0,0,0,1,1,0,1,0,9,TRUE,1,1,1,1,1,1,1,1,0,0,0,0,0,0,0,0,0,0,0,1,0,0,1,1,1,1,1,1,0,0,0,1,1,1,1,1,1,1,0,0,0,0,0,0,1,1,0,1,7,249
160,100,2064,QPPQ,PRST,PWXQ,STWX,GFFG,QQBB,OPRQ,BODQ,COPD,CLXC,XDBK,CGVZ,VEBT,GKHM,NA,"3,5,2","8,7,6,4,1","4,6,2","8,7,5,3,1","7,4,1","8,6,5,3,2","6,3,2","8,7,5,4,1",NA,NA,NA,NA,NA,NA,NA,NA,NA,NA,NA,"3,1","8,7,5,4","6,2","4,6","1,5,3","2,7,8","2,7,5","1,4,3","6,8","3,5,4","1,2","7,6,8","5,2","3,8,7","6,1,4",7,4,6,3,7,7,4,5,4,4,4,3,3,5,3,5,6,5,5,3,4,3,6,5,5,6,5,4,3,4,5,5,6,5,4,5,7,3,5,5,4,5,6,6,6,4,6,5,3,4,4,6,5,4,6,5,7,6,6,7,7,5,6,5,5,6,3,4,5,5,5,5,5,7,6,5,5,4,4,7,6,3,2,3,2,2,1,2,7,1,5,3,3,2,3,4,6,2,3,4,4,6,6,6,7,6,6,4,3,3,3,3,4,5,6,6,3,2,3,5,7,6,6,5,4,7,6,3,6,6,4,5,5,3,4,6,5,6,5,6,4,7,4,6,4,7,6,1,4,6,5,6,4,6,6,7,6,2,2,5,5,4,5,5,6,3,2,4,6,7,7,6,4,3,3,5,5,7,7,3,4,3,1,6,4,3,7,4,1,5,5,5,5,5,5,6,6,3,6,6,7,7,7,22,Female,White or Caucasian,3.2,Fourth year (Senior),NO,NA,NA,NA,33,168,8,43,8,31,8,37,8,40,8,38,10,49,10,59,10,49,10,54,6,13,6,16,5,18,5,26,3,19,5,16,4,21,3,8,3,18,12,52,12,64,12,46,TRUE,1,1,1,1,1,1,0,1,0,1,1,1,1,1,0,12,TRUE,1,1,1,1,1,1,0,0,0,0,0,0,0,0,0,0,0,0,0,1,0,0,1,1,1,1,1,1,0,1,0,1,1,1,1,1,1,0,0,0,0,0,0,0,1,1,0,1,6,238
161,100,2916,QPPQ,PRST,PWXQ,STWX,GFFG,QQBB,EGFH,BODQ,COPD,CLXC,XDBK,CGVZ,ZIFX,GKHM,KIFB,"2,5,3","1,8,7,6,4","6,4,2","5,8,7,3,1","7,4,1","8,6,5,3,2","8,6,3,2","7,5,4,1","7,8,5,2","4,6,1,3","5,8,4,2","3,6,7,1","7,8,6,5,3,1","4,2","8,3,1","6,7,5,4,2","6,3,8","4,7,5,2",1,"3,1","7,4","8,6,5,2","6,4","5,3,1","2,8,7",NA,NA,NA,NA,NA,NA,"2,5","3,8,7","1,6,4",7,7,7,7,6,7,7,7,4,7,6,7,7,7,6,7,7,4,7,7,6,6,7,6,7,7,6,7,3,7,6,7,7,7,5,7,7,6,7,7,7,7,6,6,6,4,7,7,2,4,5,6,7,3,4,5,4,5,6,6,4,4,6,6,7,6,4,6,6,6,7,6,6,5,1,7,5,1,6,4,6,1,4,4,4,5,3,6,7,5,6,5,3,6,3,5,4,4,2,6,5,6,6,4,4,5,4,6,6,5,6,5,1,7,4,3,5,2,2,7,4,5,1,3,3,1,4,7,6,3,6,4,2,2,1,6,5,4,7,4,3,6,2,3,4,7,7,6,5,3,4,5,6,5,5,7,7,3,1,6,5,4,5,5,5,6,5,6,7,6,7,6,6,3,2,6,6,4,1,2,3,6,2,6,6,4,7,4,2,3,4,6,2,2,2,6,5,6,6,4,7,7,7,21,Female,Asian,3,Third year (Junior),YES,NA,784,800,33,140,8,55,8,51,8,50,8,54,8,53,10,54,10,50,10,58,10,47,6,21,6,31,5,18,5,27,3,13,5,28,4,15,3,9,3,16,12,59,12,60,12,49,TRUE,1,1,1,1,1,1,1,1,0,1,1,1,0,1,1,13,TRUE,1,1,1,1,1,1,1,1,0,0,1,1,0,0,0,0,0,0,0,1,1,1,1,1,1,0,0,0,0,0,0,1,1,1,1,1,1,1,0,1,0,0,0,1,1,0,0,1,8,244
164,100,2099,QPPQ,PRST,PWXQ,STWX,GFFG,QQBB,EGFH,FHXZ,SEFT,CLXC,XDBK,CGVZ,VEBT,EJFK,LHEC,"5,3,2","8,7,6,1,4","6,4,2","8,7,5,3,1","7,4,1","8,6,5,3,2","8,6,3,2","7,5,4,1","2,8,7,5,4","6,3,1","3,4,5,2,1","7,8,6","5,1,2,3","8,7,6,4","8,7,5,4","6,3,2,1","6,2,1","7,3,5,4",8,"1,3","7,4","6,8,5,2","6,4","5,1,3","8,7,2","4,6,5","3,7,1","2,8",NA,1,NA,"2,5","3,7,8","1,6,4",6,6,7,7,6,6,5,5,5,5,6,6,5,6,4,5,4,4,6,3,4,5,5,5,6,6,6,6,3,5,5,5,6,5,4,5,4,4,5,6,5,6,6,6,7,6,6,6,6,6,6,6,5,4,4,6,4,7,3,7,5,5,4,5,6,4,5,6,6,5,6,4,5,6,2,6,5,3,5,6,6,4,4,3,4,3,3,2,7,5,7,5,5,4,5,4,5,4,5,2,2,6,3,2,2,2,5,2,4,2,2,4,4,6,6,6,4,3,3,6,5,3,5,5,3,6,3,6,6,5,6,3,2,5,2,6,5,4,4,5,6,5,6,6,5,4,3,5,5,5,5,4,5,6,6,5,6,2,2,5,4,6,5,3,2,3,3,5,7,7,7,5,3,3,4,6,6,5,7,5,5,6,6,6,6,6,6,5,6,6,6,4,3,3,6,5,5,5,6,7,7,6,5,20,Female,two or more races,3.8,Third year (Junior),YES,NA,720,700,33,157,8,48,8,42,8,36,8,45,8,38,10,61,10,51,10,52,10,48,6,21,6,28,5,23,5,15,3,9,5,14,4,22,3,10,3,14,12,46,12,65,12,69,TRUE,1,1,1,1,1,1,1,0,0,1,1,1,1,0,0,11,TRUE,1,1,1,1,1,1,1,1,1,1,0,0,0,0,0,0,0,0,0,1,1,1,1,1,1,0,0,0,0,0,0,1,1,1,1,1,1,1,1,0,0,0,0,1,1,0,0,1,8,248
165,100,1589,QPPQ,PRST,PWXQ,STWX,GFFG,QQBB,EGFH,KMTV,FUZG,CLXC,XDBK,CAUZ,VEBT,GKHM,LHEC,"5,2,3","8,7,6,4,1","6,4,2","8,7,5,3,1","7,4,1","8,6,5,3,2","8,6,3,2","7,5,4,1","8,7,5,4,2","6,3,1","8,5,4,2","7,6,3,1","8,7,5,3,1","6,4,2","6,5,4,1","8,7,3,2","3,6,5,2","4,7","1,8","3,1","4,5,7","2,6,8","6,4","1,5,3","2,7,8","3,5,7","1,4","2,8,6","8,7,3,6","2,1","4,5","2,5","3,7,8","1,4,6",5,5,5,5,5,7,6,5,5,5,5,4,7,7,5,5,7,5,6,5,2,2,5,5,7,5,6,6,3,7,6,4,6,5,4,5,5,5,6,5,5,4,4,7,7,3,4,4,3,4,2,7,7,7,7,7,7,7,7,7,7,5,6,6,6,6,5,5,5,6,5,4,4,6,2,5,4,6,5,5,5,5,5,6,5,5,5,6,7,5,6,5,5,6,5,6,5,6,5,6,2,6,6,3,5,5,6,2,5,2,6,2,5,7,6,7,6,5,5,7,5,1,6,3,6,7,6,7,5,7,3,5,7,7,3,6,6,7,7,6,3,7,1,2,6,6,7,5,4,3,6,7,6,5,5,1,7,5,7,1,6,5,3,4,3,7,7,6,7,6,7,7,7,1,2,6,3,6,4,5,7,5,3,5,7,7,6,5,1,5,5,7,5,4,6,5,6,6,7,7,7,7,7,23,Female,Asian,4.01,Fourth year (Senior),YES,NA,710,800,33,177,8,43,8,43,8,37,8,47,8,40,10,42,10,70,10,55,10,46,6,31,6,33,5,27,5,23,3,16,5,17,4,25,3,16,3,13,12,56,12,62,12,61,TRUE,1,1,1,1,1,1,1,0,1,1,1,0,1,1,0,12,TRUE,1,1,1,1,1,1,1,1,1,1,1,1,1,1,0,0,0,0,1,1,0,0,1,1,1,0,0,0,1,1,1,1,1,1,1,1,1,1,1,1,1,0,0,0,1,0,1,1,10,250
166,100,2445,QPPQ,PRST,PWXQ,STWX,GFFG,QQBB,EGFH,BODQ,COPD,CLXC,XDBK,CGVZ,VEBT,EJFK,NA,"5,3,2","8,7,6,4,1","8,7,6,4,2","5,3,1","7,4,1","8,6,5,3,2","8,6,3,2","7,5,4,1","8,7,5,4,2","6,3,1","8,7,5,4,3,1,2",6,"8,7,5,3,1","6,4,2","6,5,1","8,7,4,3,2",3,"5,4,7","8,6,2,1","3,1","8,7,4","6,5,2","4,6","1,3,5","2,8,7","2,7,5","1,4,3","6,8",1,2,"3,4",NA,NA,NA,6,6,6,5,6,6,5,6,7,7,6,6,6,5,7,6,7,6,7,7,7,7,6,7,6,6,6,5,3,6,7,6,6,6,4,7,7,6,6,7,6,6,5,6,6,5,5,4,4,5,5,7,7,7,7,4,7,7,7,7,7,5,7,6,6,7,6,6,7,7,7,7,5,7,7,7,6,7,7,6,6,7,7,7,7,7,7,6,7,6,7,6,7,6,6,7,6,6,6,1,2,2,2,2,2,2,2,5,7,6,5,5,7,7,6,7,3,2,6,2,7,5,6,6,6,6,6,7,7,7,7,6,7,6,6,7,6,7,7,6,6,7,4,6,5,6,6,6,6,6,6,7,5,6,6,7,7,1,1,3,2,3,2,6,6,3,2,7,7,7,7,7,1,5,3,7,7,3,6,6,6,6,5,7,7,7,7,7,4,6,7,7,3,6,7,6,6,5,7,6,7,7,7,19,Male,White or Caucasian,3.8,First year (Freshman),YES,NA,720,790,33,204,8,46,8,50,8,54,8,48,8,49,10,51,10,67,10,64,10,65,6,42,6,38,5,31,5,9,3,6,5,28,4,27,3,11,3,14,12,43,12,67,12,75,TRUE,1,1,1,1,1,1,1,1,0,1,1,1,1,0,0,12,TRUE,1,1,0,0,1,1,1,1,1,1,0,0,1,1,1,1,0,0,0,1,0,0,1,1,1,1,1,1,0,0,0,0,0,0,1,0,1,1,1,0,1,1,0,0,1,1,0,0,8,246
170,100,1648,QPPQ,PRST,PWXQ,CDFG,GFFG,QQBB,IJLK,BODQ,FUZG,CLXC,XDBK,CGVZ,VEBT,GKHM,KGDB,"2,5,3","1,4,7,6,8","6,4,2","7,8,5,3,1","7,4,1","8,6,5,3,2","8,6,3,2","7,5,4,1","8,7,5,4,2","6,3,1","4,7,8,5,3,1","2,6","5,8,3,2,1","6,7,4","6,5,1","7,8,4,3,2",1,"4,6,5,2,7","3,8","3,1","4,7","5,6,8,2","4,6","3,5,1","2,8,7","2,7,5","1,4,3","8,6",3,"1,2","5,4",NA,NA,NA,6,6,7,6,7,7,5,6,6,6,7,6,5,6,5,6,7,6,6,4,6,6,7,6,6,6,6,6,3,6,6,6,6,6,5,7,6,5,7,6,7,7,7,7,7,4,7,7,4,2,3,7,7,7,7,4,7,7,7,7,7,7,7,7,7,7,7,7,7,7,7,7,4,7,6,7,6,4,6,7,7,6,7,7,6,6,6,6,7,3,7,6,7,6,7,7,7,7,6,2,1,2,2,3,2,2,5,2,3,5,1,5,6,7,7,7,2,3,7,7,7,5,6,6,7,7,7,7,5,6,3,6,2,5,3,6,6,6,6,7,3,7,5,2,6,6,7,2,6,7,6,5,3,7,7,5,3,2,3,3,2,2,2,2,2,2,2,7,7,7,7,7,7,7,3,7,7,2,3,6,6,7,7,6,7,7,7,6,5,6,5,7,6,6,6,7,5,5,7,7,7,7,7,21,Female,White or Caucasian,3.22,Fourth year (Senior),YES,NA,760,800,33,180,8,50,8,47,8,48,8,48,8,49,10,55,10,67,10,70,10,61,6,38,6,35,5,34,5,10,3,9,5,16,4,27,3,12,3,19,12,30,12,71,12,75,TRUE,1,1,1,0,1,1,0,1,1,1,1,1,1,1,0,12,TRUE,1,1,1,1,1,1,1,1,1,1,0,0,0,0,1,1,0,0,0,1,1,1,1,1,1,1,1,1,0,1,1,0,0,0,1,1,1,1,1,0,0,1,0,1,1,1,0,0,9,247
175,100,1551,QPPQ,PRST,PWXQ,PQST,GFFG,QQBB,EGFH,BODQ,VIJW,JCVC,XDBK,CIOZ,MZXJ,GKHM,DFIM,"5,2,3","1,8,7,6,4","6,4,2","8,7,5,3,1","7,4,1","8,6,5,3,2","8,6,3,2","7,5,4,1","8,7,5,4,2","6,3,1","8,5,4,3,2,1","7,6","8,7,2,3,1","6,5,4","8,6,5,3,1","7,4,2","5,4,3,2,1",6,"7,8","3,1",4,"7,8,6,5,2","6,4","5,1,3","2,8,7","2,5,7","1,4,3","6,8","1,4,5,6","2,8,7",3,"2,5","3,8,7","1,6,4",3,4,5,2,5,5,5,5,3,4,5,4,5,4,5,4,5,5,5,5,5,5,5,5,5,5,5,5,3,5,4,5,5,2,4,3,4,4,5,3,2,5,4,4,4,4,5,4,1,3,2,7,7,7,7,7,7,7,7,7,7,6,5,5,7,6,6,6,5,5,5,7,4,4,1,5,5,5,4,6,6,7,3,5,4,4,4,6,7,3,5,5,4,5,5,7,6,4,5,3,4,5,5,5,4,4,5,4,5,5,4,5,5,6,6,5,6,5,5,4,6,4,6,4,5,4,3,4,5,6,5,3,2,4,6,5,5,6,5,6,2,5,5,5,5,5,4,3,5,3,5,5,3,5,3,4,3,5,5,3,2,4,3,5,2,2,3,5,5,4,4,3,5,3,4,4,6,4,5,5,5,4,4,5,5,7,5,6,3,4,4,4,6,4,6,4,2,1,4,4,6,6,6,21,Male,White or Caucasian,3.1,Third year (Junior),NO,NA,NA,NA,33,147,8,34,8,34,8,40,8,39,8,27,10,36,10,70,10,56,10,47,6,27,6,28,5,27,5,22,3,13,5,23,4,22,3,16,3,14,12,41,12,52,12,57,TRUE,1,1,1,0,1,1,1,1,0,0,1,0,0,1,0,9,TRUE,1,1,1,1,1,1,1,1,1,1,0,0,0,0,0,0,0,0,0,1,0,0,1,1,1,1,1,1,0,0,0,1,1,1,1,1,1,1,1,0,0,0,0,0,1,1,0,1,8,250
177,100,3475,MLMM,PRST,BVZC,STWX,GFFG,QQBB,EGFH,BODQ,COPD,KCWC,XDBK,CAUZ,XGDV,EJFK,HJMQ,"2,3,5","1,4,6,8,7","7,8,4,2","3,6,5,1","1,4,7","8,6,5,3,2","2,8,6,3","5,7,4,1","2,4,5,6,8","1,3,7","5,4,1,2","7,8,6,3","5,6,1,3","7,8,4,2","8,2,4,6","7,5,3,1","4,5,2","7,8,1","6,3","7,8,5","1,3,4","6,2","4,6","7,8,5,1","3,2","2,7,5","4,3,1","6,8","2,6,4","1,5,7","3,8","2,7,3","1,5,6","4,8",6,5,6,5,4,5,6,4,4,5,4,4,5,5,3,4,3,4,5,4,4,5,4,6,6,5,4,6,3,5,5,4,6,4,4,5,5,5,6,5,5,5,4,5,5,3,4,5,4,3,4,5,6,6,6,6,6,7,6,6,6,6,6,6,5,4,6,5,5,6,5,6,5,6,7,6,6,4,5,7,5,4,6,5,5,5,4,6,7,3,4,5,6,5,5,6,5,5,4,5,3,4,3,2,2,6,5,3,5,6,5,4,5,6,5,6,3,3,6,5,6,2,5,5,5,6,5,6,5,6,3,5,3,5,5,6,6,6,5,6,4,6,7,5,5,6,5,5,5,6,6,6,6,6,5,5,3,1,1,2,2,3,3,4,5,2,2,6,5,7,7,3,2,3,6,6,6,6,6,6,6,5,3,4,4,6,5,6,2,6,6,6,6,5,6,4,5,4,5,4,5,6,6,20,Male,two or more races,3.65,Second year (Sophomore),YES,NA,760,720,33,176,8,41,8,34,8,35,8,41,8,39,10,42,10,60,10,54,10,57,6,29,6,29,5,25,5,17,3,13,5,23,4,22,3,12,3,13,12,33,12,63,12,59,TRUE,0,1,0,1,1,1,1,1,0,0,1,0,0,0,0,7,TRUE,1,1,0,0,1,1,1,1,0,0,0,0,0,0,0,0,0,0,0,0,0,0,1,0,0,1,1,1,0,0,0,0,0,0,1,0,1,1,0,0,0,0,0,0,0,1,0,0,4,250
178,100,3457,QPPQ,PRST,PWXQ,STWX,GFFG,QQBB,IJLK,HJPR,FUZG,CLXC,XDBK,CGVZ,KXVH,GKHM,KGDB,"5,3,2","7,8,6,4,1","6,4,2","8,7,5,3,1","7,4,1","8,6,5,2,3","8,6,3,2","7,5,4,1","8,7,6,4,3","5,2,1","5,4,2,1","8,7,6,3","8,6,2,1","7,5,4,3","6,5,2","8,7,4,3,1","5,8,3","6,4,2","7,1","8,1","7,4,3","6,5,2","7,6,2,3","5,1","8,4",NA,NA,NA,"1,4,6","5,7,2","3,8","2,5","7,8,3","1,6,4",5,6,6,4,7,3,5,7,7,6,4,5,3,4,6,5,4,6,4,7,7,6,5,6,6,6,7,6,3,5,5,6,7,7,5,5,4,6,6,7,6,5,3,6,4,5,6,6,5,7,5,6,7,6,7,2,6,4,6,6,5,5,7,6,5,6,7,5,5,6,6,4,5,7,3,6,5,6,4,5,7,5,2,6,2,6,6,7,7,4,5,6,7,5,6,5,2,5,3,6,4,6,5,7,6,3,6,3,5,4,2,5,6,7,5,6,6,5,7,5,6,6,7,6,5,6,2,5,5,7,7,6,6,5,5,6,5,6,6,2,2,4,6,3,3,5,6,6,3,6,6,6,2,5,6,7,6,2,3,5,2,5,2,2,2,5,2,5,6,5,5,3,2,2,2,1,3,3,6,7,2,5,6,5,5,5,6,5,2,2,2,5,6,5,7,6,5,6,5,6,5,6,7,18,Female,Asian,NA,First year (Freshman),YES,NA,730,800,33,166,8,43,8,40,8,45,8,48,8,46,10,52,10,55,10,58,10,52,6,27,6,34,5,21,5,28,3,15,5,19,4,24,3,18,3,17,12,43,12,43,12,52,TRUE,1,1,1,1,1,1,0,0,1,1,1,1,0,1,0,11,TRUE,1,1,1,1,1,1,1,1,0,0,0,0,0,0,0,0,0,0,0,0,0,0,0,0,0,0,0,0,0,0,0,1,1,1,1,1,1,1,0,0,0,0,0,0,0,0,0,1,5,247
179,100,1023,QPPQ,PRST,PWXQ,STWX,GFFG,QQBB,EGFH,BODQ,NA,NA,NA,NA,NA,GKHM,NA,"5,3,2","1,8,7,6,4","6,4,2","8,7,5,3,1","7,4,1","8,6,5,3,2","8,6,3,2","7,5,4,1",NA,NA,NA,NA,NA,NA,NA,NA,NA,NA,NA,NA,NA,NA,NA,NA,NA,NA,NA,NA,1,NA,3,"2,5","8,3,7","1,6,4",6,5,7,6,7,7,6,6,4,7,5,5,6,5,6,7,4,5,6,7,4,5,7,5,5,5,7,5,3,7,7,7,7,7,5,7,5,5,6,6,6,7,7,7,7,7,7,3,6,5,7,7,6,7,7,7,7,7,7,7,5,7,6,7,7,6,7,6,5,7,6,7,5,7,5,7,5,4,7,7,7,7,6,6,3,4,3,6,7,6,6,4,4,6,3,6,6,6,3,2,3,5,4,3,2,5,7,5,7,7,5,5,6,6,7,6,6,6,6,5,7,6,7,4,3,6,2,6,6,7,5,5,7,6,6,6,2,6,6,6,4,5,6,5,7,7,6,7,4,6,6,6,6,5,3,6,6,2,2,2,3,3,5,3,5,3,3,5,6,2,3,6,6,5,3,4,4,5,4,5,5,6,4,5,6,7,5,6,3,6,6,7,2,7,7,6,6,3,7,6,3,6,3,20,Female,Asian,3.4,Second year (Sophomore),YES,NA,770,780,33,179,8,50,8,45,8,43,8,50,8,47,10,63,10,67,10,64,10,61,6,29,6,32,5,24,5,17,3,14,5,29,4,25,3,18,3,18,12,43,12,53,12,64,TRUE,1,1,1,1,1,1,1,1,0,0,0,0,0,1,0,9,TRUE,1,1,1,1,1,1,1,1,0,0,0,0,0,0,0,0,0,0,0,0,0,0,0,0,0,0,0,0,0,0,0,1,1,1,1,1,1,1,0,0,0,0,0,0,0,0,0,1,5,223
180,100,1477,QPPQ,PRST,PWXQ,PQST,GFFG,QQBB,EGFH,KMTV,VIJW,CLXC,XDBK,CGVZ,VEBT,RWSX,HJMQ,"8,7,6,4,1","5,3,2","5,3,1","8,7,6,4,2","7,4,1","8,6,5,3,2","8,6,3,2","7,5,4,1","8,7,5,4,2","6,3,1","6,3,2,1","8,7,5,4","5,4,3,1","8,7,6,2","8,6,4,2,1","7,5,3",NA,NA,NA,"3,1","8,7,6,5,2",4,"2,6,4","1,5,3","8,7","2,7,5","1,4,3","6,8","1,7,5","2,8,6,4",3,"2,5","7,8,3","1,6,4",6,6,7,7,7,7,7,3,3,7,7,3,7,6,7,6,7,7,7,6,5,4,6,7,7,7,7,7,3,7,7,7,3,7,7,5,7,7,7,5,7,7,7,7,7,5,7,4,3,4,5,7,7,4,7,7,7,7,7,7,7,4,7,7,7,7,7,5,7,7,7,7,5,7,4,6,5,4,7,7,7,6,6,3,5,3,5,6,7,3,5,5,3,7,6,5,5,3,3,3,5,7,7,5,5,6,5,3,5,6,3,7,3,7,7,7,3,5,5,5,5,1,6,6,6,6,2,6,7,3,3,6,3,6,5,6,6,6,6,6,6,6,6,6,6,6,5,6,6,2,6,6,5,5,2,5,6,2,3,5,5,7,6,4,3,5,4,5,7,5,7,3,5,1,3,5,5,7,5,5,7,5,2,7,7,6,7,7,3,5,3,5,5,5,5,6,5,6,6,5,6,5,6,19,Female,Asian,3.9,Second year (Sophomore),YES,NA,NA,NA,33,174,8,50,8,46,8,49,8,52,8,52,10,56,10,67,10,65,10,59,6,28,6,29,5,22,5,27,3,16,5,24,4,24,3,13,3,11,12,55,12,58,12,64,TRUE,1,1,1,0,1,1,1,0,0,1,1,1,1,0,0,10,TRUE,0,0,0,0,1,1,1,1,1,1,0,0,0,0,0,0,0,0,0,1,0,0,0,1,0,1,1,1,0,0,0,1,1,1,0,0,1,1,1,0,0,0,0,0,0,1,0,1,5,247
182,100,2547,QPPQ,PRST,PWXQ,STWX,GFFG,QQBB,EGFH,BODQ,COPD,CLXC,XDBK,CGVZ,VEBT,PSQT,KGDB,"3,5,2","7,8,4,6,1","6,4,2","8,7,5,3,1","7,4,1","8,6,5,3,2","6,8,3,2","7,5,4,1","8,7,5,4,2","6,3,1","5,4,3,1","8,7,6,2","8,7,5,3,1","6,4,2","7,3,1,4","8,6,2,5","3,6,2","7,4,5","8,1","3,1","7,4","8,2,6,5","6,4","5,3,1","8,7,2","3,8,4","1,7","2,6,5","4,6","2,1,8","3,5,7",NA,NA,NA,6,6,7,4,7,7,7,6,4,6,5,5,5,7,4,3,4,5,4,7,4,3,5,6,3,5,4,4,3,5,6,4,6,7,3,6,5,6,6,5,4,6,7,7,7,4,5,6,2,3,3,7,7,5,7,4,7,7,7,6,7,5,7,5,6,6,4,5,6,7,6,6,4,7,2,7,6,3,6,7,6,5,6,6,5,5,4,6,7,4,6,5,6,6,6,6,6,6,6,3,2,3,2,2,3,3,4,4,6,6,5,6,6,7,6,7,5,3,6,6,6,2,3,5,5,6,5,7,3,5,3,3,3,2,4,5,3,5,5,5,1,6,3,2,7,6,5,5,3,7,5,6,5,5,5,7,7,5,5,6,5,5,2,5,5,6,5,5,7,7,7,5,6,3,3,5,6,6,7,2,6,4,2,6,6,7,7,7,3,5,5,6,3,6,5,5,6,6,3,6,7,7,7,21,Female,Hispanic or Latino,3.68,Third year (Junior),YES,NA,740,770,33,148,8,50,8,39,8,38,8,37,8,42,10,50,10,64,10,57,10,54,6,31,6,33,5,30,5,12,3,10,5,27,4,26,3,14,3,14,12,63,12,67,12,60,TRUE,1,1,1,1,1,1,1,1,0,1,1,1,1,0,0,12,TRUE,1,1,1,1,1,1,1,1,1,1,0,0,1,1,0,0,0,0,1,1,1,1,1,1,1,0,0,0,0,0,0,0,0,0,1,1,1,1,1,0,1,0,0,1,1,0,0,0,8,247
183,100,1588,QPPQ,PRST,PWXQ,STWX,GFFG,QQBB,EGFH,BODQ,VIJW,CLXC,XDBK,CGVZ,VEBT,GKHM,KIFB,"5,3,2","8,6,7,4,1","6,4,2","8,7,5,3,1","7,4,1","8,6,5,3,2","8,6,3,2","7,4,5,1","8,7,4,2","6,5,3,1","4,5,3,1","7,8,2,6","8,5,2,1","3,4,7,6","5,6,1,8","7,2,3,4","6,1,3","7,4","8,2,5","3,1","7,4","8,5,6,2","6,4","5,1,3","7,8,2","2,7,5","4,3,1","6,8","1,7","2,6,5","3,8,4","5,2","3,8,7","6,1,4",6,5,6,6,6,6,6,6,5,6,5,5,6,6,5,5,6,5,6,6,5,5,5,6,5,6,6,6,3,6,6,5,5,5,6,5,5,5,5,5,4,6,6,6,7,3,6,5,4,4,3,6,6,6,6,4,6,6,6,6,6,5,6,6,6,5,6,5,5,6,6,6,5,6,4,6,5,5,5,6,6,6,6,5,5,5,5,5,7,4,5,6,6,6,6,6,6,5,6,2,2,5,5,5,3,5,6,5,5,5,2,3,5,6,6,6,5,4,5,6,6,6,5,5,5,6,6,5,5,6,6,6,5,6,6,6,6,5,6,6,6,6,6,6,6,6,6,6,5,5,6,6,6,6,6,5,5,2,2,2,2,5,3,2,2,3,3,6,5,6,7,5,3,5,3,6,6,7,4,6,6,5,3,6,6,6,6,6,6,6,5,6,6,6,6,6,6,5,6,6,6,6,6,22,Female,White or Caucasian,3.73,Fourth year (Senior),YES,34,NA,NA,33,189,8,47,8,43,8,44,8,45,8,40,10,50,10,58,10,56,10,54,6,32,6,32,5,29,5,19,3,14,5,20,4,23,3,14,3,18,12,36,12,63,12,67,TRUE,1,1,1,1,1,1,1,1,0,1,1,1,1,1,1,14,TRUE,1,1,1,1,1,1,1,1,0,0,0,0,0,0,0,0,0,0,0,1,1,1,1,1,1,1,1,1,0,0,0,1,1,1,1,1,1,1,0,0,0,0,0,1,1,1,0,1,8,250
184,100,1597,HGHH,JKLM,PWXQ,FGIJ,LMML,QQBB,EGFH,BODQ,SEFT,JCVC,VEGV,CGVZ,ZIFX,EJFK,KIFB,"5,3,2","8,7,6,4,1","6,4,2","8,7,5,3,1","7,4,1","8,6,5,3,2","8,6,3,2","7,5,4,1","7,5,4,2","8,6,3,1","5,6,4,1","7,8,2,3","5,6,3,1","8,7,4,2","5,6,4,1","7,8,2,3",NA,NA,NA,"8,1","5,7,4","6,3,2","4,6","1,3,5","2,7,8","1,5,6","2,8,4","3,7","1,7,5","2,6","3,8,4","2,5","3,8,7","1,4,6",6,5,6,6,6,6,6,6,6,7,6,6,4,6,5,7,6,6,6,6,6,5,6,6,5,6,6,6,3,5,6,6,5,6,5,6,6,7,4,5,6,6,5,6,6,3,5,5,3,3,4,7,5,6,6,5,7,6,7,4,4,5,6,6,6,6,7,4,6,6,6,6,6,6,4,6,5,5,5,6,6,6,6,6,5,5,6,6,7,6,6,6,6,6,6,5,6,6,5,2,1,4,3,4,3,4,4,4,5,6,4,6,5,6,5,6,4,4,5,6,5,4,5,6,6,6,6,5,5,6,5,5,5,5,6,6,4,6,6,6,6,5,5,6,6,6,5,5,5,7,6,6,5,5,5,6,5,2,2,5,3,2,3,4,5,3,3,6,5,5,7,5,5,4,5,6,6,5,6,5,6,5,2,6,5,6,7,6,3,3,3,6,5,6,6,6,6,6,6,6,6,7,6,20,Female,Asian,3.824,Third year (Junior),YES,31,690,790,33,182,8,47,8,47,8,47,8,45,8,45,10,46,10,57,10,58,10,55,6,34,6,36,5,28,5,14,3,11,5,25,4,22,3,13,3,15,12,43,12,65,12,57,TRUE,0,0,1,0,0,1,1,1,0,0,0,1,0,0,1,6,TRUE,1,1,1,1,1,1,1,1,0,0,0,0,0,0,0,0,0,0,0,0,0,0,1,1,1,0,0,0,0,0,0,1,1,1,1,1,1,1,0,0,0,0,0,0,1,0,0,1,6,247
186,100,2385,QPPQ,PRST,PWXQ,STWX,GFFG,QQBB,ABDC,BODQ,FUZG,CLXC,XDBK,CGVZ,VEBT,GKHM,DFIM,"5,3,2","7,8,6,4,1","6,4,2","8,7,5,3,1","7,4,1","8,6,5,3,2","8,6,3,2","7,5,4,1","8,7,5,4,2","6,3,1","8,5,4,2","7,6,1,3","8,7,5,3,1","6,4,2","7,6,2,1","8,5,4,3","3,5,2","6,4,7","1,8","1,3","7,4","8,6,5,2","6,4","5,3,1","2,8,7","2,5,7","1,4","3,8,6","1,7,5","6,2","3,4,8","2,5","3,8,7","1,6,4",5,6,5,2,4,6,7,5,6,7,5,4,7,7,7,5,6,5,7,6,7,7,7,6,5,7,4,4,3,6,7,6,4,2,1,4,4,5,6,3,2,5,5,5,5,3,4,5,1,2,1,5,4,7,7,3,6,7,6,3,2,7,5,6,5,5,7,6,6,7,7,7,7,7,4,7,7,6,6,7,7,6,5,5,6,7,6,6,7,3,7,6,4,6,6,6,5,6,5,2,1,3,3,3,6,4,5,2,7,5,1,4,7,7,4,6,3,1,4,5,7,2,6,6,5,6,6,7,4,7,6,5,4,4,7,6,7,6,7,7,6,6,6,6,4,7,7,6,5,7,6,7,5,6,6,5,5,2,1,1,1,2,2,4,2,2,1,6,7,7,7,4,4,7,6,7,7,7,7,6,6,7,7,7,6,6,7,6,3,7,6,5,6,7,7,7,7,6,6,6,7,7,7,21,Female,White or Caucasian,3.85,Third year (Junior),YES,35,710,780,33,196,8,40,8,48,8,51,8,43,8,27,10,36,10,50,10,61,10,65,6,35,6,32,5,28,5,12,3,15,5,19,4,24,3,8,3,14,12,28,12,76,12,74,TRUE,1,1,1,1,1,1,0,1,1,1,1,1,1,1,0,13,TRUE,1,1,1,1,1,1,1,1,1,1,1,1,1,1,0,0,0,0,1,1,1,1,1,1,1,1,0,0,0,0,0,1,1,1,1,1,1,1,1,1,1,0,0,1,1,0,0,1,10,250
187,100,18393,QPPQ,PRST,PWXQ,STWX,GFFG,QQBB,EGFH,BODQ,FUZG,CLXC,XDBK,CGVZ,ZIFX,EJFK,KGDB,"3,5,2","4,8,1,6,7","6,4,2","8,7,5,3,1","7,4,1","8,6,5,3,2","6,8,3,2","5,7,4,1","5,8,4,2","7,6,3,1","7,4,5,1","6,2,3,8","2,8,6,3,1","7,5,4","5,7,6,3,1","8,4,2","5,2,1","4,3,6","8,7","3,1","5,4,8,7","6,2","6,4","5,3,1","8,7,2","7,4,3","1,8","2,5,6","1,7","2,6","5,3,8,4","5,2","7,8,3","4,1,6",6,6,6,6,7,4,6,4,5,5,5,6,6,4,6,7,5,4,5,4,5,5,4,5,6,6,7,6,3,6,6,6,5,5,6,3,3,3,5,6,3,7,6,6,6,7,6,5,2,3,6,7,6,6,7,5,7,7,5,6,6,6,6,6,7,5,6,6,7,5,5,5,4,4,2,5,5,4,4,6,6,5,5,3,5,5,5,2,7,5,5,6,6,6,5,6,5,5,5,4,2,6,5,5,5,6,5,1,2,1,5,1,3,6,5,6,3,5,5,7,6,6,3,5,1,5,3,5,5,2,5,1,2,3,6,5,5,3,6,5,5,5,3,5,6,6,3,3,5,3,4,3,5,6,5,7,7,5,5,6,7,6,7,6,6,6,5,6,6,2,6,5,5,2,3,3,6,6,4,3,5,4,2,5,5,5,7,5,2,3,5,6,3,5,3,3,5,4,6,6,6,7,6,20,Female,Black or African American,2.9,Second year (Sophomore),YES,NA,600,630,33,137,8,45,8,44,8,37,8,48,8,34,10,54,10,62,10,59,10,45,6,28,6,30,5,26,5,22,3,16,5,10,4,20,3,13,3,19,12,73,12,54,12,51,TRUE,1,1,1,1,1,1,1,1,1,1,1,1,0,0,0,12,TRUE,1,1,1,1,1,1,1,1,0,0,0,0,0,0,0,0,0,0,0,1,0,0,1,1,1,0,0,0,0,0,0,1,1,1,1,1,1,1,0,0,0,0,0,0,1,0,0,1,6,250
191,100,1327,QPPQ,PRST,PWXQ,STWX,GFFG,QQBB,EGFH,BODQ,FUZG,CLXC,XDBK,CGVZ,VEBT,GKHM,KGDB,"5,2,3","1,8,7,6,4","6,4,2","8,7,5,3,1","7,4,1","8,6,5,3,2","8,6,3,2","7,5,4,1","8,7,5,4,2","6,3,1","8,7,5,4,3,2,1",6,"8,7,5,3,1","6,4,2","5,1","8,7,6,4,3,2","2,3","7,5,4","8,6,1","3,1","7,4","8,5,6,2","4,6","3,5,1","2,7,8","2,8,7,5","1,4","3,6","3,8,7,6","1,2","5,4","2,5","3,8,7","1,6,4",6,6,6,4,6,6,5,6,6,5,5,5,6,6,4,5,7,5,6,6,5,6,6,6,7,6,6,5,3,7,6,7,7,6,5,5,7,7,6,6,5,5,6,4,5,3,5,4,4,3,3,5,5,6,5,4,4,5,6,6,4,5,7,6,5,6,5,5,7,7,6,5,4,5,2,5,6,4,5,5,5,6,6,5,5,6,5,2,7,3,5,3,5,5,3,5,5,5,3,3,4,6,5,5,6,4,6,2,5,2,5,5,6,6,6,6,2,2,5,6,5,2,3,6,6,6,6,6,4,6,5,6,3,5,6,6,5,6,6,6,5,6,6,5,6,6,6,6,6,6,5,6,6,6,6,4,3,2,2,2,2,5,3,3,2,2,2,6,5,5,5,5,5,4,5,5,5,6,4,6,6,6,6,6,6,6,6,6,5,5,6,6,5,5,5,6,6,6,6,6,6,7,7,19,Male,Asian American,4,Second year (Sophomore),YES,NA,770,800,33,184,8,45,8,42,8,47,8,51,8,47,10,42,10,50,10,59,10,46,6,33,6,23,5,21,5,23,3,16,5,19,4,24,3,9,3,13,12,32,12,60,12,70,TRUE,1,1,1,1,1,1,1,1,1,1,1,1,1,1,0,14,TRUE,1,1,1,1,1,1,1,1,1,1,0,0,1,1,0,0,0,0,0,1,1,1,1,1,1,0,0,0,1,1,1,1,1,1,1,1,1,1,1,0,1,0,0,1,1,0,1,1,10,250
193,100,1866,QPPQ,PRST,PWXQ,STWX,GFFG,QQBB,ABDC,BODQ,FUZG,CLXC,XDBK,CGVZ,KXVH,GKHM,HJMQ,"5,3,2","6,8,7,4,1","6,4,2","8,7,5,3,1","7,4,1","8,6,5,3,2","8,6,3,2","7,5,4,1","8,7,5,4,2","6,3,1","5,4,3,2,1","8,7,6","8,5,3,1","6,7,4,2","7,6,3,2","8,5,4,1","8,1","7,5,4","6,3,2","8,3,1","7,4","6,5,2","6,4,2","3,5,1","7,8","2,5,3,7","1,8","4,6","2,4,5","1,6","3,8,7",NA,NA,NA,4,4,5,4,5,4,7,5,6,5,3,5,5,5,5,6,5,6,4,7,6,5,6,5,6,6,6,4,3,7,6,6,5,4,4,7,5,5,7,5,7,5,6,4,4,4,4,5,4,3,4,7,7,4,6,5,7,7,5,7,6,4,6,4,5,6,5,5,5,5,6,5,5,6,2,7,4,3,6,6,7,6,7,7,7,7,6,5,7,3,5,6,6,6,6,6,6,6,6,1,1,5,5,2,2,3,3,3,5,5,4,3,6,6,6,7,2,2,3,3,5,2,4,5,7,6,6,6,5,6,6,3,3,6,5,3,5,6,6,5,6,6,3,6,5,6,6,5,5,6,4,6,3,6,5,6,5,6,5,6,6,5,5,3,5,2,2,6,5,6,6,6,5,6,2,6,6,5,1,6,6,5,6,6,5,7,6,5,6,3,6,5,7,6,6,5,6,6,5,6,6,6,5,20,Male,White or Caucasian,3.7,Second year (Sophomore),YES,NA,700,720,33,171,8,38,8,40,8,44,8,46,8,44,10,43,10,61,10,51,10,51,6,40,6,31,5,30,5,14,3,8,5,20,4,25,3,7,3,10,12,56,12,60,12,67,TRUE,1,1,1,1,1,1,0,1,1,1,1,1,0,1,0,12,TRUE,1,1,1,1,1,1,1,1,1,1,0,0,0,0,0,0,0,0,0,0,1,0,0,1,0,0,0,0,0,0,0,0,0,0,1,1,1,1,1,0,0,0,0,0,0,0,0,0,5,247
203,100,1030,DDDE,VWXY,JVZK,PQST,GFFG,QQBB,OPRQ,BODQ,COPD,CGCS,XDBK,CEIZ,XGDV,RWSX,DFIM,NA,NA,NA,NA,NA,NA,"1,5,2,3,8","4,6,7","7,5,6,1","4,8,3,2","8,2,3,7,1","5,4,6","7,2,1,3","4,8,6,5","3,5,4,2,7","6,8,1","6,1","4,3,2,5","8,7","3,4,1,7","8,2","6,5","3,4,6","5,1","8,2,7","6,5","4,3,1,2","7,8","8,1,2,7","5,3","6,4","2,1,3,7","5,6,8",4,6,7,7,6,7,7,6,6,3,6,7,2,5,7,7,4,3,6,6,7,7,6,5,5,7,6,7,7,3,7,5,6,7,7,7,7,4,5,6,7,4,7,7,6,7,5,7,7,4,2,2,7,5,5,7,7,7,7,7,7,6,7,6,7,7,7,7,6,7,7,7,7,7,7,2,7,7,4,5,7,7,3,6,3,3,2,2,7,7,7,7,5,6,7,7,6,3,2,6,6,2,6,6,3,2,4,4,5,7,7,7,6,2,7,7,7,5,2,7,7,5,3,7,6,3,7,2,5,4,7,5,6,5,5,7,7,2,6,5,5,6,7,6,7,6,7,5,6,6,6,6,7,5,5,6,6,5,1,1,2,2,2,2,4,2,2,2,6,5,5,6,5,6,2,5,6,7,4,7,6,7,6,6,7,7,7,7,6,5,6,6,7,3,7,6,5,3,5,7,4,6,7,4,19,Male,prefer not to answer,3.5,Second year (Sophomore),YES,NA,780,770,33,185,8,52,8,41,8,45,8,52,8,47,10,54,10,65,10,68,10,60,6,19,6,39,5,24,5,23,3,10,5,32,4,23,3,14,3,15,12,31,12,64,12,76,TRUE,0,0,0,0,1,1,0,1,0,0,1,0,0,0,0,4,TRUE,0,0,0,0,0,0,0,0,0,0,0,0,0,0,0,0,0,0,0,0,0,0,0,0,1,0,0,0,0,0,0,0,0,0,0,0,0,0,0,0,0,0,0,0,0,0,0,0,0,244
205,100,1931,QPPQ,PRST,PWXQ,STWX,GFFG,QQBB,EGFH,BODQ,FUZG,CLXC,XDBK,CGVZ,VEBT,GKHM,NA,"2,5,3","1,4,7,8,6","6,4,2","8,7,5,3,1","7,4,1","8,6,5,3,2","8,6,3,2","7,5,1,4","8,5,4,7,2","6,3,1","8,7,5,4,1","6,2,3","8,6,5,3,1","7,4,2","5,8,4","7,6","6,5,3","7,4,2","1,8","3,1","7,4","8,6,5,2","6,4","5,3,1","8,7,2",NA,NA,NA,"3,7,6","1,2","4,8,5","2,5","3,7,8","6,1,4",2,3,7,5,4,6,4,4,2,6,3,4,4,4,3,2,6,3,5,6,5,5,6,5,4,5,6,6,3,6,7,6,5,3,5,3,4,5,3,4,4,4,6,2,2,4,6,5,3,4,5,3,6,5,6,3,4,4,3,6,3,6,4,6,5,5,7,6,5,7,4,6,6,7,2,5,5,6,7,6,4,5,2,6,2,3,1,2,7,2,5,2,5,5,5,5,3,2,5,5,5,6,5,6,6,6,6,5,5,3,5,2,3,6,5,6,5,6,7,6,7,1,5,3,6,7,7,7,4,6,6,3,2,2,6,6,5,5,6,6,5,4,7,5,3,3,6,3,4,5,6,7,3,6,6,5,2,1,2,3,2,3,1,5,6,2,2,7,5,6,6,2,2,3,6,6,7,7,7,6,5,1,1,3,6,6,5,5,3,3,6,2,3,3,7,5,5,3,2,4,3,6,5,22,Male,Asian American,3.4,Fourth year (Senior),YES,NA,770,800,33,165,8,35,8,28,8,41,8,45,8,31,10,41,10,43,10,55,10,54,6,19,6,21,5,20,5,27,3,18,5,20,4,20,3,18,3,14,12,34,12,64,12,50,TRUE,1,1,1,1,1,1,1,1,1,1,1,1,1,1,0,14,TRUE,1,1,1,1,1,1,1,1,1,1,0,0,0,0,0,0,0,0,1,1,1,1,1,1,1,0,0,0,0,1,0,1,1,1,1,1,1,1,1,0,0,0,0,1,1,0,0,1,8,246
206,100,1287,QPPQ,PRST,PWXQ,STWX,GFFG,QQBB,OPRQ,FHXZ,SEFT,CLXC,VEGV,CEIZ,XGDV,EJFK,KIFB,1,3,1,3,2,5,3,1,2,5,1,3,3,4,2,4,1,3,7,2,4,6,1,3,6,1,3,5,1,5,4,1,3,5,5,3,5,4,7,7,3,5,6,6,4,4,7,6,5,6,3,5,7,6,4,7,6,7,5,5,7,7,3,6,6,7,7,6,6,7,6,7,7,5,7,6,7,6,6,4,6,6,4,6,5,5,7,3,5,3,7,6,5,7,7,5,7,6,5,7,7,6,7,7,7,4,5,7,4,7,7,4,6,4,7,6,7,5,6,6,5,7,7,4,6,6,5,5,5,6,5,6,5,3,3,3,3,3,3,3,4,4,5,5,6,6,5,7,7,7,3,4,5,5,7,3,6,5,6,7,7,6,6,4,6,6,2,4,5,5,5,5,5,6,5,5,3,6,5,6,5,3,4,4,6,7,4,6,4,7,7,5,3,4,4,4,4,5,5,5,3,7,1,5,7,7,6,5,3,7,5,5,4,7,6,7,7,6,7,6,7,6,5,7,7,6,5,6,7,7,7,7,6,5,5,7,7,21,Female,Asian,4,Fourth year (Senior),YES,NA,720,720,33,169,8,39,8,44,8,45,8,50,8,51,10,56,10,55,10,64,10,55,6,35,6,33,5,27,5,15,3,10,5,26,4,26,3,12,3,15,12,56,12,62,12,78,TRUE,1,1,1,1,1,1,0,0,0,1,0,0,0,0,1,8,TRUE,0,0,0,0,0,0,0,0,0,0,0,0,0,0,0,0,0,0,0,0,0,0,0,0,0,0,0,0,0,0,0,0,0,0,0,0,0,0,0,0,0,0,0,0,0,0,0,0,0,250
207,100,5883,HGHH,BCDE,JVZK,BCEF,GFFG,DDSS,EGFH,CERT,PABQ,CGCS,XDBK,CAEZ,MZXJ,AFBG,LHEC,"5,2,3","7,8,6,4,1","6,4,2","8,7,5,3,1","7,4,1","8,6,5,3,2","8,6,3,2","7,5,4,1","8,7,6,5,4,2","3,1","8,7,5,4,3,1","6,2","8,7,5,3,1","6,4,2","7,5,3,1","8,6,4,2","6,3","7,5,4,2","8,1","3,1","7,5,2","8,6,4","4,6","1,5,3","8,7,2","3,5,2","7,8","6,1,4","1,7,4","2,8","3,6,5","2,5","3,8,7","1,6,4",7,7,7,4,7,6,7,7,7,7,6,6,7,7,7,5,6,7,7,4,7,7,7,7,6,7,7,7,3,7,7,7,6,7,6,6,7,6,6,6,6,7,7,7,7,2,6,6,2,2,6,7,6,4,7,2,7,7,7,7,7,7,7,7,7,7,7,7,7,7,7,6,4,7,2,7,6,7,7,7,7,7,7,6,6,7,7,7,7,7,7,7,7,7,7,7,7,6,6,2,1,2,2,1,4,4,4,4,1,7,4,4,6,7,7,7,1,1,6,2,6,4,7,7,6,7,4,6,4,5,7,6,4,7,7,7,4,6,4,6,6,7,7,7,7,7,4,4,6,7,6,7,7,7,4,5,5,1,2,1,1,2,1,4,2,1,1,7,7,7,7,5,3,3,7,4,4,4,7,6,6,6,6,7,7,7,5,7,6,7,7,7,7,6,7,7,7,7,7,7,7,7,7,21,Female,two or more races,3.3,Fourth year (Senior),YES,NA,NA,NA,33,197,8,52,8,52,8,52,8,54,8,50,10,52,10,61,10,70,10,60,6,40,6,42,5,33,5,8,3,12,5,20,4,27,3,8,3,12,12,26,12,65,12,77,TRUE,0,0,0,0,1,0,1,0,0,0,1,0,0,0,0,3,TRUE,1,1,1,1,1,1,1,1,0,0,0,0,1,1,0,0,0,0,1,1,0,0,1,1,1,0,0,0,0,0,0,1,1,1,1,1,1,1,0,0,1,0,0,0,1,0,0,1,7,250
208,100,443,QPPQ,FGHI,FVZG,STWX,GFFG,CCRR,IJLK,KMTV,SEFT,CGCS,TNLL,CIOZ,ZIFX,EJFK,DFIM,1,3,2,4,2,4,3,5,2,4,1,4,3,2,5,3,1,3,6,2,1,6,3,2,6,2,4,6,1,3,6,3,2,6,3,4,4,5,4,3,3,3,5,3,3,4,5,4,4,5,3,5,4,5,4,3,4,4,5,4,3,3,3,5,4,4,3,3,5,3,3,5,3,3,4,5,5,4,3,4,4,3,4,3,4,3,4,4,3,4,4,2,3,5,4,3,4,4,5,5,5,4,4,3,4,5,3,4,4,4,5,3,4,3,4,3,3,5,4,3,5,3,7,4,3,3,3,3,3,5,4,3,4,4,3,2,3,5,4,5,4,4,5,4,3,4,4,7,3,3,3,3,3,4,3,5,3,4,4,3,5,3,4,3,3,3,3,3,3,4,6,4,3,3,3,4,3,4,5,3,3,3,3,4,3,3,3,4,4,4,5,4,3,5,4,5,5,4,4,4,4,3,3,4,5,4,5,4,5,4,5,4,4,3,3,3,5,3,5,4,3,4,5,5,5,5,4,3,4,4,5,5,4,4,3,4,5,19,Male,Asian,NA,First year (Freshman),YES,NA,NA,NA,33,116,8,29,8,33,8,32,8,31,8,29,10,39,10,36,10,41,10,39,6,23,6,19,5,19,5,17,3,13,5,20,4,17,3,9,3,12,12,51,12,50,12,48,TRUE,1,0,0,1,1,0,0,0,0,0,0,0,0,0,0,3,TRUE,0,0,0,0,0,0,0,0,0,0,0,0,0,0,0,0,0,0,0,0,0,0,0,0,0,0,0,0,0,0,0,0,0,0,0,0,0,0,0,0,0,0,0,0,0,0,0,0,0,250
209,100,1376,QPPQ,PRST,PWXQ,STWX,GFFG,QQBB,EGFH,BODQ,FUZG,CLXC,XDBK,CGVZ,VEBT,GKHM,HJMQ,"2,5,3","1,8,6,7,4","6,4,2","8,7,5,3,1","7,4,1","8,6,5,3,2","8,6,3,2","7,5,4,1","5,4,2","8,7,6,3,1","8,7,4,5,3,2,1",6,"8,6,5,3,1","7,4,2","8,4,6,5,1","7,3,2",6,"7,4,5,2,3","8,1","3,1","8,7,5,4","6,2","4,6","1,5,3","2,8,7","4,6,1","3,8,7","5,2","8,7","1,2","3,6,4,5","2,5","3,7,8","1,6,4",5,7,7,5,5,4,7,7,7,7,7,7,7,7,1,7,7,7,7,7,7,6,7,7,7,7,7,7,3,7,7,5,7,7,3,7,3,4,7,7,7,6,6,7,7,1,5,7,3,6,6,7,6,7,7,7,7,5,7,1,3,7,7,7,7,6,4,7,7,7,7,7,5,7,5,7,6,7,7,7,7,7,6,7,7,6,6,1,7,2,7,5,5,6,7,7,7,7,7,1,1,5,5,1,2,5,7,1,1,1,1,5,7,7,6,7,1,2,5,1,3,1,7,5,7,7,2,7,7,7,5,7,6,4,7,6,1,6,7,4,6,7,5,6,5,7,1,7,7,7,2,6,7,6,5,7,3,1,5,7,6,6,1,7,7,3,2,7,7,7,7,7,7,7,7,7,7,7,7,6,5,1,1,6,6,6,7,5,1,1,1,3,6,5,7,7,7,5,5,7,7,7,7,23,Female,Black or African American,2.12,Fifth year or beyond,YES,NA,710,710,33,186,8,47,8,50,8,55,8,54,8,45,10,54,10,57,10,66,10,65,6,39,6,26,5,35,5,13,3,14,5,9,4,27,3,8,3,5,12,55,12,84,12,46,TRUE,1,1,1,1,1,1,1,1,1,1,1,1,1,1,0,14,TRUE,1,1,1,1,1,1,1,1,0,0,0,0,0,0,0,0,0,0,1,1,0,0,1,1,1,0,0,0,0,1,0,1,1,1,1,1,1,1,0,0,0,0,0,0,1,0,0,1,6,250
210,100,2589,QPPQ,PRST,PWXQ,STWX,GFFG,QQBB,EGFH,BODQ,FUZG,CLXC,XDBK,CGVZ,VEBT,GKHM,LHEC,"2,3,5","1,4,8,6,7","6,4,2","8,7,5,3,1","7,4,1","8,6,5,3,2","8,6,3,2","7,5,4,1","8,7,5,4,2","6,3,1","8,3,5,2,4","1,7,6","8,5,3,1","7,6,4,2",NA,NA,NA,NA,NA,"3,1","7,4","8,6,5,2","4,6","1,5,3","2,8,7","2,8,7,5","1,4","3,6","3,8,7,6","1,2","4,5","5,2","8,7,3","1,4,6",5,5,7,7,7,7,2,4,5,5,5,5,5,5,5,5,5,4,4,3,4,4,4,6,3,5,4,4,3,2,4,2,6,2,4,3,2,3,2,7,3,7,7,6,7,1,7,1,1,1,1,7,6,7,7,7,7,7,5,5,3,6,4,4,7,3,6,6,3,3,5,4,2,4,1,5,2,6,4,4,3,2,3,5,4,2,2,3,7,2,3,3,2,5,3,3,3,5,3,3,6,3,5,3,3,6,6,6,3,2,6,6,3,7,3,5,7,3,5,7,4,5,2,5,5,3,2,6,5,7,5,5,6,4,4,6,2,3,4,2,3,4,3,5,5,5,2,1,4,3,1,4,5,2,2,5,4,5,5,4,3,6,6,5,5,5,5,5,5,5,5,3,5,4,3,6,5,5,6,5,5,5,3,6,3,3,4,5,1,3,2,3,2,2,6,2,4,3,3,2,2,6,2,21,Male,two or more races,3.637,Fourth year (Senior),YES,NA,730,760,33,125,8,44,8,40,8,34,8,30,8,26,10,39,10,61,10,47,10,35,6,18,6,18,5,17,5,20,3,15,5,23,4,18,3,15,3,16,12,58,12,57,12,45,TRUE,1,1,1,1,1,1,1,1,1,1,1,1,1,1,0,14,TRUE,1,1,1,1,1,1,1,1,1,1,0,0,0,0,0,0,0,0,0,1,1,1,1,1,1,0,0,0,1,1,1,1,1,1,1,1,1,1,1,0,0,0,0,1,1,0,1,1,9,245
211,100,2399,QPPQ,PRST,PWXQ,STWX,GFFG,QQBB,EGFH,BODQ,FUZG,CLXC,XDBK,CGVZ,KXVH,PSQT,HJMQ,"2,3,5","8,7,1,6,4","6,4,2","8,5,7,3,1","7,4,1","8,6,5,3,2","8,6,3,2","7,5,4,1","8,7,5,4,2","6,3,1","8,7,5,4,2","6,3,1","8,3,1","5,7,6,4,2","6,7,4,3,2,1","8,5","7,6,4","5,3,2","1,8","3,1","7,4","8,6,5,2","4,6","5,3,1","2,7,8","5,2,7","1,3,4","6,8","3,7,6","1,5,2,8",4,"5,2","3,7,8","1,6,4",6,3,2,3,3,5,3,5,2,4,5,5,7,6,2,5,5,5,3,5,5,3,6,5,5,6,5,6,3,7,5,2,6,2,2,1,2,1,2,7,7,2,2,3,3,1,4,3,1,2,2,5,4,7,7,6,6,7,3,4,5,5,3,5,5,2,5,6,6,7,7,7,6,5,3,4,5,5,6,5,6,4,5,3,3,5,2,2,7,6,5,2,3,3,3,3,2,2,2,2,5,6,7,5,6,5,5,2,5,6,3,5,4,3,1,2,3,3,5,6,7,3,7,5,7,5,6,6,6,4,6,5,3,5,3,6,5,7,6,3,5,5,3,2,5,7,7,3,5,3,6,5,5,6,6,2,2,2,2,3,6,2,2,7,6,2,2,6,6,7,7,5,2,6,6,7,7,6,6,2,5,2,2,2,2,2,5,2,1,2,2,5,2,2,3,4,5,5,6,3,6,6,3,18,Male,Asian American,2.77,First year (Freshman),YES,35,NA,NA,33,168,8,30,8,36,8,37,8,42,8,24,10,23,10,54,10,51,10,52,6,22,6,21,5,12,5,25,3,16,5,21,4,10,3,11,3,16,12,38,12,71,12,29,TRUE,1,1,1,1,1,1,1,1,1,1,1,1,0,0,0,12,TRUE,1,1,1,1,1,1,1,1,1,1,0,0,0,0,0,0,1,1,1,1,1,1,1,1,1,1,1,1,0,0,0,1,1,1,1,1,1,1,1,0,0,0,1,1,1,1,0,1,10,250
212,100,1759,QPPQ,PRST,PWXQ,STWX,GFFG,QQBB,ABDC,BODQ,FUZG,CLXC,XDBK,CGVZ,VEBT,PSQT,HJMQ,"5,3,2","8,6,7,4,1","6,4,2","8,7,5,3,1","7,4,1","8,6,5,3,2","8,6,3,2","7,5,4,1","8,7,5,4,2","3,6,1","7,3,8,5,4,1","6,2","8,6,5,2,3,1","4,7","7,6,5,1","2,8,3,4",1,"2,7,6","3,8,5,4","1,3","8,4","6,7,5,2","4,6","1,3,5","2,7,8","2,7,5","1,4,3","6,8","2,8,7","1,6","3,5,4","2,5","3,8,7","1,4,6",6,5,5,6,7,7,5,6,2,5,7,6,5,4,6,3,3,4,5,4,4,5,3,6,5,4,5,4,3,4,6,7,6,5,4,4,6,5,5,5,4,7,7,7,7,6,7,6,6,5,5,6,7,6,6,6,7,7,6,7,6,6,7,5,6,6,6,6,5,5,5,5,5,5,3,7,4,2,4,4,5,6,5,4,5,5,6,5,7,2,5,3,5,5,6,6,5,5,6,2,5,5,5,5,6,6,6,2,2,5,5,6,5,7,4,7,5,4,5,7,7,3,6,5,6,6,5,4,4,4,5,5,5,5,4,6,3,6,6,5,4,6,3,5,5,6,5,4,4,6,4,6,5,5,6,6,6,6,3,3,4,2,2,5,5,3,5,6,6,6,5,6,6,1,1,6,6,6,1,3,6,6,6,6,6,6,6,6,1,6,5,6,3,6,6,5,6,6,6,3,5,7,6,19,Female,Asian American,NA,Second year (Sophomore),YES,35,NA,NA,33,164,8,47,8,38,8,34,8,41,8,38,10,63,10,64,10,57,10,44,6,31,6,25,5,28,5,22,3,18,5,20,4,23,3,14,3,17,12,50,12,56,12,63,TRUE,1,1,1,1,1,1,0,1,1,1,1,1,1,0,0,12,TRUE,1,1,1,1,1,1,1,1,1,1,0,0,0,0,0,0,0,0,0,1,0,0,1,1,1,1,1,1,0,0,0,1,1,1,1,1,1,1,1,0,0,0,0,0,1,1,0,1,8,250
213,100,2443,QPPQ,VWXY,PWXQ,STWX,GFFG,QQBB,EGFH,HJPR,COPD,CLXC,XDBK,CGVZ,VEBT,GKHM,LHEC,"2,5,3,4","7,8,1,6","6,4,2","8,7,5,3,1","7,4,1","5,6,8,3,2","8,6,3,2","7,5,4,1","7,8,5,2,4","1,3,6","3,1,2",NA,NA,NA,NA,NA,"3,2,6","7,5,4","1,8","3,1","4,7","8,5,6,2","4,6","5,3,1","2,7,8","5,7,2","1,4","8,3,6","6,8,3,7","2,1","4,5","5,2","7,8,3","1,4,6",6,6,6,6,6,6,6,6,5,6,5,5,7,6,5,5,7,6,7,6,7,7,6,6,7,7,7,7,3,7,7,7,7,7,7,7,7,7,7,7,7,7,6,6,7,2,6,7,7,3,5,7,7,7,7,4,7,7,7,7,5,6,6,6,6,6,6,6,6,6,6,7,5,6,3,7,6,7,6,7,6,5,6,5,5,5,4,5,7,5,6,6,6,6,5,4,4,4,4,4,4,7,4,6,5,6,6,5,5,5,5,5,5,7,6,6,4,4,4,6,6,6,5,7,5,6,7,6,2,6,5,3,2,4,4,6,6,7,5,6,6,4,6,5,6,6,5,4,4,4,4,6,6,6,6,5,5,2,4,4,2,4,3,4,5,2,3,5,5,6,6,3,3,3,3,4,4,4,1,6,6,6,6,7,7,7,6,7,6,6,6,7,7,7,7,4,4,NA,7,7,7,7,7,21,Female,White or Caucasian,2,Third year (Junior),NO,NA,NA,NA,33,170,8,48,8,44,8,52,8,56,8,56,10,56,10,65,10,60,10,60,6,30,6,34,5,21,5,25,3,17,5,25,4,24,3,12,3,18,12,43,12,47,12,76,TRUE,1,0,1,1,1,1,1,0,0,1,1,1,1,1,0,11,TRUE,0,0,1,1,1,1,1,1,1,1,0,0,0,0,0,0,0,0,1,1,1,1,1,1,1,1,0,0,1,1,1,1,1,1,0,1,1,1,1,0,0,0,0,1,1,0,1,1,8,244
214,100,1982,QPPQ,PRST,PWXQ,STWX,GFFG,QQBB,EGFH,BODQ,FUZG,CLXC,XDBK,CIOZ,NA,GKHM,HJMQ,"5,3,2","8,7,6,4,1","6,4,2","8,7,5,3,1","7,4,1","8,6,5,3,2","8,6,3,2","7,5,4,1","8,7,5,4,2","6,3,1","8,5,4,2","7,6,3,1","8,7,5,3,1","6,4,2",NA,NA,NA,"7,5,4",NA,"3,1","7,4","8,2,6,5","4,6","1,5,3","2,8,7",NA,NA,NA,"6,7","1,2","3,5,4","2,5","3,8,7","1,6,4",3,4,6,3,6,5,5,5,4,5,5,5,5,5,3,4,5,4,4,5,4,4,3,6,4,5,5,6,3,4,6,6,7,5,4,3,4,2,5,4,5,6,6,6,6,6,6,6,6,6,6,6,6,7,7,5,7,7,7,5,5,6,7,5,5,6,7,7,6,6,5,6,6,6,5,4,6,5,6,5,5,4,6,5,4,5,4,5,7,4,5,6,5,5,4,4,5,3,4,5,3,5,5,4,4,5,5,5,4,2,2,2,5,7,5,7,5,5,7,6,6,2,4,6,6,6,5,6,4,6,5,5,5,3,6,5,5,5,5,5,6,5,5,5,5,6,5,2,5,4,5,5,3,5,5,7,4,4,5,6,5,5,2,3,2,2,2,5,5,6,6,6,6,3,3,6,6,4,7,5,6,6,4,5,5,5,7,7,6,3,6,5,5,6,6,6,6,6,5,5,6,6,6,22,Female,Asian,3.9,Third year (Junior),YES,NA,760,800,33,163,8,37,8,36,8,35,8,43,8,32,10,60,10,62,10,60,10,54,6,28,6,30,5,20,5,22,3,14,5,15,4,24,3,17,3,14,12,47,12,63,12,65,TRUE,1,1,1,1,1,1,1,1,1,1,1,0,0,1,0,12,TRUE,1,1,1,1,1,1,1,1,1,1,1,1,1,1,0,0,0,0,0,1,1,1,1,1,1,0,0,0,0,1,0,1,1,1,1,1,1,1,1,1,1,0,0,1,1,0,0,1,10,242
216,100,10966,QPPQ,VWXY,PWXQ,STWX,GFFG,QQBB,EGFH,BODQ,SEFT,CLXC,XDBK,CGVZ,KXVH,RWSX,LHEC,"3,5,2","8,7,6,4,1","6,4,2","3,5,8,7,1","7,4,3","8,6,5,2,1","8,6,3,2","7,5,4,1","7,8,4","5,6,3,2,1","5,4,2,1","8,7,6,3","8,5,2,3,1","7,6,4",NA,NA,"6,2,5","8,4,7","3,1","3,1","6,4","7,8,5,2","6,4","5,3,1","2,8,7","3,6,4","1,8","7,2,5","7,2,6",1,"3,5,4,8","2,5","3,8,7","1,6,4",7,4,7,7,7,7,6,5,4,5,7,7,7,4,6,5,4,5,6,6,7,6,5,7,7,6,7,5,3,7,6,5,4,7,5,7,5,5,6,7,5,7,7,7,7,4,7,3,3,5,4,7,7,6,5,7,7,7,6,7,7,3,7,5,5,7,5,3,7,5,6,7,4,7,6,7,5,4,6,3,7,3,6,6,3,5,5,4,7,6,7,4,4,6,7,5,5,4,5,1,2,7,5,7,7,7,7,3,3,3,5,6,5,7,7,7,2,3,6,5,6,7,5,4,2,4,6,5,7,6,5,4,7,5,4,7,3,6,6,7,6,6,4,6,6,6,7,5,5,6,5,7,6,6,6,6,7,1,1,2,5,5,5,2,5,2,4,7,6,6,7,6,6,5,5,6,7,4,2,5,6,7,7,7,7,7,7,7,2,6,6,7,3,2,6,7,7,6,7,6,7,7,7,21,Female,White or Caucasian,3.4,Fourth year (Senior),YES,NA,760,750,33,180,8,50,8,45,8,46,8,47,8,47,10,54,10,66,10,53,10,56,6,28,6,31,5,26,5,22,3,21,5,20,4,26,3,11,3,18,12,45,12,67,12,74,TRUE,1,0,1,1,1,1,1,1,0,1,1,1,0,0,0,10,TRUE,1,1,1,1,0,0,1,1,0,0,0,0,0,0,0,0,0,0,0,1,0,0,1,1,1,0,0,0,0,0,0,1,1,1,1,1,0,1,0,0,0,0,0,0,1,0,0,1,5,248
217,100,746973,QPPQ,PRST,PWXQ,STWX,GFFG,QQBB,EGFH,BODQ,COPD,CLXC,XDBK,CGVZ,VEBT,GKHM,DFIM,"5,3,2","8,7,6,4,1","6,4,2","8,7,5,3,1","4,7,3,2","8,1,6,5","2,8,3,6","4,5,7,1","8,7,5,4,2","6,3,1","1,2,8,5,4","7,6,3","5,3,2,1","4,8,7,6","8,7","5,4",NA,1,NA,"3,1","7,4","8,6,5,2",NA,NA,NA,"2,8,5,7","1,4","3,6","7,1","4,8,6","2,3,5","2,5","7,3,8","1,6,4",7,7,7,7,7,7,7,7,7,7,7,7,7,7,7,7,7,7,7,7,7,7,7,7,7,7,7,7,3,7,7,7,7,7,7,7,7,7,7,7,7,7,6,7,7,6,7,6,5,5,6,7,7,7,7,7,7,7,7,7,7,7,6,6,7,7,7,7,6,7,7,6,5,6,5,7,6,5,6,6,5,6,7,5,5,3,5,2,7,5,6,6,5,5,5,6,3,3,3,3,3,6,3,3,3,3,5,6,3,3,3,6,5,7,5,6,4,4,5,7,6,5,5,7,5,6,5,7,3,6,5,5,6,5,7,5,5,5,5,5,5,5,5,6,5,7,6,5,5,5,5,7,5,6,6,7,6,6,5,5,5,5,6,3,3,3,3,7,7,7,7,7,7,3,5,5,5,7,4,5,7,6,5,6,6,5,7,7,3,5,6,6,6,6,6,7,6,6,6,6,6,6,7,19,Female,Asian American,3.5,Third year (Junior),YES,NA,710,760,33,180,8,56,8,56,8,56,8,56,8,56,10,62,10,70,10,67,10,57,6,31,6,29,5,20,5,18,3,11,5,21,4,23,3,13,3,18,12,57,12,71,12,68,TRUE,1,1,1,1,1,1,1,1,0,1,1,1,1,1,0,13,TRUE,1,1,1,1,0,0,1,1,1,1,0,0,0,0,0,0,0,0,0,1,1,1,0,0,0,0,0,0,0,0,0,1,1,1,1,1,0,1,1,0,0,0,0,1,0,0,0,1,6,245
218,100,2360,QPPQ,PRST,PWXQ,STWX,GFFG,NA,EGFH,BODQ,FUZG,CLXC,PFCC,CIOZ,ZIFX,PSQT,HJMQ,"3,5,2","4,8,7","6,4,2,5","1,3,8,7","7,3,6,1,4","8,5,2","6,7,3,2","8,4,5,1","8,3,2,4","6,7,5,1","7,5,4,2,1","8,3,6","6,8,1,2","4,5,7,3","8,4,5,1","6,7,3,2",NA,NA,NA,NA,NA,NA,NA,NA,NA,NA,NA,NA,NA,NA,NA,NA,NA,NA,4,4,6,6,7,6,6,7,6,5,6,7,7,7,7,6,7,7,6,7,7,4,6,6,5,6,6,6,3,7,6,6,6,5,6,6,6,4,5,6,6,6,6,5,5,5,7,6,5,5,5,5,4,2,4,2,5,4,4,4,4,5,5,4,5,5,5,5,5,5,5,6,5,6,2,4,6,3,6,3,5,6,6,6,4,4,3,5,7,6,5,6,5,6,6,5,5,5,5,2,3,4,6,5,6,6,6,5,6,6,5,6,5,5,5,5,5,5,5,5,5,1,2,5,4,3,4,5,5,5,5,5,1,5,1,6,4,4,5,3,3,4,2,3,5,5,5,4,5,4,2,4,2,5,4,6,6,6,5,6,5,6,5,6,4,4,6,6,7,6,7,5,6,3,1,4,4,5,4,6,6,3,2,3,3,6,6,5,3,3,6,3,3,5,5,4,3,3,5,5,7,7,7,23,Female,Black or African American,NA,Fourth year (Senior),YES,NA,690,680,33,129,8,46,8,51,8,50,8,48,8,44,10,55,10,38,10,49,10,46,6,29,6,33,5,26,5,20,3,18,5,28,4,20,3,15,3,11,12,65,12,58,12,52,TRUE,1,1,1,1,1,0,1,1,1,1,0,0,0,0,0,9,TRUE,1,0,0,0,0,0,0,0,0,0,0,0,0,0,0,0,0,0,0,0,0,0,0,0,0,0,0,0,0,0,0,0,0,0,0,0,0,0,0,0,0,0,0,0,0,0,0,0,0,231
220,100,1631,QPPQ,PRST,PWXQ,FGIJ,WXXW,AAPP,EGFH,FHXZ,SEFT,JCVC,TNLL,CEIZ,XGDV,AFBG,HJMQ,"5,3,2","8,7,6,4,1","3,7,4,2","6,8,5,1","7,4,3,1","8,6,5,2","8,6,3,2","7,5,4,1","7,6,5,4","3,8,2,1","5,4,3,2,1","8,7,6","4,7,2,1","8,6,5,3","8,5,2,1","7,6,4,3","6,1,7","4,5,2","8,3","3,8,5,1,4",2,"7,6","2,7,1","5,3","4,8,6","5,8","1,6,4,3","2,7","7,8,1","2,3","5,6,4","2,5","3,8,7","1,6,4",6,6,7,7,6,7,6,6,7,6,7,7,7,7,7,7,6,6,7,6,7,7,7,7,7,7,7,7,3,6,7,7,7,7,7,7,6,7,6,6,7,7,7,7,7,7,7,7,7,7,7,3,7,7,1,2,7,7,4,7,6,4,6,6,6,7,6,7,6,6,5,6,5,4,5,7,7,4,6,5,7,5,6,4,5,5,5,4,7,5,5,4,5,6,4,4,6,5,5,2,5,7,6,5,7,4,6,4,5,6,3,5,5,7,7,6,5,5,5,6,6,1,7,6,6,4,7,7,5,7,4,5,4,4,7,7,7,6,4,7,7,6,7,6,7,7,7,6,7,7,6,6,5,7,6,7,7,7,7,4,4,5,4,4,1,5,5,5,6,6,7,7,6,4,2,4,4,4,2,3,5,4,1,7,4,7,7,4,1,1,1,7,6,7,7,7,7,7,5,5,5,5,6,18,Female,prefer not to answer,3,Second year (Sophomore),YES,25,NA,NA,33,201,8,51,8,55,8,53,8,55,8,53,10,70,10,51,10,59,10,56,6,30,6,29,5,24,5,25,3,17,5,23,4,25,3,15,3,13,12,60,12,57,12,45,TRUE,1,1,1,0,0,0,1,0,0,0,0,0,0,0,0,4,TRUE,1,1,0,0,0,0,1,1,0,0,0,0,0,0,0,0,0,0,0,0,0,0,0,0,0,0,0,0,0,0,0,1,1,1,1,0,0,1,0,0,0,0,0,0,0,0,0,1,3,250
221,100,6013,QPPQ,PRST,PWXQ,STWX,GFFG,QQBB,EGFH,FHXZ,FUZG,CLXC,XDBK,CIOZ,VEBT,EJFK,HJMQ,"5,2,3","8,6,7,4,1","6,4,2","8,7,5,3,1","7,4,1","8,6,5,3,2","8,6,3,2","7,5,4,1","8,7,5,4,2","6,3,1","8,5,4,2","7,6,3,1","8,7,5,3,1","6,4,2","6,5,1","8,7,4,3,2","6,2","7,5,4","1,8,3","3,1","7,4","8,6,5,2","6,4","5,3,1","8,7,2","2,7,5","1,4,3","6,8","7,8","1,2","3,6,4,5","2,5","3,7,8","1,6,4",4,5,5,4,4,4,3,6,5,5,4,5,3,6,4,5,4,5,4,4,4,5,5,5,5,6,5,5,3,4,5,5,6,4,4,5,4,5,5,5,4,5,2,4,4,2,4,2,3,2,2,5,5,3,5,4,3,5,3,7,6,4,5,5,4,4,5,5,5,5,5,5,5,4,4,4,5,5,5,4,4,3,5,4,4,3,3,5,7,4,5,5,5,5,5,3,3,3,5,3,4,4,4,3,4,4,5,5,6,6,4,5,4,5,5,6,4,5,4,5,6,5,5,5,5,4,5,5,4,4,5,4,4,4,4,4,5,4,5,5,5,5,5,5,5,4,5,3,4,7,5,5,5,5,6,5,3,3,3,1,1,2,4,4,3,4,4,2,2,4,4,2,5,7,5,5,4,4,6,5,5,4,6,5,6,6,5,4,6,5,7,5,5,5,5,5,6,5,5,5,5,6,5,20,Female,Asian,3,Second year (Sophomore),YES,NA,710,800,33,155,8,35,8,37,8,36,8,41,8,36,10,30,10,46,10,47,10,45,6,22,6,29,5,19,5,18,3,13,5,26,4,20,3,13,3,16,12,37,12,50,12,64,TRUE,1,1,1,1,1,1,1,0,1,1,1,0,1,0,0,11,TRUE,1,1,1,1,1,1,1,1,1,1,1,1,1,1,1,1,0,0,0,1,1,1,1,1,1,1,1,1,0,1,0,1,1,1,1,1,1,1,1,1,1,1,0,1,1,1,0,1,12,250
222,100,1692,QPPQ,PRST,PWXQ,STWX,GFFG,EETT,EGFH,BODQ,VIJW,JCVC,PFCC,CEIZ,KXVH,PSQT,KIFB,"4,6,8,7,1","5,3,2","6,4,2","7,8,5,3,1","7,4,1","8,6,5,3,2","8,6,3,2","7,5,4,1","5,8,7,4,2","6,1,3","7,3,1","4,5,6,8,2","8,5,3,1","7,6,4,2","6,5,4,1","8,7,3,2","6,3","7,4,5","8,2,1","3,1","7,4","6,8,5,2",NA,NA,NA,NA,NA,NA,NA,NA,NA,NA,NA,NA,5,4,5,4,6,6,5,3,4,5,5,3,4,5,4,3,5,5,6,5,5,6,5,5,5,4,4,5,3,3,5,6,5,4,5,6,4,5,4,4,4,5,5,5,5,4,6,5,3,5,5,4,5,5,5,3,4,5,4,4,3,4,5,5,5,4,6,5,4,6,5,6,3,4,3,4,3,4,5,4,5,6,6,6,6,6,6,5,7,6,6,6,6,6,6,5,6,6,6,2,3,3,3,3,5,2,3,3,5,5,4,5,5,6,2,6,4,5,5,6,5,4,5,4,5,5,2,5,3,3,5,3,3,5,6,5,3,5,4,3,4,5,3,3,6,6,3,5,5,6,5,6,6,4,6,6,5,5,4,5,5,3,6,3,3,5,5,7,4,6,7,7,5,3,6,6,6,6,6,5,6,6,5,6,7,7,6,6,2,2,3,3,3,5,5,6,6,6,5,3,5,5,5,19,Female,Asian,3.45,Second year (Sophomore),YES,NA,800,750,33,147,8,38,8,33,8,42,8,37,8,36,10,48,10,42,10,49,10,41,6,36,6,35,5,29,5,14,3,10,5,22,4,19,3,14,3,15,12,55,12,69,12,61,TRUE,1,1,1,1,1,0,1,1,0,0,0,0,0,0,1,8,TRUE,0,0,1,1,1,1,1,1,1,1,0,0,0,0,0,0,0,0,0,1,1,1,0,0,0,0,0,0,0,0,0,0,0,0,0,1,1,1,1,0,0,0,0,1,0,0,0,0,5,238
223,100,284238,QPPQ,PRST,PWXQ,STWX,GFFG,QQBB,EGFH,BODQ,FUZG,CLXC,XDBK,CIOZ,KXVH,NA,NA,"3,5,2","7,6,4,1,8","6,4,2","8,7,5,3,1","7,4,1","8,6,5,3,2","8,6,3,2","7,5,4,1","8,7,5,4,2","6,3,1","7,5,1,4,2","8,6,3","8,5,3,1","7,6,4,2","8,7,6,4,1","3,5,2","6,1","7,5,4,2","8,3","3,1",4,"8,7,6,5,2","6,4","1,5,3","2,8,7",1,NA,NA,NA,NA,NA,NA,NA,NA,5,6,3,4,3,4,4,2,2,5,4,5,1,1,6,4,1,4,5,1,6,6,1,6,2,5,4,6,3,5,1,6,2,1,4,5,4,1,1,5,1,1,7,6,7,5,3,1,7,1,1,7,1,6,7,1,2,4,5,7,6,4,5,5,4,6,6,2,3,5,4,3,1,4,1,4,4,4,1,7,5,5,5,4,6,6,6,1,7,1,4,3,5,5,3,5,3,3,4,3,4,5,4,1,7,7,7,4,2,2,2,1,5,5,4,6,4,5,1,5,5,5,4,3,5,5,6,5,5,3,5,4,3,4,3,5,2,6,4,5,3,3,2,5,7,7,4,2,1,6,4,3,6,5,3,5,2,1,2,1,3,7,6,3,6,3,3,4,7,1,4,4,6,3,3,2,3,4,1,5,2,3,1,7,4,2,6,4,1,5,2,4,3,3,5,5,6,6,5,4,3,6,6,20,Female,Asian,3.9,Third year (Junior),YES,23,NA,NA,33,138,8,31,8,28,8,30,8,31,8,22,10,39,10,46,10,44,10,34,6,32,6,19,5,18,5,17,3,21,5,11,4,20,3,10,3,15,12,42,12,42,12,42,TRUE,1,1,1,1,1,1,1,1,1,1,1,0,0,0,0,11,TRUE,1,1,1,1,1,1,1,1,1,1,0,0,0,0,0,0,0,0,0,1,0,0,1,1,1,0,0,0,0,0,0,0,0,0,1,1,1,1,1,0,0,0,0,0,1,0,0,0,6,240
225,100,1250,TTTU,JKLM,JVZK,STWX,LMML,QQBB,IJLK,FHXZ,VIJW,CGCS,VEGV,CIOZ,ZIFX,GKHM,KIFB,"3,5,2","8,7,6,1,4","6,4,2","8,7,5,3,1","7,4,1","8,6,5,3,2","8,6,3,2","7,5,4,1","8,7,5,2","6,4,3,1","7,8,6,2","1,5,4,3","5,8,7,3,1","2,4,6","7,3,2,1","8,6,5,4","6,5,1","4,7,3","8,2","1,3","7,4","8,6,5,2","6,4","5,3,1","8,7,2","2,7,5","1,4,3","6,8","1,2,3","6,7,8,5",4,"2,5","7,3,8","1,6,4",4,3,3,4,4,3,4,3,4,5,4,4,4,5,4,3,4,4,4,3,5,5,5,5,5,5,4,5,3,4,5,5,5,5,5,3,5,5,4,3,4,5,5,4,6,5,6,4,4,3,6,3,5,6,5,3,4,5,5,5,4,4,5,4,4,3,3,4,4,4,5,5,5,3,3,6,4,5,4,6,5,5,4,3,5,4,4,4,7,4,3,5,4,3,3,3,5,4,5,5,4,5,4,5,5,5,3,5,3,3,5,3,4,3,5,5,5,5,4,5,4,4,3,5,4,5,3,4,4,5,3,4,4,4,5,5,5,5,4,3,3,5,5,4,4,4,5,5,4,4,4,5,4,5,3,7,5,5,6,3,6,3,5,4,3,3,3,4,5,3,3,4,5,3,4,4,4,6,5,2,6,2,2,6,7,6,5,5,3,3,3,5,4,4,5,4,5,3,5,5,4,5,5,21,Female,Asian,3.41,Third year (Junior),YES,NA,770,780,33,139,8,28,8,33,8,35,8,38,8,34,10,48,10,45,10,40,10,46,6,25,6,23,5,20,5,23,3,13,5,19,4,17,3,14,3,13,12,53,12,50,12,50,TRUE,0,0,0,1,0,1,0,0,0,0,0,0,0,1,1,4,TRUE,1,1,1,1,1,1,1,1,0,0,0,0,1,1,0,0,0,0,0,1,1,1,1,1,1,1,1,1,0,0,0,1,1,1,1,1,1,1,0,0,1,0,0,1,1,1,0,1,9,250
226,100,2933,QPPQ,PRST,PWXQ,NA,GFFG,QQBB,EGFH,BODQ,FUZG,CLXC,XDBK,NA,VEBT,RWSX,NA,"2,5,3","6,8,7,4,1","6,4,2","8,7,5,3,1","7,4,1","8,6,5,3,2","8,6,3,2","7,5,4,1","8,7,5,4,2","6,3,1",NA,NA,"8,7,5,3,1","6,4,2","6,5,1","8,7,4,3,2",NA,NA,NA,"3,1","7,4","8,6,5,2","4,6","1,3,5","2,8,7","2,7,5","1,4,3","6,8",NA,NA,NA,2,NA,NA,6,6,7,7,4,6,5,5,3,3,5,6,5,6,6,5,7,2,7,6,6,5,5,7,5,5,5,4,3,6,5,7,6,2,3,6,6,6,2,2,2,6,5,4,5,5,5,5,3,2,4,6,6,4,5,5,4,5,5,6,6,6,3,6,5,4,7,7,7,6,5,3,4,5,2,6,4,3,3,4,5,7,6,5,6,6,6,4,7,2,3,5,5,6,6,6,6,6,5,2,5,3,2,5,5,6,4,2,5,5,1,2,5,7,4,7,5,5,5,7,6,6,7,6,4,3,6,6,3,1,5,4,2,3,3,6,6,5,5,6,6,5,6,6,5,6,6,5,2,6,5,5,6,6,6,6,6,2,1,2,3,7,5,3,2,3,5,7,3,3,6,2,4,2,2,3,3,4,1,5,3,5,6,6,6,5,6,6,2,7,6,5,5,6,6,5,6,7,6,5,6,6,5,18,Male,White or Caucasian,3.86,Second year (Sophomore),YES,NA,620,710,33,162,8,46,8,39,8,45,8,43,8,29,10,44,10,52,10,56,10,39,6,36,6,25,5,29,5,17,3,15,5,15,4,23,3,15,3,19,12,45,12,40,12,63,TRUE,1,1,1,0,1,1,1,1,1,1,1,0,1,0,0,11,TRUE,1,1,1,1,1,1,1,1,1,1,0,0,1,1,1,1,0,0,0,1,1,1,1,1,1,1,1,1,0,0,0,0,0,0,1,1,1,1,1,0,1,1,0,1,1,1,0,0,10,237
227,100,2718,QPPQ,PRST,PWXQ,STWX,GFFG,QQBB,EGFH,BODQ,FUZG,CLXC,XDBK,CIOZ,NA,NA,NA,"2,3,5","1,8,7,4,6","8,1,5","4,7,6,3,2","2,6,5,4,7","8,3,1","4,3,5,8,7","6,2,1","6,4","1,7,5,8,3,2","5,7,8,4,3,1","2,6","3,1,5","6,7,4,8,2","2,8,4,7,5","1,6,3","5,4,3","6,8,1","2,7","3,1","6,5,7","8,4,2","2,3,6,1","5,7","4,8","1,2,5,4","3,8,7",6,"1,5,3","4,6,8","2,7","3,2,6","5,7,8","1,4",6,5,5,5,5,4,6,5,3,5,4,2,6,6,5,5,4,4,6,6,3,3,5,7,5,5,6,3,3,5,4,7,5,7,7,4,5,4,7,5,5,4,6,6,5,3,5,5,5,4,3,6,5,5,7,4,6,6,6,5,6,4,5,3,4,5,5,6,4,6,6,5,5,4,6,6,5,3,3,4,4,3,3,3,4,3,6,6,7,2,5,5,2,3,3,5,6,5,5,3,5,5,5,5,6,6,5,5,7,5,5,6,4,6,6,6,5,3,6,6,6,5,3,6,5,4,6,7,3,3,5,5,5,6,2,5,5,5,5,5,5,4,3,5,3,6,6,5,5,5,6,5,6,6,2,6,5,2,2,3,3,3,4,5,6,3,2,6,5,4,5,5,5,2,5,5,5,4,1,3,6,5,6,6,5,5,7,3,1,5,5,7,3,6,6,4,5,5,6,5,5,6,4,18,Male,White or Caucasian,3.38,First year (Freshman),YES,NA,720,720,33,157,8,41,8,36,8,38,8,40,8,44,10,46,10,56,10,48,10,45,6,22,6,23,5,24,5,23,3,17,5,28,4,22,3,14,3,17,12,44,12,52,12,57,TRUE,1,1,1,1,1,1,1,1,1,1,1,0,0,0,0,11,TRUE,1,1,0,0,0,0,0,0,0,0,0,0,0,0,0,0,0,0,0,1,0,0,0,0,0,0,0,0,0,0,0,0,0,0,1,0,0,0,0,0,0,0,0,0,0,0,0,0,1,247
228,100,4581,QPPQ,PRST,PWXQ,STWX,GFFG,QQBB,UVXW,HJPR,PABQ,KCWC,TNLL,CIOZ,XGDV,RWSX,KGDB,"2,5,3","7,6,8,1,4","3,5,2,7","4,8,6,1","4,7,1","6,5,3,8,2","2,8,3,6","7,1,5,4","4,7,2,8,6","3,5,1","3,5,1,2,8,7,4",6,"8,5,2,1","4,7,6,3","8,6,2,5,4","1,7,3",NA,NA,NA,NA,NA,NA,NA,NA,NA,NA,NA,NA,NA,NA,NA,NA,NA,NA,6,5,6,5,6,5,5,4,4,6,6,5,5,6,5,5,6,6,6,5,5,5,4,5,5,5,5,5,3,5,5,6,5,5,5,5,5,4,5,4,5,6,6,6,6,4,6,5,4,4,5,6,6,6,6,6,6,6,6,6,6,5,6,5,5,5,5,5,5,5,5,6,5,6,2,5,6,6,5,6,6,5,5,4,5,5,4,4,7,5,5,5,4,6,5,5,6,5,6,5,3,2,3,4,5,2,5,2,5,5,2,3,5,6,6,6,5,4,6,5,6,5,5,5,5,6,4,3,4,4,5,5,4,5,5,5,5,6,4,6,5,5,6,6,5,6,5,5,4,6,5,5,6,6,6,6,6,4,2,1,1,6,5,2,1,3,4,5,4,5,6,5,5,3,4,2,5,4,2,4,6,5,3,6,6,6,6,5,4,4,4,6,5,4,6,3,3,3,6,5,3,6,3,21,Female,White or Caucasian,3.633,Fourth year (Senior),YES,27,680,710,33,167,8,42,8,42,8,42,8,41,8,38,10,52,10,60,10,51,10,53,6,28,6,29,5,27,5,17,3,12,5,17,4,23,3,15,3,16,12,41,12,50,12,59,TRUE,1,1,1,1,1,1,0,0,0,0,0,0,0,0,0,6,TRUE,1,1,0,0,1,1,1,1,0,0,0,0,0,0,0,0,0,0,0,0,0,0,0,0,0,0,0,0,0,0,0,0,0,0,1,0,1,1,0,0,0,0,0,0,0,0,0,0,3,232
230,100,1900,QPPQ,PRST,PWXQ,STWX,GFFG,QQBB,EGFH,BODQ,FUZG,CLXC,XDBK,CGVZ,VEBT,GKHM,KIFB,"2,3,5","1,6,8,4,7","6,2,4","5,8,7,3,1","7,1,4","6,8,3,5,2","8,6,3,2","5,7,4,1","8,7,2,5,4","1,6,3","8,7,1,5,3,4,2",6,"6,5,2,3,1","8,7,4","3,6,8,2","5,4,7,1","2,7,3","6,5,1","4,8","3,1","5,7,8,4","2,6","4,6","1,3,5","2,7,8","2,5,7","1,3,4","6,8","1,8,7","4,2,6","3,5","5,2","3,7,8","1,6,4",6,4,6,3,6,6,7,6,7,5,7,7,4,5,7,7,6,3,5,1,6,5,7,6,4,5,6,4,3,6,5,5,6,3,4,5,7,7,6,5,4,5,4,7,5,4,7,4,3,4,6,6,5,3,5,3,2,6,4,6,6,4,5,4,6,3,4,4,4,4,5,4,3,4,1,6,5,2,6,7,4,5,6,3,5,5,5,3,7,3,5,5,3,5,6,5,5,6,6,5,3,7,6,3,5,4,6,3,4,3,5,4,5,5,3,6,2,1,2,6,5,3,3,4,5,4,5,3,5,4,5,5,1,3,4,5,3,5,6,5,4,5,4,3,2,4,5,2,3,5,3,5,2,5,4,7,6,2,2,5,6,6,5,3,4,4,5,5,5,6,6,3,5,1,3,2,4,7,7,5,5,5,5,5,5,5,6,6,2,5,5,5,3,2,5,3,5,5,6,7,7,5,7,19,Prefer not to say,Asian American,4.031,Second year (Sophomore),YES,35,NA,NA,33,131,8,44,8,49,8,39,8,41,8,41,10,49,10,46,10,43,10,42,6,29,6,24,5,28,5,24,3,15,5,19,4,19,3,5,3,14,12,55,12,54,12,59,TRUE,1,1,1,1,1,1,1,1,1,1,1,1,1,1,1,15,TRUE,1,1,1,1,1,1,1,1,1,1,0,0,0,0,0,0,0,0,0,1,0,0,1,1,1,1,1,1,0,0,0,1,1,1,1,1,1,1,1,0,0,0,0,0,1,1,0,1,8,250
231,100,2930,QPPQ,PRST,PWXQ,STWX,GFFG,QQBB,EGFH,HJPR,VIJW,CLXC,XDBK,CGVZ,VEBT,EJFK,LHEC,"3,5,2","8,7,6,4,1","6,4,2","7,5,8,1,3","7,4,1","8,6,5,3,2","6,8,3,2","7,5,4,1","7,4,5,2","6,1,3",2,NA,"8,5,3,2,1","6,4,7","7,5,3,1","8,6,4,2","4,7,1","5,2","6,8,3","3,1","7,4","8,6,5,2","6,4","5,1,3","2,8,7","3,5,4,2","1,7","6,8","6,8,7,3","2,1","4,5","2,5","3,7,8","1,4,6",6,4,6,3,6,5,3,5,2,4,5,5,5,5,5,5,5,6,6,6,6,6,5,6,6,6,6,6,3,6,6,6,5,3,3,2,5,4,3,4,3,6,4,5,5,6,6,6,6,6,6,5,4,5,6,6,5,5,5,4,4,6,6,6,6,6,6,5,6,6,6,5,5,6,6,3,5,5,5,6,6,6,7,6,6,6,6,4,7,5,4,6,6,6,5,5,5,5,5,2,2,2,3,2,3,2,2,2,2,3,3,2,6,6,4,6,6,5,6,4,6,5,2,4,6,6,2,7,5,5,3,2,2,4,3,5,4,3,5,4,4,4,6,3,4,5,3,2,5,7,4,4,4,4,3,5,4,6,6,4,2,4,3,6,6,2,2,6,5,3,4,2,3,3,4,5,6,4,6,6,4,4,4,3,6,6,6,6,4,5,2,6,2,4,6,4,6,6,6,4,5,6,4,19,Male,two or more races,3.486,Second year (Sophomore),YES,NA,680,760,33,134,8,38,8,36,8,46,8,47,8,27,10,56,10,49,10,59,10,52,6,37,6,31,5,25,5,11,3,7,5,12,4,22,3,17,3,15,12,50,12,51,12,56,TRUE,1,1,1,1,1,1,1,0,0,1,1,1,1,0,0,11,TRUE,1,1,1,1,1,1,1,1,0,1,0,0,0,0,0,0,0,0,0,1,1,1,1,1,1,0,0,1,1,1,1,1,1,1,1,1,1,1,0,0,0,0,0,1,1,0,1,1,8,249
232,100,1894,QPPQ,PRST,PWXQ,STWX,GFFG,QQBB,OPRQ,BODQ,FUZG,CLXC,XDBK,CGVZ,VEBT,GKHM,HJMQ,"5,3,2","8,7,6,4,1","6,4,2","8,7,5,3,1","7,4,1","6,8,5,3,2","8,6,3,2","7,5,4,1","8,7,2","4,5,3,6,1","7,6,8,5,4,3,2,1",NA,"5,2,1","8,7,6,4,3","8,5,4,2","7,6,3,1","8,3","4,7,5,2","6,1","1,3","5,4","8,7,2,6","4,6","1,5,3","2,8,7","4,5","1,8,7,3","2,6","2,8,7","1,4","3,6,5","2,5","3,7,8","1,6,4",7,7,7,4,5,5,5,7,6,6,7,5,6,7,7,6,7,5,7,7,3,4,4,4,5,5,7,6,3,7,7,7,6,5,5,6,6,7,6,7,7,1,4,3,4,4,5,3,6,7,3,7,6,7,7,6,7,7,7,5,7,5,7,7,6,6,7,7,4,5,7,6,7,7,3,6,5,7,6,5,6,5,6,5,5,3,4,3,7,6,5,5,6,4,5,4,2,2,2,2,5,6,7,4,3,6,6,2,3,5,3,3,7,7,6,6,5,3,5,7,7,6,6,1,6,2,3,5,3,4,3,7,5,5,6,7,1,6,5,5,3,5,5,5,2,3,2,7,3,3,5,4,2,6,2,6,7,5,5,6,5,4,3,1,3,6,3,5,5,5,2,5,5,2,3,6,6,1,1,5,5,6,5,6,6,6,7,6,2,3,5,1,2,4,4,3,3,NA,6,6,6,5,7,20,Male,White or Caucasian,3.92,Second year (Sophomore),YES,NA,720,790,33,137,8,47,8,50,8,41,8,50,8,49,10,40,10,66,10,61,10,58,6,28,6,29,5,15,5,24,3,15,5,16,4,26,3,13,3,20,12,54,12,46,12,62,TRUE,1,1,1,1,1,1,0,1,1,1,1,1,1,1,0,13,TRUE,1,1,1,1,1,1,1,1,0,0,0,0,0,0,0,0,0,0,0,1,0,0,1,1,1,0,0,0,0,0,0,1,1,1,1,1,1,1,0,0,0,0,0,0,1,0,0,1,6,248
233,100,6723,QPPQ,PRST,PWXQ,STWX,GFFG,QQBB,EGFH,BODQ,FUZG,CGCS,XDBK,CGVZ,VEBT,GKHM,HJMQ,"7,5,2,1","3,8,6,4","8,7,5,3,1","6,4,2","6,2,1","8,7,5,4,3","8,7,5,4,3,2","1,6","6,3,1","8,7,5,4,2","5,4,3,1","6,7,8,2","8,5,3,1","7,6,2,4","6,5,4,2","7,8,3,1","7,4","2,5","6,3,8,1","6,2","3,1","5,7,8,4","6,5,2,1","8,7,3",4,"1,2,8",7,"3,6,4,5","2,1","3,8","4,7,5,6","2,5,3","7,8","4,1,6",5,4,4,6,6,5,6,5,4,6,5,6,5,5,6,5,4,5,4,3,6,5,6,5,4,4,3,5,3,4,5,5,4,3,4,3,4,3,2,4,3,4,4,5,5,2,5,3,2,2,2,7,3,7,7,5,7,7,5,2,4,5,4,5,5,5,4,6,5,4,5,6,4,6,7,7,5,7,4,6,7,5,5,3,5,5,4,3,7,5,6,5,5,3,3,5,5,5,4,3,3,5,4,5,3,3,4,4,4,2,3,4,4,5,2,5,3,3,2,5,5,6,3,3,3,5,4,5,3,7,4,6,6,5,5,6,4,4,5,5,3,4,2,3,3,6,5,4,3,4,5,6,3,5,6,5,6,3,3,4,5,5,4,5,5,4,4,6,7,6,6,6,6,4,6,5,5,7,7,3,5,3,1,5,5,5,3,3,4,3,2,3,3,3,2,5,5,4,6,6,7,7,7,18,Female,Asian,NA,First year (Freshman),YES,35,760,800,33,145,8,41,8,42,8,38,8,34,8,26,10,34,10,54,10,48,10,59,6,27,6,27,5,22,5,20,3,10,5,17,4,16,3,8,3,16,12,53,12,71,12,42,TRUE,1,1,1,1,1,1,1,1,1,0,1,1,1,1,0,13,TRUE,0,0,0,0,0,0,0,0,0,0,0,0,0,0,0,0,0,0,0,0,0,0,0,0,0,0,0,0,0,0,0,0,0,1,0,0,0,0,0,0,0,0,0,0,0,0,0,0,0,250
234,100,7144,QPPQ,PRST,PWXQ,STWX,GFFG,QQBB,EGFH,BODQ,FUZG,CLXC,XDBK,CGVZ,XGDV,GKHM,DFIM,"5,3,2","8,7,6,4,1","6,4,2","8,7,5,3,1","7,4,1","8,6,5,3,2","8,6,3,2","7,5,4,1","8,7,5,4,2","6,3,1","6,4,2","1,3,5,8,7","8,6,5,3,2,1","7,4",NA,NA,NA,1,NA,"3,1",4,"8,7,6,5,2","6,4","1,5,3","8,2,7","2,7,8,5","1,4,3",6,"3,6,7,8","1,2","4,5","2,5","3,8,7","4,6,1",3,4,5,5,7,4,2,5,5,6,3,3,2,6,6,2,2,7,7,1,5,6,5,6,5,5,5,4,3,6,5,4,5,1,1,2,2,2,1,1,1,7,7,1,7,1,7,1,1,1,1,5,7,5,7,1,6,7,1,7,7,1,2,7,3,1,7,6,5,5,5,2,3,7,1,2,5,1,1,1,7,1,1,5,7,7,7,1,7,5,1,1,1,1,7,6,6,7,7,1,1,6,4,2,1,6,6,1,1,1,1,1,5,6,5,6,3,2,2,4,7,1,7,5,6,5,7,7,3,1,7,5,1,6,3,7,7,6,7,7,6,5,7,7,3,6,6,1,5,7,6,5,6,6,7,2,1,1,1,1,1,5,1,4,5,1,2,2,1,1,1,1,1,3,3,1,6,1,7,2,1,5,6,7,6,5,4,6,7,6,3,7,7,5,7,3,5,NA,7,7,5,6,3,21,Male,Asian,3.92,Fourth year (Senior),NO,NA,NA,NA,33,180,8,35,8,33,8,39,8,39,8,11,10,34,10,53,10,42,10,30,6,28,6,10,5,33,5,14,3,13,5,5,4,22,3,7,3,12,12,25,12,28,12,58,TRUE,1,1,1,1,1,1,1,1,1,1,1,1,0,1,0,13,TRUE,1,1,1,1,1,1,1,1,1,1,0,0,0,0,0,0,0,0,0,1,0,0,1,1,1,0,1,0,1,1,1,1,1,1,1,1,1,1,1,0,0,0,0,0,1,0,1,1,8,245
235,100,2170,QPPQ,PRST,PWXQ,FGIJ,GFFG,CCRR,EGFH,KMTV,VIJW,CLXC,XDBK,CGVZ,VEBT,EJFK,DFIM,"5,3,2","8,7,6,4,1","6,4,2","8,7,5,3,1","7,1,4,8,3","6,2,5","8,6,3,2","7,5,4,1","4,2,6,5,7,8","1,3","7,5,4,3,1","6,8,2","8,6,5,3,1","7,4,2","7,4,3,1","8,5,6,2","2,8,6","4,3,5,7",1,"3,1","4,7","8,5,6,2","6,4","5,3,1","8,7,2","4,6",1,"8,2,7,3,5","1,2,7","3,5","4,8,6",NA,NA,NA,6,3,6,4,5,7,5,6,2,4,5,5,7,5,6,6,6,6,5,6,7,5,6,6,6,6,6,5,3,7,5,6,7,7,4,5,6,5,6,6,7,6,6,6,7,2,6,5,2,4,4,7,3,7,7,7,6,7,5,6,5,5,5,6,5,6,6,6,5,6,4,4,1,7,2,6,5,5,4,6,7,6,7,6,6,6,6,6,7,5,6,6,6,6,6,6,6,7,7,1,2,5,3,3,5,4,2,2,5,5,4,3,6,7,6,6,5,5,6,6,6,5,5,6,5,5,6,2,6,7,5,5,5,6,6,6,5,5,6,6,5,6,3,2,6,7,6,2,6,7,6,5,6,6,5,4,3,2,3,5,4,5,3,5,6,2,6,6,6,6,4,6,6,3,5,5,6,2,1,5,6,5,2,5,6,6,6,6,3,5,5,5,3,5,6,6,6,5,7,6,6,6,7,18,Female,White or Caucasian,NA,First year (Freshman),YES,35,NA,NA,33,175,8,42,8,40,8,47,8,48,8,46,10,48,10,60,10,54,10,47,6,37,6,35,5,32,5,14,3,11,5,19,4,25,3,16,3,17,12,48,12,56,12,60,TRUE,1,1,1,0,1,0,1,0,0,1,1,1,1,0,0,9,TRUE,1,1,1,1,0,0,1,1,0,0,0,0,0,0,0,0,0,0,0,1,1,1,1,1,1,0,0,0,0,0,0,0,0,0,1,1,0,1,0,0,0,0,0,1,1,0,0,0,5,247
236,100,1247,QPPQ,PRST,PWXQ,STWX,GFFG,QQBB,EGFH,BODQ,FUZG,KCWC,VEGV,CGVZ,VEBT,GKHM,HJMQ,"5,3,2","8,7,6,4,1","2,6,4","8,7,5,3,1","7,4,1","8,6,5,3,2","8,6,3,2","7,5,4,1","6,7,2,1","5,8,4,3","8,5,4,3,1","7,6,2","6,5,3,1","8,7,4,2","8,5,2,1","7,6,4,3","6,3","7,5,2,4","8,1","3,1","8,7,4","6,2,5","6,4","5,3,1","7,8,2","5,2,4","1,3,8,7",6,"1,8","2,4,7,5","3,6","5,2","8,3","4,6,7,1",4,3,6,7,7,6,5,5,4,4,3,5,5,5,3,4,2,6,6,6,4,4,5,4,6,6,7,7,3,5,7,7,7,5,6,3,4,5,4,5,3,7,5,7,6,6,7,5,7,7,7,7,7,6,7,6,7,7,7,7,7,7,6,6,6,6,7,7,6,7,7,3,6,6,1,6,5,2,2,5,5,5,5,4,2,5,2,5,7,2,6,6,5,5,6,3,4,4,7,2,3,7,5,6,6,6,6,5,5,6,1,7,5,7,7,7,6,7,7,7,6,2,3,5,6,5,6,3,2,3,5,5,3,5,5,3,6,6,4,6,5,4,5,5,5,7,7,4,2,4,5,6,2,6,6,6,5,2,2,5,6,5,7,1,1,2,3,2,2,2,2,2,5,2,1,5,5,7,6,6,7,7,7,6,6,6,7,7,7,3,6,5,2,3,6,2,5,5,7,3,7,7,5,20,Female,White or Caucasian,4.09,Second year (Sophomore),YES,35,780,750,33,154,8,43,8,33,8,37,8,52,8,35,10,64,10,68,10,65,10,41,6,23,6,29,5,24,5,23,3,18,5,24,4,26,3,20,3,15,12,45,12,41,12,75,TRUE,1,1,1,1,1,1,1,1,1,0,0,1,1,1,0,12,TRUE,1,1,1,1,1,1,1,1,0,0,0,0,0,0,0,0,0,0,1,1,0,0,1,1,1,0,0,0,0,0,0,1,0,0,1,1,1,1,0,0,0,0,0,0,1,0,0,0,5,250
237,100,2239,DDDE,PRST,PWXQ,STWX,GFFG,QQBB,EGFH,BODQ,FUZG,CLXC,XDBK,CGVZ,VEBT,AFBG,KGDB,"5,3,2","1,7,4,6,8","6,4,2","8,7,5,3,1","7,4,1","8,6,5,3,2","8,6,3,2","7,5,4,1","7,4,2,5","1,3,8,6","2,3,5,1","7,6,8,4","8,7,5,3,1","6,4,2","6,2,1,5","3,7,8,4","7,6,4","5,3,2","8,1","3,1","7,4","6,8,5,2",NA,NA,NA,NA,NA,NA,NA,NA,NA,NA,NA,NA,4,4,6,6,5,5,5,4,4,5,5,6,5,4,4,6,5,5,6,4,4,4,6,5,6,5,5,5,3,4,6,7,4,6,5,6,5,3,4,4,6,6,6,5,5,4,6,6,4,4,6,6,6,6,6,6,6,6,6,7,7,6,7,6,5,6,5,6,5,6,5,5,5,5,3,4,6,3,4,4,5,7,6,6,6,5,5,5,7,5,7,6,6,4,6,6,6,7,6,3,2,6,3,4,2,2,4,2,2,2,2,3,6,7,5,6,5,4,6,6,6,2,2,5,5,3,4,6,6,4,5,5,4,5,5,5,5,6,6,6,5,6,5,6,6,5,6,5,5,5,5,6,6,6,3,5,6,2,4,3,4,6,4,5,5,3,3,7,7,7,7,3,2,2,4,6,3,3,4,6,5,6,5,6,6,7,6,5,3,3,4,3,3,5,6,7,5,5,3,6,5,6,6,19,Male,White or Caucasian,3.7,Second year (Sophomore),YES,34,NA,NA,33,167,8,39,8,39,8,39,8,42,8,39,10,52,10,62,10,57,10,44,6,35,6,33,5,31,5,18,3,8,5,11,4,24,3,15,3,14,12,50,12,55,12,62,TRUE,0,1,1,1,1,1,1,1,1,1,1,1,1,0,0,12,TRUE,1,1,1,1,1,1,1,1,0,0,0,0,1,1,0,0,1,1,1,1,1,1,0,0,0,0,0,0,0,0,0,0,0,0,1,1,1,1,0,0,1,0,1,1,0,0,0,0,7,238
238,100,1982,QPPQ,PRST,PWXQ,STWX,GFFG,QQBB,EGFH,FHXZ,VIJW,CGCS,VEGV,CGVZ,ZIFX,EJFK,KIFB,"2,5,3","1,8,7,6,4","6,4,2","8,7,5,3,1","7,4,1","8,6,5,3,2","6,8,3,2","7,5,4,1",NA,"2,1",NA,NA,NA,NA,NA,NA,NA,NA,NA,"3,1","7,4","8,6,5,2","4,6","1,5,3","2,8,7","5,8,7,2","1,4,3",6,"7,3,6,8","2,1","4,5","2,5","3,7,8","1,6,4",5,5,6,5,6,6,5,5,4,5,2,6,6,4,5,4,3,5,5,4,5,5,6,5,4,6,6,7,3,4,7,7,7,4,4,2,5,4,4,7,3,7,5,4,6,4,7,6,5,5,5,7,5,7,7,5,6,5,4,5,5,6,6,5,4,6,6,7,6,5,5,4,5,3,2,5,4,4,4,6,5,4,5,4,4,2,5,4,7,5,7,3,3,5,5,4,3,3,3,5,5,6,5,5,3,2,4,3,4,3,2,2,4,7,6,6,5,5,6,7,7,3,6,4,6,6,5,5,4,5,7,4,6,2,7,7,5,7,5,4,5,5,2,6,5,6,6,3,5,5,5,6,4,5,6,6,6,7,5,6,5,2,5,6,7,5,3,5,6,7,6,6,6,2,1,7,5,6,6,5,5,6,3,2,5,5,7,6,1,5,4,5,5,3,3,4,4,5,4,5,5,6,5,18,Female,Asian,NA,First year (Freshman),YES,NA,760,760,33,169,8,43,8,36,8,38,8,48,8,33,10,54,10,56,10,56,10,42,6,24,6,27,5,18,5,26,3,9,5,14,4,23,3,16,3,17,12,63,12,63,12,54,TRUE,1,1,1,1,1,1,1,0,0,0,0,1,0,0,1,9,TRUE,1,1,1,1,1,1,1,1,0,0,0,0,0,0,0,0,0,0,0,1,1,1,1,1,1,0,1,0,1,1,1,1,1,1,1,1,1,1,0,0,0,0,0,1,1,0,1,1,8,240
239,100,1631,QPPQ,PRST,PWXQ,STWX,GFFG,QQBB,EGFH,BODQ,FUZG,CLXC,XDBK,CGVZ,KXVH,EJFK,KGDB,"2,3,5","7,6,8,4,1","6,4,2","8,7,5,3,1","7,4,1","8,6,5,3,2","8,6,2,3","7,5,4,1","7,8,5,4,2","3,6,1","5,4,3,2","7,6,8,1","8,7,5,1","6,4,2,3","5,6,1","7,8,4,3,2","2,6","8,7,4,5","1,3","3,1","7,4","8,5,6,2","6,4","3,5,1","8,7,2","1,3,2","5,4,7","8,6",NA,NA,NA,NA,NA,NA,6,5,6,5,6,6,6,5,5,5,5,5,5,5,5,5,6,5,6,5,4,5,6,5,5,6,5,5,3,5,6,5,6,5,5,5,5,5,6,6,5,5,6,5,6,4,5,6,5,4,5,6,6,5,6,4,5,4,5,5,4,6,5,6,6,5,5,6,5,5,6,6,6,6,5,5,6,4,6,5,7,5,6,5,5,4,5,4,7,4,5,5,5,4,5,5,5,4,4,4,3,4,4,3,4,4,5,5,4,4,4,5,6,6,5,5,4,4,5,6,5,3,5,5,4,4,5,5,5,4,4,6,3,4,3,5,4,4,4,5,5,4,4,4,5,4,4,3,4,5,5,5,4,6,5,5,5,4,4,4,4,5,5,5,5,5,5,5,5,4,3,4,4,4,4,6,6,6,7,5,5,3,2,5,5,6,6,5,2,5,4,6,5,5,5,5,5,5,6,5,5,5,5,19,Male,Asian,3.8,Second year (Sophomore),YES,36,770,770,33,146,8,45,8,40,8,42,8,43,8,42,10,51,10,50,10,55,10,56,6,30,6,27,5,23,5,18,3,13,5,22,4,22,3,13,3,14,12,56,12,58,12,53,TRUE,1,1,1,1,1,1,1,1,1,1,1,1,0,0,0,12,TRUE,1,1,1,1,1,1,1,1,1,1,0,0,0,0,1,1,0,0,0,1,1,1,1,1,1,0,0,1,0,0,0,0,0,0,1,1,1,1,1,0,0,1,0,1,1,0,0,0,8,244
240,100,2679,QPPQ,PRST,PWXQ,STWX,GFFG,QQBB,EGFH,CERT,FUZG,CLXC,XDBK,CGVZ,ZIFX,GKHM,LHEC,"5,3,2","8,7,6,4,1","4,6,2","7,8,5,3,1","4,7,1","5,8,6,2,3","8,6,3,2","7,5,4,1","7,8,5,4,2","3,6,1","4,7,8,5,2","6,3,1","5,3,6,1","8,4,7,2","5,6,1","8,7,3,4,2","3,1","2,6,4,7","8,5","3,1","4,7","2,6,5,8","6,4","5,1,3","2,8,7",1,"5,8","7,6","3,8","2,1","4,6,7,5","2,5","8,3,7","1,6,4",6,6,7,6,6,6,4,7,5,5,4,6,5,6,6,5,5,4,5,5,6,5,6,6,7,6,5,5,3,6,6,6,6,5,5,5,6,3,4,5,3,6,4,5,6,5,6,3,3,4,4,6,6,5,6,6,6,6,6,7,3,5,4,5,6,6,6,6,6,5,6,6,4,5,3,5,5,4,4,6,6,4,6,4,5,5,5,5,7,5,4,5,6,6,6,5,5,5,6,1,2,5,3,5,6,2,4,4,6,6,3,6,5,6,6,6,4,5,5,6,6,6,4,5,6,5,3,5,5,3,3,4,5,4,4,6,6,6,5,6,3,5,3,3,3,5,5,4,5,6,4,6,5,3,6,6,7,4,4,2,2,6,2,4,2,2,5,6,4,4,5,7,7,3,5,4,6,5,3,6,6,5,6,6,6,2,6,6,3,2,5,6,3,4,6,5,6,4,6,6,7,6,7,19,Male,White or Caucasian,NA,First year (Freshman),YES,35,NA,NA,33,151,8,48,8,42,8,42,8,47,8,36,10,46,10,57,10,55,10,48,6,29,6,31,5,27,5,16,3,12,5,25,4,23,3,14,3,18,12,46,12,59,12,59,TRUE,1,1,1,1,1,1,1,0,1,1,1,1,0,1,0,12,TRUE,1,1,1,1,1,1,1,1,1,1,0,0,0,0,1,1,0,0,0,1,1,1,1,1,1,0,0,0,0,1,0,1,1,1,1,1,1,1,1,0,0,1,0,1,1,0,0,1,9,250
242,100,2495,QPPQ,PRST,PWXQ,STWX,WXXW,QQBB,OPRQ,HJPR,FUZG,CLXC,XDBK,CGVZ,VEBT,PSQT,LHEC,"7,5,2,1","8,6,4,3","2,6,4","8,7,5,3,1","5,8,6,3,2","7,4,1","7,5,4,1","8,6,3,2","8,1","6,4,3,7,2,5","5,4,3,1","7,8,6,2","7,4,3,1","5,8,6,2","8,2,5,4","6,7,3,1","6,3,1","7,2,8","5,4","3,7,5,2","6,1","4,8","3,5,1","6,4","2,8,7","6,4","5,3,2,7","1,8","1,4,6","7,2,5",NA,NA,NA,NA,5,7,7,6,7,7,7,7,4,6,6,4,6,6,6,5,5,7,6,7,6,4,7,7,7,7,6,6,3,7,5,4,7,6,5,5,6,7,7,7,6,7,7,6,7,4,6,6,7,3,2,7,7,7,7,7,7,7,7,7,7,6,7,7,6,7,6,7,7,7,7,6,6,5,5,7,7,5,7,6,7,2,5,4,6,6,4,6,7,5,5,5,6,5,4,5,5,4,6,4,2,5,5,4,1,1,5,2,4,1,2,6,5,7,7,7,4,4,4,5,5,3,7,6,7,4,5,7,5,7,6,7,5,2,4,5,6,5,4,5,5,7,5,5,7,5,5,4,2,7,4,4,4,6,4,6,5,6,5,5,1,4,3,4,4,3,4,3,2,7,7,6,4,3,5,5,7,4,4,5,7,4,3,6,6,7,7,5,3,6,6,6,5,6,6,6,6,6,6,6,6,6,6,22,Female,Asian,NA,First year (Freshman),NO,NA,NA,NA,33,171,8,53,8,43,8,49,8,49,8,49,10,55,10,70,10,67,10,61,6,27,6,32,5,24,5,20,3,7,5,15,4,26,3,12,3,13,12,50,12,57,12,65,TRUE,1,1,1,1,0,1,0,0,1,1,1,1,1,0,0,10,TRUE,0,0,1,1,0,0,0,0,0,0,0,0,0,0,0,0,0,0,0,0,0,0,0,0,1,0,0,0,0,0,0,0,0,0,0,1,0,0,0,0,0,0,0,0,0,0,0,0,1,246
243,100,7549,QPPQ,VWXY,PWXQ,BCEF,BCCB,QQBB,ABDC,KMTV,SEFT,CLXC,ZAGZ,CAUZ,KXVH,EJFK,KIFB,"3,5,2","8,4,7,6,1","4,2,6","1,3,5,7,8","7,4,1","5,2,3,6,8","8,6,3,2","5,7,4,1","7,2,5,8,4","3,1,6","5,4,2,1","8,7,3,6","8,2,5,3,1","4,7,6","4,6,5,2","3,7,8,1",6,"5,3,7","2,8,4,1","1,3","4,7","2,8,6,5","6,7,3","5,1","8,2,4","2,7,4,5","1,3","8,6",NA,"1,3,2",NA,NA,NA,NA,5,4,5,3,5,5,5,4,3,3,4,3,3,5,4,3,3,3,4,5,4,4,4,6,5,4,5,4,3,5,5,5,5,7,7,7,7,7,7,7,6,7,7,7,7,4,6,4,4,4,5,7,7,6,7,7,7,7,6,7,7,5,5,5,6,5,6,6,5,6,5,5,3,5,2,7,5,3,4,5,5,6,7,6,6,5,6,7,7,7,7,7,6,6,6,5,5,5,6,2,1,2,2,2,2,2,2,3,5,2,2,2,4,6,6,5,1,1,2,7,7,7,6,6,3,7,6,7,5,1,6,6,6,6,7,7,6,6,6,6,6,7,6,6,6,7,7,6,6,5,6,7,7,6,6,6,5,1,1,1,2,2,5,2,1,5,5,5,2,7,6,3,3,3,3,5,5,2,1,5,6,5,5,6,6,7,6,6,6,7,6,6,6,6,6,6,7,7,6,6,6,7,7,22,Female,White or Caucasian,4,Fourth year (Senior),YES,NA,780,800,33,197,8,36,8,28,8,33,8,38,8,55,10,55,10,68,10,54,10,44,6,36,6,40,5,27,5,9,3,6,5,14,4,21,3,4,3,21,12,36,12,45,12,71,TRUE,1,0,1,0,0,1,0,0,0,1,0,0,0,0,1,5,TRUE,1,1,1,1,1,1,1,1,1,1,0,0,0,0,0,0,0,0,0,1,1,1,0,0,0,0,0,1,0,0,0,0,0,0,1,1,1,1,1,0,0,0,0,1,0,0,0,0,6,245
244,100,2082,QPPQ,PRST,SVZT,BCEF,GFFG,QQBB,IJLK,HJPR,FUZG,CGCS,XDBK,CGVZ,NA,GKHM,KGDB,"5,2,3","8,7,6,4,1","6,2,4","8,7,5,1,3","7,3,4,1","8,5,6,2","2,3,6,8","4,7,5,1","2,5,4,7","6,1,8,3","6,5,2,4","8,7,3,1","8,5,3,1","7,4,2,6","8,3,6,1","7,5,4,2","2,3,1","5,4,6,7",8,"3,1",7,"2,6,5,4,8",4,1,2,NA,NA,NA,NA,NA,NA,NA,NA,NA,6,5,6,7,7,7,6,7,2,6,5,6,5,7,2,5,6,5,7,5,7,7,7,7,7,7,7,7,3,6,7,7,7,7,7,7,7,6,7,7,7,7,7,7,7,5,7,7,4,5,5,7,7,7,7,7,7,7,7,7,7,7,7,7,7,7,7,7,7,6,6,7,6,6,5,7,6,5,6,7,6,5,6,5,3,5,3,3,7,4,6,4,5,6,5,5,6,5,4,5,3,6,6,6,6,3,6,3,5,5,6,5,5,7,6,7,3,5,5,7,6,7,5,3,5,6,5,6,6,6,6,5,6,3,5,6,6,6,6,5,3,6,5,5,6,6,6,5,2,6,5,6,6,6,6,7,6,5,5,4,4,6,6,5,5,3,5,7,7,5,3,6,7,2,2,2,2,5,6,6,6,7,6,6,5,6,7,5,5,3,3,3,3,6,6,6,6,4,6,7,7,7,7,18,Female,Asian American,3.35,Second year (Sophomore),YES,NA,730,780,33,175,8,51,8,38,8,51,8,55,8,55,10,61,10,70,10,68,10,61,6,27,6,28,5,25,5,26,3,15,5,24,4,25,3,13,3,20,12,61,12,54,12,65,TRUE,1,1,0,0,1,1,0,0,1,0,1,1,0,1,0,8,TRUE,1,1,1,1,0,0,1,1,0,0,0,0,0,0,0,0,0,0,0,1,0,0,0,0,0,0,0,0,0,0,0,0,0,0,1,1,0,1,0,0,0,0,0,0,0,0,0,0,3,240
245,100,2443,QPPQ,PRST,PWXQ,STWX,GFFG,QQBB,EGFH,FHXZ,SEFT,CLXC,XDBK,CGVZ,VEBT,GKHM,DFIM,"5,2,3","4,6,1,8,7","6,4,2","8,7,5,3,1","7,4,1","8,6,5,3,2","8,6,3,2","7,5,4,1","8,5,4","7,6,3,2,1","5,4,8,2","6,3,1,7","4,7,5,3,1,2","8,6","3,5,1","8,7,6,4,2",NA,NA,NA,NA,NA,NA,NA,NA,NA,"1,8,6,4",7,"2,3","1,7,2","3,6,4","8,5","2,5,3","6,7","1,8,4",6,5,4,2,5,5,2,4,4,5,5,5,4,4,4,4,5,6,5,3,5,4,5,4,5,5,4,5,3,5,4,4,4,2,3,3,4,5,3,3,3,5,4,4,5,3,5,4,4,3,4,4,6,4,4,3,5,5,4,5,3,4,5,5,5,5,5,4,5,4,4,5,3,5,1,4,4,3,4,4,5,3,5,4,5,5,5,2,7,2,2,4,4,5,3,4,5,4,3,3,3,4,3,3,2,3,4,2,2,4,1,4,5,6,6,6,3,3,3,5,4,4,5,2,4,5,6,5,4,5,5,5,3,4,5,6,6,4,4,5,3,5,5,4,5,5,5,4,4,5,4,5,5,5,5,5,4,3,3,2,2,6,4,4,3,3,2,4,4,4,5,5,6,4,4,5,4,3,2,5,5,6,7,6,7,5,6,4,4,6,5,5,5,3,5,7,7,7,6,6,3,5,7,18,Female,two or more races,3.43,Second year (Sophomore),YES,NA,650,750,33,152,8,33,8,35,8,37,8,36,8,26,10,41,10,43,10,46,10,38,6,27,6,19,5,19,5,16,3,9,5,13,4,23,3,9,3,13,12,41,12,50,12,66,TRUE,1,1,1,1,1,1,1,0,0,1,1,1,1,1,0,12,TRUE,1,1,1,1,1,1,1,1,0,0,1,1,0,0,0,0,0,0,0,0,0,0,0,0,0,0,0,0,0,0,0,0,0,0,1,1,1,1,0,1,0,0,0,0,0,0,0,0,5,241
246,100,1555,QPPQ,VWXY,PWXQ,STWX,GFFG,QQBB,EGFH,BODQ,VIJW,CLXC,PFCC,CAUZ,VEBT,GKHM,LHEC,"3,5,2","4,8,7,6,1","4,6,2","7,8,5,3,1","7,2,4,8,3","5,6,1","6,8,3","2,7,5,4,1","3,1,7,8,6","5,2,4","2,5,4,3,1","8,7,6","8,5,3,2,1","6,7,4","8,6,5,4,1","7,3,2","6,1","4,7,2","8,5,3","3,1","5,8,7,2","6,4","6,4","1,3,5","2,7,8",NA,NA,NA,NA,NA,NA,NA,NA,NA,7,7,7,7,7,7,7,7,7,7,7,7,7,7,7,7,7,6,7,7,7,6,7,7,7,7,7,7,3,7,7,7,7,7,7,7,7,7,6,7,7,7,7,7,7,5,7,7,3,4,4,7,7,7,7,5,7,7,7,7,7,7,7,7,7,7,7,7,7,7,7,4,4,7,2,6,7,5,6,6,6,5,5,5,5,5,5,3,7,6,5,6,6,6,5,6,5,3,5,5,5,5,6,5,6,5,5,3,5,5,5,5,5,7,7,7,5,2,7,6,7,2,5,2,3,5,6,5,2,7,5,6,3,3,2,6,5,6,5,5,3,5,2,5,6,2,5,3,2,6,5,5,6,5,6,7,7,5,5,5,5,7,7,6,5,6,7,3,5,5,5,6,6,2,2,3,2,7,7,6,7,7,7,7,6,6,7,6,3,6,6,5,5,5,3,5,6,5,6,3,5,5,6,18,Female,Asian,NA,Second year (Sophomore),YES,NA,750,740,33,147,8,56,8,56,8,54,8,56,8,55,10,58,10,68,10,70,10,53,6,30,6,32,5,24,5,26,3,16,5,23,4,26,3,14,3,15,12,72,12,53,12,74,TRUE,1,0,1,1,1,1,1,1,0,1,0,0,1,1,0,10,TRUE,1,1,1,1,0,0,0,0,0,0,0,0,0,0,0,0,0,0,0,1,0,0,1,1,1,0,0,0,0,0,0,0,0,0,1,1,0,0,0,0,0,0,0,0,1,0,0,0,3,241
247,100,2331,QPPQ,PRST,PWXQ,STWX,GFFG,QQBB,EGFH,BODQ,FUZG,CLXC,XDBK,CGVZ,VEBT,GKHM,HJMQ,"2,5,3","1,8,7,6,4","6,4,2","8,7,5,3,1","7,4,1","8,6,5,3,2","5,6,8,4,1","7,3,2","7,3,5,2","8,6,4,1","7,6,4","8,5,2,3,1","8,7,5,3,1","6,4,2","7,5,6,4,1","8,3,2","3,6,2",5,4,"3,1","7,4","8,6,5,2","4,6","1,3,5","2,7,8","2,7,5","1,4,3","6,8","3,8,6,7","1,2","4,5","2,5","3,8,7","6,1,4",6,6,6,6,6,5,6,5,3,6,5,4,4,6,6,5,4,4,5,5,5,5,5,6,6,6,5,6,3,6,6,6,6,4,2,2,5,5,6,5,3,7,5,6,6,4,6,6,4,5,4,7,6,7,6,6,7,7,6,7,5,5,6,6,7,6,6,7,5,6,6,7,6,5,2,6,5,4,4,6,7,5,6,5,5,5,4,3,7,3,3,5,4,6,6,5,5,3,5,2,2,5,3,3,6,2,5,5,5,5,5,6,5,6,3,6,2,2,5,7,7,6,6,5,5,6,6,7,5,6,6,5,6,2,5,7,7,6,3,5,3,4,2,6,2,6,6,5,2,5,6,6,3,3,6,5,5,2,3,4,5,3,5,5,5,5,6,5,2,2,2,6,6,2,5,6,6,6,7,4,3,5,5,5,6,6,6,5,3,5,5,5,3,6,6,6,6,5,2,3,6,6,5,19,Male,White or Caucasian,3.92,Second year (Sophomore),YES,35,NA,NA,33,163,8,46,8,39,8,39,8,47,8,32,10,53,10,64,10,60,10,52,6,30,6,24,5,24,5,15,3,13,5,26,4,20,3,9,3,20,12,53,12,55,12,58,TRUE,1,1,1,1,1,1,1,1,1,1,1,1,1,1,0,14,TRUE,1,1,1,1,1,1,0,0,0,0,0,0,1,1,0,0,0,0,0,1,1,1,1,1,1,1,1,1,1,1,1,1,1,1,1,1,1,0,0,0,1,0,0,1,1,1,1,1,9,250
248,100,1345,QPPQ,PRST,PWXQ,FGIJ,GFFG,QQBB,IJLK,BODQ,VIJW,CLXC,VEGV,CGVZ,XGDV,AFBG,KIFB,"3,5,2","7,8,6,4,1","4,6,5,2","7,3,8,1","4,7,3","1,8,2,6,5","2,4,3","5,8,7,6,1","2,5,1","8,7,6,3,4","7,8,6,4,5,2,3,1",NA,"6,2,5,1","7,8,4,3","2,4,1","6,8,7,5,3","4,6,1","8,2,5","3,7","3,1","8,4,5","2,6,7",NA,NA,NA,"1,6,5","2,3,7,4",8,"1,2,5","4,8,6,7",3,"3,2,7,8,5",1,"6,4",6,6,5,4,5,5,5,5,4,5,5,5,4,4,5,5,5,5,5,4,5,6,5,5,6,5,7,7,3,6,5,7,7,7,5,6,7,7,5,7,5,7,7,6,7,5,6,5,3,4,4,7,7,6,7,5,7,7,7,7,7,6,6,6,5,6,6,6,7,6,6,7,7,5,3,7,4,4,7,6,6,6,7,6,6,5,5,6,7,5,7,6,7,6,6,6,5,6,6,3,3,6,6,5,5,5,5,5,5,6,5,5,5,7,7,7,3,3,3,6,6,3,5,5,5,5,5,4,5,5,5,5,6,5,7,6,4,5,5,6,3,6,4,5,5,6,5,6,3,5,3,5,3,5,4,5,4,3,3,3,5,3,4,5,5,3,3,5,3,3,5,3,5,5,3,4,5,4,3,5,6,7,7,6,5,6,7,6,5,5,6,6,3,3,5,5,3,NA,6,6,6,6,7,18,Female,White or Caucasian,3.4,Second year (Sophomore),YES,NA,650,720,33,161,8,41,8,37,8,40,8,50,8,49,10,54,10,67,10,60,10,56,6,35,6,37,5,29,5,23,3,15,5,26,4,26,3,9,3,15,12,46,12,48,12,71,TRUE,1,1,1,0,1,1,0,1,0,1,0,1,0,0,1,9,TRUE,1,1,0,0,0,0,0,0,0,0,0,0,0,0,0,0,0,0,0,1,0,0,0,0,0,0,0,0,0,0,0,0,0,0,1,0,0,0,0,0,0,0,0,0,0,0,0,0,1,245
249,100,2051,QPPQ,PRST,PWXQ,STWX,GFFG,QQBB,EGFH,BODQ,FUZG,CLXC,XDBK,CGVZ,VEBT,GKHM,DFIM,"3,5,2","1,4,6,7,8","6,4,2","8,7,3,1,5","7,4,1","8,6,5,2,3","6,3,2,8","7,5,4,1",NA,NA,"5,4,8,2","1,3,7,6","5,7,8,1,3","2,4,6","4,6,8,5,3","1,7,2","1,3,2","7,8,4","6,5","3,8,1","7,4","2,5,6","6,4","5,3,1","8,2,7","2,7,5","1,3,4","8,6","3,7,8,6","1,2","5,4","2,5","3,8,7","6,1,4",4,4,6,6,6,5,5,4,6,7,6,6,5,6,6,6,5,7,5,7,6,6,6,7,6,5,6,5,3,5,5,5,5,5,7,6,6,7,5,5,6,6,6,6,6,5,6,5,4,4,5,7,6,4,7,6,7,6,4,5,7,4,5,5,6,5,5,4,5,5,5,6,4,6,4,4,4,5,5,5,6,4,4,3,3,4,3,3,7,3,5,4,4,4,5,4,4,4,4,4,4,6,5,5,5,5,6,3,4,4,4,5,4,5,4,3,5,5,5,5,5,2,4,5,4,4,3,4,4,6,5,4,5,4,3,7,5,3,4,4,3,4,4,5,4,4,4,4,4,5,4,5,3,5,4,5,5,4,5,5,4,6,4,6,4,4,3,4,4,5,5,5,5,3,4,3,5,7,6,4,5,3,2,6,5,5,5,4,3,4,4,3,5,5,4,4,4,5,4,5,5,5,6,21,Male,Asian American,3.1,Fourth year (Senior),YES,34,700,770,33,140,8,40,8,48,8,49,8,42,8,47,10,53,10,59,10,49,10,49,6,21,6,23,5,21,5,24,3,16,5,20,4,16,3,15,3,12,12,55,12,56,12,50,TRUE,1,1,1,1,1,1,1,1,1,1,1,1,1,1,0,14,TRUE,1,1,1,1,1,1,1,1,0,0,1,1,1,1,0,0,0,0,0,0,1,0,1,1,1,1,1,1,1,1,1,1,1,1,1,1,1,1,0,1,1,0,0,0,1,1,1,1,10,248
250,100,10161,QPPQ,PRST,PWXQ,STWX,GFFG,QQBB,EGFH,BODQ,VIJW,CLXC,XDBK,CGVZ,VEBT,GKHM,DFIM,"5,2,3","7,6,1,4,8","6,4,2","8,7,5,3,1","7,4,1","8,6,5,3,2","6,8,3,2","5,7,4,1","8,7,5,4,2","6,3,1",NA,NA,"8,5,3,1","7,6,4,2","7,6,5,3,2,1","8,4",NA,NA,NA,"3,1","7,4","8,6,5,2","6,4","3,5,1","2,7,8","2,5,7","1,4,3","8,6","3,7,8,6","1,2","4,5","2,5","8,3,7","4,6,1",6,4,7,7,7,7,5,7,4,5,7,7,6,7,6,6,4,4,6,5,3,5,4,4,5,5,5,5,3,5,6,5,5,4,4,5,5,4,6,5,5,7,7,7,7,3,7,7,5,3,5,7,7,7,7,7,7,7,6,7,6,6,6,6,6,6,6,6,6,6,6,7,4,7,4,5,5,6,6,6,7,2,5,3,2,5,2,3,7,5,5,5,5,5,5,5,6,6,3,4,6,7,7,5,7,6,7,3,3,6,4,7,4,7,2,6,2,2,2,7,7,4,3,5,5,5,5,5,4,6,4,6,3,4,3,7,5,5,6,5,5,5,6,5,6,3,6,4,2,5,5,5,7,6,5,5,3,2,2,2,2,5,5,2,6,3,3,4,6,5,6,4,3,3,5,5,4,6,7,3,5,5,3,7,6,6,7,3,1,3,2,6,5,5,5,5,6,6,5,5,5,5,6,19,Female,two or more races,3.2,Second year (Sophomore),YES,32,NA,NA,33,161,8,50,8,48,8,35,8,41,8,38,10,58,10,68,10,60,10,57,6,19,6,28,5,25,5,29,3,20,5,23,4,19,3,6,3,18,12,40,12,58,12,51,TRUE,1,1,1,1,1,1,1,1,0,1,1,1,1,1,0,13,TRUE,1,1,1,1,1,1,1,1,1,1,0,0,0,0,0,0,0,0,0,1,1,1,1,1,1,1,1,1,1,1,1,1,1,1,1,1,1,1,1,0,0,0,0,1,1,1,1,1,10,245
251,100,1880,QPPQ,PRST,PWXQ,STWX,GFFG,AAPP,OPRQ,BODQ,FUZG,CLXC,XDBK,CGVZ,VEBT,AFBG,LHEC,"5,3,2","1,4,6,8,7","7,4,2,5","3,8,6,1","1,4,7","6,5,3,2,8","8,6,3,2","5,4,1,7","3,1,2,4","8,7,5,6","8,5,1,4,2","3,7,6","5,2,3,1","7,4,8,6","5,8,1","4,2,3,6,7","6,8","4,3,5,2","7,1","3,1","7,4,2","5,8,6","6,4","1,3,5","7,8,2","4,1","7,5,8","6,3,2","8,1,5","6,2","3,4,7","2,5","3,8,7","6,4,1",6,6,7,7,7,6,3,6,5,4,5,6,5,4,6,4,6,5,4,3,7,3,5,5,5,5,6,6,3,5,6,6,5,4,3,2,3,3,2,4,4,7,7,7,7,5,7,6,4,3,4,7,7,7,6,4,6,7,7,7,7,4,4,5,7,5,6,5,5,6,5,7,4,6,5,5,5,7,6,5,7,3,5,2,2,2,4,6,7,2,6,2,4,4,5,3,3,2,2,5,5,6,6,6,2,5,5,5,6,6,4,4,3,4,5,4,6,5,4,6,7,6,2,4,6,3,2,3,2,6,2,6,3,3,5,7,3,6,6,2,2,4,5,3,6,5,3,5,2,5,2,3,5,2,3,5,5,5,5,2,1,3,4,3,3,6,5,6,7,4,6,5,5,2,5,5,5,2,2,4,5,6,7,5,6,4,5,5,4,5,4,5,4,5,7,4,5,5,6,6,5,7,4,21,Female,Hispanic or Latino,3.4,Fourth year (Senior),YES,33,NA,NA,33,126,8,48,8,39,8,38,8,44,8,25,10,57,10,65,10,52,10,57,6,18,6,24,5,15,5,28,3,12,5,25,4,16,3,15,3,19,12,47,12,54,12,60,TRUE,1,1,1,1,1,0,0,1,1,1,1,1,1,0,0,11,TRUE,1,1,0,0,1,1,1,1,0,0,0,0,0,0,0,0,0,0,0,1,0,0,1,1,1,0,0,0,0,0,0,1,1,1,1,0,1,1,0,0,0,0,0,0,1,0,0,1,5,250
252,100,2115,QPPQ,PRST,PWXQ,STWX,GFFG,QQBB,ABDC,BODQ,FUZG,CLXC,XDBK,CGVZ,VEBT,GKHM,HJMQ,"2,5,3","4,7,8","2,4,5","8,6,1","4,7,1","8,5,2","2,8,6","7,5,4","2,4,5","6,7,3",NA,NA,"2,8,1","7,3,6","6,2,8","7,4,1",6,"8,7","5,3",NA,NA,NA,NA,NA,NA,NA,NA,NA,NA,NA,NA,NA,NA,NA,5,6,6,6,7,6,7,7,6,5,5,6,5,6,5,6,4,3,5,3,4,5,5,6,5,5,4,5,3,5,5,6,5,5,4,3,4,7,3,5,5,7,7,5,6,4,7,6,6,5,5,4,5,7,5,2,5,4,7,4,2,5,5,4,7,5,6,5,5,4,4,5,7,7,4,6,7,4,4,5,6,2,6,2,2,2,1,2,7,4,5,2,4,6,6,6,6,6,5,6,3,7,6,7,7,6,6,6,5,5,6,4,3,6,6,6,5,4,2,7,4,6,5,4,3,6,2,7,4,1,5,3,3,2,4,6,5,6,4,6,4,7,6,5,6,5,5,3,2,6,4,6,3,6,4,6,5,1,1,6,4,5,6,2,4,3,3,4,4,5,3,5,5,6,3,7,7,6,7,4,5,4,6,3,6,6,5,5,2,6,4,7,6,6,5,7,6,5,7,6,6,5,7,19,Male,Asian American,3.1,Second year (Sophomore),YES,35,760,750,33,148,8,50,8,44,8,35,8,40,8,36,10,58,10,45,10,50,10,55,6,15,6,23,5,29,5,29,3,19,5,26,4,21,3,11,3,17,12,46,12,62,12,56,TRUE,1,1,1,1,1,1,0,1,1,1,1,1,1,1,0,13,TRUE,1,0,0,0,1,0,0,0,0,0,0,0,0,0,0,0,0,0,0,0,0,0,0,0,0,0,0,0,0,0,0,0,0,0,0,0,0,0,0,0,0,0,0,0,0,0,0,0,0,233
253,100,919,MLMM,BCDE,PWXQ,CDFG,GFFG,EETT,ABDC,CERT,COPD,JCVC,ZAGZ,CGVZ,XGDV,EJFK,KIFB,"8,7,6,4,1","5,3,2","4,2,5,1","3,8,7,6","5,7,4,3","1,2,6,8","8,6,3","4,5,7,2,1","2,5,7,4","3,8,6,1","3,4,2,1","7,8,5,6","4,5,2,1","6,8,7,3","8,6,3,2","5,7,4,1","2,1","5,7","3,8,6,4","3,1","7,5","6,8,4,2","6,4","1,3,5","8,2,7","4,8","1,5,2,7","3,6","7,4,1","6,2","8,5,3","5,2","7,3,8","4,6,1",6,6,6,6,7,6,6,6,6,6,6,6,6,6,6,6,6,6,6,6,6,6,6,6,6,6,6,6,3,6,6,6,6,6,6,6,6,6,6,6,6,6,6,6,6,6,7,6,6,6,6,6,6,6,6,6,6,6,6,6,6,6,6,6,6,6,6,5,6,6,6,6,6,6,6,6,6,6,6,6,6,6,6,5,6,6,5,6,7,6,6,6,6,6,6,3,6,6,6,5,6,6,5,6,6,6,6,5,5,6,6,3,5,6,6,6,2,2,6,6,6,3,6,6,6,6,6,6,6,6,6,6,1,6,5,7,6,6,6,5,5,6,6,6,6,6,6,6,6,3,6,6,6,6,5,7,6,5,5,6,6,6,6,5,3,5,5,5,3,5,5,5,5,5,5,6,5,4,5,5,6,6,5,6,6,6,6,6,6,5,6,6,6,6,6,6,6,6,6,6,6,6,6,21,Female,Asian,3.56,Fourth year (Senior),YES,NA,700,790,33,187,8,49,8,48,8,48,8,48,8,48,10,61,10,60,10,59,10,60,6,34,6,36,5,27,5,28,3,18,5,25,4,23,3,10,3,15,12,65,12,58,12,69,TRUE,0,0,1,0,1,0,0,0,0,0,0,1,0,0,1,4,TRUE,0,0,0,0,0,0,0,0,0,0,0,0,0,0,0,0,0,0,0,1,0,0,1,1,1,0,0,0,0,0,0,1,1,1,0,0,0,0,0,0,0,0,0,0,1,0,0,1,2,250
254,100,3219,DDDE,FGHI,FVZG,STWX,QRRQ,EETT,UVXW,FHXZ,PABQ,KCWC,ZAGZ,CEIZ,ZIFX,GKHM,KIFB,"2,3,5","8,7,6,4,1","4,6,2","8,7,3,5,1","7,4,1","8,6,5,3,2","6,3,2","8,7,5,4,1","8,7,6,4,2","5,3,1","8,7,5,4,3,2,1",6,"8,5,3,1","7,6,4,2","8,7,5,3","6,4,2,1","3,1","7,6,5,4","8,2","3,1","7,4","8,2,6,5","4,6","1,3,5","2,7,8","3,5,4","8,1","2,6,7","1,7","4,2,6","5,3,8","2,5","3,8,7","1,6,4",3,2,3,6,7,7,7,5,4,7,4,4,5,7,3,5,5,4,5,4,3,5,4,7,5,4,2,5,3,3,5,2,5,5,4,6,6,5,7,7,7,7,5,2,5,2,7,2,7,4,1,5,6,4,6,3,5,4,7,7,7,4,5,5,4,3,5,3,4,4,4,3,2,5,7,7,6,2,4,3,4,2,5,1,5,5,5,1,7,2,6,5,4,5,5,5,5,5,6,5,3,7,5,4,4,7,7,3,3,3,3,3,2,5,1,3,5,2,6,4,4,2,6,5,5,6,6,7,5,2,6,5,7,6,1,6,4,5,4,5,5,4,6,5,2,5,5,4,5,1,6,5,5,4,6,6,5,6,1,4,3,7,7,5,6,1,6,5,6,5,6,7,5,5,7,7,7,7,6,2,3,3,2,7,5,5,6,3,1,4,3,3,2,3,1,5,5,6,4,5,7,7,7,21,Female,White or Caucasian,3.65,Fourth year (Senior),YES,35,NA,NA,33,159,8,40,8,39,8,37,8,31,8,47,10,42,10,54,10,41,10,43,6,23,6,23,5,26,5,24,3,18,5,15,4,11,3,13,3,10,12,57,12,73,12,44,TRUE,0,0,0,1,0,0,0,0,0,0,0,0,0,1,1,3,TRUE,1,1,1,1,1,1,0,0,0,0,0,0,0,0,0,0,0,0,0,1,1,1,1,1,1,0,0,0,0,0,0,1,1,1,1,1,1,0,0,0,0,0,0,1,1,0,0,1,6,250
255,100,5040,QPPQ,PRST,PWXQ,FGIJ,GFFG,QQBB,EGFH,NA,NA,CLXC,XDBK,CGVZ,VEBT,GKHM,NA,"5,3,2","6,8,7,1,4","6,4,2","7,8,3,5,1","7,4,3,1","8,6,5,2","8,6,3,2","7,5,4,1","7,5,4,2,1","8,6,3","8,5,4,3,2,1","7,6","7,4,5,2,1","6,8,3","6,1","8,7,5,4,3,2",NA,NA,NA,"3,1","8,5,2","7,6,4","6,4","1,5,3","2,8,7",NA,NA,NA,"2,1",NA,3,NA,NA,NA,5,7,7,4,7,7,7,7,6,7,6,7,7,7,7,7,4,7,5,7,7,7,7,7,7,7,7,6,3,7,6,7,7,7,7,7,7,7,7,7,7,7,7,7,7,2,4,6,2,2,2,7,4,4,7,6,7,7,7,4,2,7,7,7,7,7,7,7,7,7,7,6,7,7,5,7,7,4,7,7,7,5,5,3,3,2,3,5,7,3,3,3,6,5,7,5,6,5,5,5,3,7,6,7,5,7,7,3,5,5,5,5,3,5,7,7,1,2,5,7,7,1,6,6,3,7,2,6,5,6,7,2,7,7,7,6,5,6,5,7,5,4,5,7,5,7,6,5,5,7,6,7,4,6,7,7,5,2,1,3,3,3,3,5,3,3,1,7,3,2,3,6,5,1,2,4,3,7,7,6,7,7,7,7,7,7,7,7,6,7,7,7,7,7,7,7,5,6,7,7,6,7,7,20,Female,prefer not to answer,3.64,Third year (Junior),NO,NA,NA,NA,33,186,8,51,8,54,8,51,8,54,8,56,10,46,10,55,10,70,10,64,6,21,6,25,5,28,5,28,3,19,5,23,4,22,3,8,3,15,12,39,12,50,12,82,TRUE,1,1,1,0,1,1,1,0,0,1,1,1,1,1,0,11,TRUE,1,1,1,1,0,0,1,1,0,0,0,0,0,0,0,0,0,0,0,1,0,0,1,1,1,0,0,0,0,0,0,0,0,0,1,1,0,1,0,0,0,0,0,0,1,0,0,0,4,237
256,100,1180,QPPQ,PRST,PWXQ,STWX,GFFG,QQBB,EGFH,BODQ,SEFT,CFCR,XDBK,CAUZ,KXVH,GKHM,HJMQ,"5,3,2","8,7,6,4,1","6,4,2","8,7,5,3,1","7,4,1","8,6,5,3,2","8,6,3,2","7,5,4,1","8,7,5,4,2","6,3,1","7,5,4,3,2,1","8,6","8,7,6,5,3,1","4,2","8,6,4,1","7,5,3,2","6,1,8","7,5,2","3,4","3,1","7,6,4","5,8,2","3,4,6","1,5","2,8,7","3,7,4","1,8,5","2,6","2,7,1","6,3","4,8,5","2,5","3,7","1,6,4,8",6,5,7,5,6,7,6,4,6,5,7,6,6,7,6,6,5,6,4,5,2,4,3,5,4,4,4,5,3,4,3,4,5,6,7,6,5,7,6,6,7,6,6,7,7,2,6,6,3,5,4,7,6,7,7,7,7,7,7,4,5,6,7,3,7,5,5,6,4,5,7,6,5,6,6,7,5,5,5,6,5,6,7,5,4,5,5,3,7,5,3,6,6,6,6,5,5,6,2,4,3,5,4,5,5,4,4,5,7,5,6,4,5,6,7,5,6,5,5,7,7,7,5,4,6,6,6,6,5,6,5,5,7,4,7,7,4,4,6,6,5,6,5,6,6,6,5,6,4,5,6,7,7,6,6,6,6,1,2,5,4,2,6,5,4,6,6,2,7,5,4,7,6,3,3,7,7,4,2,5,5,4,4,6,7,6,7,7,6,3,3,6,4,6,6,5,6,1,7,7,7,7,7,20,Female,two or more races,3.8,Third year (Junior),NO,NA,NA,NA,33,185,8,46,8,49,8,34,8,33,8,50,10,52,10,64,10,55,10,56,6,32,6,29,5,24,5,21,3,13,5,27,4,23,3,16,3,21,12,53,12,57,12,63,TRUE,1,1,1,1,1,1,1,1,0,0,1,0,0,1,0,10,TRUE,1,1,1,1,1,1,1,1,1,1,0,0,0,0,0,0,0,0,0,1,0,0,0,0,1,0,0,0,0,0,0,1,0,0,1,1,1,1,1,0,0,0,0,0,0,0,0,0,5,250
257,100,1810,QPPQ,PRST,PWXQ,STWX,GFFG,QQBB,EGFH,HJPR,SEFT,CLXC,XDBK,CGVZ,VEBT,RWSX,DFIM,"2,3,5","7,1,4,6,8","6,4,2","1,8,7,5,3","7,4,1","8,6,3,5,2","6,8,3,2","5,7,4,1","2,7,8,5","3,4,6,1","2,8,5,4","7,6,1,3","8,7,5,3,1","4,6,2","3,6,8,4","1,5,7,2","4,7,3","6,1","8,5,2","3,1","4,7","5,2,6,8","6,4","5,3,1","8,7,2","8,2,5,7","4,1,3",6,"5,2,4,7","1,6","3,8","2,5","7,3,8","6,4,1",7,6,7,6,6,6,4,7,5,5,5,6,5,7,5,6,5,5,6,6,6,5,5,5,5,6,6,6,3,6,5,6,6,5,5,4,6,6,4,5,3,6,5,6,6,6,5,4,5,5,6,7,6,7,6,5,5,7,7,7,5,5,5,6,5,6,6,6,5,5,5,6,5,4,2,5,5,5,5,6,6,6,5,3,3,3,2,5,7,2,6,5,5,5,6,6,6,6,6,5,5,6,5,5,5,4,3,5,6,5,3,3,3,6,6,6,3,4,5,6,6,3,6,7,5,7,6,5,3,5,6,6,6,4,6,6,5,6,6,6,4,6,6,6,5,6,7,2,4,6,5,7,6,6,6,6,6,2,1,2,2,5,5,2,6,6,5,5,5,1,1,4,4,2,2,2,3,4,2,6,6,6,6,7,7,7,6,6,3,6,6,5,4,5,5,6,6,6,5,6,6,6,7,18,Female,Asian American,NA,First year (Freshman),YES,NA,750,790,33,183,8,49,8,44,8,43,8,46,8,38,10,54,10,62,10,54,10,49,6,22,6,28,5,30,5,26,3,12,5,22,4,21,3,12,3,15,12,48,12,35,12,72,TRUE,1,1,1,1,1,1,1,0,0,1,1,1,1,0,0,11,TRUE,1,1,1,1,1,1,1,1,0,0,1,1,1,1,0,0,0,0,0,1,1,1,1,1,1,0,1,0,0,0,0,1,1,1,1,1,1,1,0,1,1,0,0,1,1,0,0,1,9,250
258,100,785,QPPQ,VWXY,PWXQ,STWX,GFFG,QQBB,OPRQ,HJPR,COPD,JCVC,TNLL,CAEZ,KXVH,PSQT,DFIM,"2,3,5","1,4,6,8,7","6,4,2","8,7,5,3,1","7,4,1","8,6,5,3,2","8,6,3,2","7,5,4,1","8,5,4,3,2,1","7,6","7,5,4,3,1","8,6,2","8,6,4,2,1","7,5,3","8,7,4,3,2","6,5,1","6,5,1,3","4,2","8,7","7,1","8,3","6,4,5,2","6,4","5,3,1","7,8,2","6,3,4","1,7,8","2,5","1,6,7","2,5","3,4,8","2,5","3,8","1,7,6,4",7,7,7,7,6,7,7,7,7,7,7,7,7,7,7,7,7,7,7,7,7,7,7,7,7,7,7,7,3,7,7,7,7,7,7,7,7,7,7,7,7,7,7,7,7,2,7,7,3,7,7,7,7,7,7,7,7,7,7,7,7,7,7,7,7,7,7,7,7,7,7,7,7,7,7,7,7,7,7,7,7,6,6,6,6,5,5,6,7,6,6,6,6,6,6,6,6,6,3,1,4,2,6,4,6,6,6,2,6,7,6,5,7,7,7,7,7,7,7,7,7,7,7,7,7,7,7,7,7,7,7,7,7,7,7,7,7,7,7,7,7,7,7,7,7,7,7,7,4,7,7,7,7,7,7,6,6,2,2,1,1,2,2,2,2,3,5,5,4,6,7,6,7,1,6,4,4,4,1,6,7,7,6,7,7,7,7,7,6,6,6,7,7,7,7,7,7,7,7,7,7,7,7,21,Female,White or Caucasian,3.97,Fourth year (Senior),YES,35,NA,NA,33,228,8,55,8,56,8,56,8,56,8,56,10,61,10,70,10,70,10,70,6,34,6,36,5,27,5,17,3,18,5,26,4,28,3,21,3,21,12,34,12,55,12,79,TRUE,1,0,1,1,1,1,0,0,0,0,0,0,0,0,0,5,TRUE,1,1,1,1,1,1,1,1,0,0,0,0,0,0,0,0,0,0,0,0,0,0,1,1,1,0,0,0,0,0,0,1,0,0,1,1,1,1,0,0,0,0,0,0,1,0,0,0,5,250
259,100,1639,QPPQ,PRST,PWXQ,STWX,GFFG,QQBB,EGFH,FHXZ,FUZG,CLXC,XDBK,CGVZ,XGDV,GKHM,KGDB,"5,3,2","8,7,6,4,1","6,4,2","8,7,5,3,1","7,4,1","8,6,5,3,2","8,6,3,2","7,5,4,1","8,5,4,2","7,6,3,1","5,4,2,1","8,7,6,3","7,5,2,1","8,6,4,3","8,6,3,2","7,5,4,1","8,1","5,7","6,3,4,2","6,2,1","7,4,3","8,5","6,4","5,3,1","8,7,2","4,7","3,1,8","6,5,2","1,7","6,2","4,8,5,3","2,5","3,8,7","1,6,4",7,7,7,6,6,7,7,7,7,7,7,7,7,7,7,7,7,7,7,6,5,5,6,7,6,7,7,7,3,6,7,7,7,7,7,7,7,7,7,7,7,4,6,7,7,4,4,5,4,4,4,7,7,7,7,7,7,7,7,7,7,7,7,7,7,7,7,7,7,7,7,7,6,7,7,7,7,7,7,7,7,4,5,4,4,4,4,5,7,4,5,5,5,6,6,5,5,2,5,5,4,5,4,4,6,6,6,4,6,5,3,5,7,7,7,7,4,4,4,7,7,4,6,6,4,7,6,5,5,7,5,5,4,6,6,6,6,6,6,5,4,6,6,7,7,7,6,4,6,6,6,7,7,6,6,7,7,3,2,5,2,5,5,4,4,3,3,6,6,6,3,5,5,4,5,4,4,7,7,6,5,5,3,6,7,7,7,6,3,4,6,7,5,5,6,4,4,4,7,5,4,7,4,19,Female,White or Caucasian,3.52,Second year (Sophomore),YES,32,NA,NA,33,192,8,54,8,56,8,50,8,54,8,56,10,49,10,70,10,70,10,69,6,25,6,30,5,23,5,22,3,18,5,23,4,28,3,12,3,18,12,50,12,62,12,65,TRUE,1,1,1,1,1,1,1,0,1,1,1,1,0,1,0,12,TRUE,1,1,1,1,1,1,1,1,0,0,0,0,0,0,0,0,0,0,0,0,0,0,1,1,1,0,0,0,0,0,0,1,1,1,1,1,1,1,0,0,0,0,0,0,1,0,0,1,6,250
260,100,3134,QPPQ,PRST,PWXQ,STWX,GFFG,QQBB,EGFH,BODQ,FUZG,CLXC,XDBK,CGVZ,VEBT,RWSX,HJMQ,"5,3,2","8,7,6,4,1","6,4,2","8,5,7,3,1","7,4,1","8,6,5,3,2","8,6,3,2","7,5,4,1","5,2","8,7,6,4,3,1","7,5,4,2,1","8,6,3","8,6,5,4,3,1","7,2","5,1","8,7,6,4,3,2","8,3,2","7,4,1","6,5","3,1","8,7,4","6,5,2","4,6","1,5,3","2,8,7","1,8,6,4","3,7","2,5","1,7,6","2,5,8","3,4","2,5","3,7,8","1,6,4",5,6,6,5,6,6,5,5,3,4,6,6,4,3,3,3,3,5,6,4,3,5,4,6,4,6,5,6,3,6,5,6,6,3,2,3,4,3,3,3,3,7,7,5,5,3,7,6,4,5,4,4,5,6,5,5,3,4,3,6,5,6,6,3,5,3,5,7,6,7,5,4,6,6,2,6,6,2,5,7,3,5,5,5,6,6,3,2,7,3,3,3,4,6,6,5,5,6,5,2,3,6,4,4,6,5,3,3,3,3,5,5,5,6,5,6,5,4,6,6,6,2,6,5,6,6,6,6,4,5,6,3,2,4,6,6,6,6,4,6,6,4,6,6,3,5,6,3,5,6,5,6,6,6,6,6,5,2,2,5,5,5,4,3,3,2,2,6,6,3,3,3,3,3,3,7,7,6,7,5,4,6,5,6,6,4,5,5,2,6,5,6,5,3,5,3,4,3,3,4,5,3,5,19,Male,Asian American,3.917,Second year (Sophomore),YES,NA,730,800,33,172,8,44,8,32,8,36,8,44,8,24,10,53,10,46,10,53,10,47,6,30,6,21,5,27,5,19,3,14,5,19,4,22,3,15,3,14,12,44,12,57,12,59,TRUE,1,1,1,1,1,1,1,1,1,1,1,1,1,0,0,13,TRUE,1,1,1,1,1,1,1,1,0,0,0,0,0,0,0,0,0,0,0,1,0,0,1,1,1,0,0,0,0,0,0,1,1,1,1,1,1,1,0,0,0,0,0,0,1,0,0,1,6,250
261,100,20771,QPPQ,PRST,PWXQ,STWX,GFFG,QQBB,OPRQ,BODQ,SEFT,JCVC,VEGV,CGVZ,VEBT,EJFK,HJMQ,"3,5,2","7,6,1,8,4","4,6,2","8,7,5,1,3","7,4,1","8,6,5,2,3","8,6,3,2","7,5,4,1","8,7,5,4,2","6,3,1","3,4,1,5","8,6,2,7","7,5,3,1","8,6,4,2","1,7,4,5","8,6,2,3","2,6,8","5,3,4","1,7","6,1","4,3","2,5,8,7","6,2,4","5,1,3","8,7","2,7,8,5","1,4","3,6","1,7","4,8,2","3,6,5","2,5","3,7,8","6,4,1",3,2,6,6,7,7,2,2,3,2,5,2,6,5,3,2,3,4,4,3,3,3,4,3,4,4,5,5,3,4,6,5,4,3,5,2,5,2,5,5,3,5,5,5,5,5,5,5,3,3,5,6,2,6,6,6,5,6,2,2,2,2,4,3,5,5,4,4,3,4,5,5,3,3,2,4,3,5,3,5,6,3,5,3,4,4,3,3,7,2,3,4,3,3,5,5,5,3,3,6,6,6,6,7,5,6,6,4,2,3,4,5,3,5,3,5,2,3,3,6,6,6,5,4,3,4,4,6,5,3,5,6,3,3,3,3,3,5,3,5,3,4,3,6,3,5,5,3,6,6,5,5,4,5,3,2,6,3,2,5,5,4,2,5,5,3,3,4,2,7,7,6,6,2,2,5,6,6,6,5,5,4,3,3,6,4,5,4,3,3,5,3,3,4,5,4,5,5,5,6,4,5,3,18,Female,White or Caucasian,3.8,Second year (Sophomore),YES,32,NA,NA,33,139,8,35,8,28,8,27,8,37,8,30,10,46,10,43,10,39,10,39,6,22,6,18,5,21,5,31,3,17,5,18,4,16,3,8,3,18,12,45,12,59,12,50,TRUE,1,1,1,1,1,1,0,1,0,0,0,1,1,0,0,9,TRUE,1,1,1,1,1,1,1,1,1,1,0,0,0,0,0,0,0,0,0,0,0,0,0,1,0,0,0,0,0,0,0,1,1,1,1,1,1,1,1,0,0,0,0,0,0,0,0,1,6,250
262,100,3370,QPPQ,PRST,PWXQ,STWX,GFFG,QQBB,EGFH,BODQ,FUZG,CLXC,XDBK,CGVZ,VEBT,GKHM,HJMQ,"2,5,3","6,8,7,4,1","6,4,2","8,7,5,3,1","7,4,1","8,5,6,3,2","8,6,3,2","7,5,4,1","8,7,5,4,2","6,3,1","1,4,5,8,2","7,6,3","1,8,6,3,5","2,7,4","7,6,3,1","8,4,5,2","2,8,1","7,4,3,5",6,"3,1",7,"6,5,2,4,8",NA,NA,NA,NA,NA,NA,NA,NA,NA,NA,NA,NA,7,3,7,6,6,7,6,3,5,6,7,7,7,6,7,6,7,5,7,6,3,7,7,7,6,5,7,6,3,5,5,7,6,6,7,7,6,4,6,5,3,6,7,6,7,6,7,5,3,4,6,7,7,7,7,7,7,7,5,7,7,7,7,6,7,7,7,7,6,7,7,5,4,6,7,7,7,5,7,6,6,5,5,5,4,3,3,1,7,2,7,5,6,7,3,2,3,4,3,1,4,7,7,7,6,6,6,3,1,1,7,5,4,7,6,7,5,5,7,7,5,5,3,6,1,7,7,7,5,6,5,1,3,2,2,5,5,6,7,5,6,7,5,6,7,7,7,6,3,3,5,7,7,7,6,7,7,6,1,7,5,7,5,6,5,3,4,4,2,6,3,6,5,5,6,7,7,7,7,3,5,5,5,3,7,6,7,5,2,1,2,2,2,1,7,3,2,1,2,7,1,7,2,19,Male,Asian American,4.05,Second year (Sophomore),YES,NA,730,790,33,172,8,45,8,51,8,49,8,47,8,44,10,57,10,68,10,68,10,60,6,25,6,28,5,15,5,26,3,18,5,17,4,24,3,17,3,17,12,63,12,65,12,51,TRUE,1,1,1,1,1,1,1,1,1,1,1,1,1,1,0,14,TRUE,1,1,1,1,1,1,1,1,1,1,0,0,0,0,0,0,0,0,0,1,0,0,0,0,0,0,0,0,0,0,0,0,0,0,1,1,1,1,1,0,0,0,0,0,0,0,0,0,5,238
263,100,1866,QPPQ,PRST,PWXQ,STWX,GFFG,QQBB,EGFH,BODQ,VIJW,KCWC,TNLL,CGVZ,VEBT,RWSX,DFIM,"3,2,5","8,7,6,4,1","6,4,2","8,7,5,3,1","7,4,1","8,6,5,3,2","8,6,3,2","7,5,4,1","5,2","8,7,6,4,3,1","3,7,1","2,8,4,5,6","8,6,1,2","3,7,4,5","5,1","8,6,7,4,3,2","4,7","5,3,2","8,6,1","3,1","2,4","5,6,7,8","4,6","3,1,5","2,7,8","1,6,4","3,7,8","2,5","1,5,7",2,"3,6,8,4","5,3,2","8,7","6,1,4",5,4,5,3,5,4,5,5,4,6,4,5,5,6,4,4,5,5,5,5,4,6,5,7,5,5,5,5,3,5,2,5,5,4,6,5,4,4,6,7,6,4,4,5,5,4,5,4,2,2,2,6,6,7,6,6,7,6,6,6,3,5,5,6,5,5,4,6,5,5,5,5,3,5,4,6,6,5,5,6,4,3,5,3,6,3,4,3,7,2,4,2,3,5,4,5,5,3,4,4,3,6,4,5,6,6,6,3,6,5,5,5,5,6,5,6,4,4,4,7,6,5,4,7,5,6,5,6,4,6,5,6,5,3,5,6,6,5,5,5,4,5,5,5,4,5,5,3,4,6,5,7,5,5,4,5,5,3,2,3,2,3,5,4,3,4,4,7,5,7,6,6,6,4,4,6,5,6,7,5,5,3,5,5,6,5,4,5,3,4,4,5,5,5,6,6,5,4,7,7,7,7,7,19,Male,White or Caucasian,3.55,Third year (Junior),YES,NA,700,740,33,166,8,36,8,38,8,42,8,37,8,42,10,37,10,59,10,51,10,49,6,24,6,19,5,21,5,22,3,18,5,24,4,22,3,12,3,18,12,43,12,69,12,54,TRUE,1,1,1,1,1,1,1,1,0,0,0,1,1,0,0,10,TRUE,1,1,1,1,1,1,1,1,0,0,0,0,0,0,0,0,0,1,0,1,0,0,1,1,1,0,0,0,0,0,0,0,0,1,1,1,1,1,0,0,0,0,0,0,1,0,0,0,5,250
264,100,1717,QPPQ,PRST,PWXQ,CDFG,GFFG,QQBB,OPRQ,KMTV,COPD,JCVC,XDBK,CGVZ,KXVH,EJFK,DFIM,"3,5,2","8,7,6,4,1","6,4,2","8,7,5,3,1","7,4,1","8,6,5,3,2","8,6,3,2","7,5,4,1","7,5,4,2","8,6,3,1","8,5,4,2","7,6,3,1","7,5,3,1","8,6,4,2","6,5,1","8,7,4,3,2","6,2,1","4,7,5","3,8","3,1","7,4","8,6,5,2","6,4","3,5,1","8,2,7","2,7,5","1,3,4","6,8","3,7,6","2,1","5,8,4","2,5","3,8,7","1,6,4",6,6,7,7,7,7,7,4,4,4,4,3,6,5,6,3,5,6,6,5,6,5,6,6,6,6,7,6,3,5,6,5,6,3,3,6,5,3,5,5,5,7,7,7,7,4,7,7,4,6,4,7,3,3,7,2,7,7,5,6,3,4,6,7,6,6,6,4,7,6,6,5,5,7,2,7,6,4,6,5,7,6,6,4,5,4,3,5,7,5,5,3,5,4,4,4,6,6,4,4,4,6,4,6,7,2,7,6,6,5,6,6,6,7,7,7,1,5,5,2,7,1,4,4,6,6,6,7,3,4,6,6,2,5,2,6,6,6,5,5,2,4,4,3,7,6,6,3,4,7,5,5,7,5,6,7,6,5,5,6,3,6,1,6,6,5,5,7,6,4,4,7,6,3,3,6,6,7,4,6,6,7,6,6,5,6,6,6,4,4,4,6,4,5,4,5,6,4,2,5,5,6,6,21,Female,Black or African American,3.3,Fourth year (Senior),YES,34,NA,NA,33,163,8,51,8,35,8,45,8,47,8,35,10,60,10,50,10,58,10,54,6,28,6,27,5,24,5,24,3,16,5,29,4,27,3,11,3,10,12,61,12,63,12,66,TRUE,1,1,1,0,1,1,0,0,0,0,1,1,0,0,0,7,TRUE,1,1,1,1,1,1,1,1,0,0,1,1,0,0,1,1,0,0,0,1,1,1,1,1,1,1,1,1,0,1,0,1,1,1,1,1,1,1,0,1,0,1,0,1,1,1,0,1,10,250
265,100,1681,QPPQ,PRST,PWXQ,STWX,GFFG,QQBB,EGFH,BODQ,FUZG,CLXC,XDBK,CGVZ,VEBT,GKHM,LHEC,NA,NA,"6,4,2","8,7,5,3,1","7,4,1","8,5,6,3,2","8,6,3,2","7,5,4,1","8,7,5,4","2,6,3,1","7,5,4,3,2,1","8,6","7,8,5,3,1","6,2,4","1,6,3","7,8,5,4,2","3,1","5,7,6,4","8,2","6,1,3","7,2","8,5,4","6,4","5,3,1","7,2,8","4,3","1,7,8","2,6,5","1,7,5","2,6,4","3,8",2,"1,3",NA,7,7,7,7,7,7,7,6,7,7,7,5,7,7,5,7,6,7,7,7,7,7,7,7,7,6,5,6,3,7,7,6,6,3,3,3,7,5,5,3,3,7,7,7,7,2,7,7,4,4,5,7,7,7,7,5,7,7,7,7,7,5,7,7,7,6,7,7,7,7,7,7,4,7,2,6,7,5,6,7,4,6,5,7,7,6,6,6,7,5,7,5,6,7,7,6,6,7,6,1,1,2,1,3,1,4,2,1,2,3,1,2,7,7,7,7,6,5,6,5,5,3,2,6,6,2,2,5,6,6,4,5,5,5,6,6,2,6,5,5,5,6,4,4,3,7,3,3,4,4,5,5,4,5,3,5,3,1,1,5,4,2,4,2,3,3,2,6,6,7,7,5,5,3,3,7,7,6,7,6,6,7,6,6,4,6,7,6,2,6,5,6,3,4,7,3,5,3,7,4,7,7,5,18,Female,Asian,4,First year (Freshman),YES,NA,790,790,33,149,8,55,8,52,8,55,8,50,8,32,10,57,10,68,10,67,10,55,6,37,6,36,5,32,5,8,3,7,5,9,4,28,3,17,3,13,12,35,12,69,12,67,TRUE,1,1,1,1,1,1,1,1,1,1,1,1,1,1,0,14,TRUE,0,0,1,1,1,1,1,1,0,0,0,0,1,1,0,0,0,0,0,0,0,0,1,1,1,0,0,0,0,0,0,0,0,0,0,1,1,1,0,0,1,0,0,0,1,0,0,0,5,247
266,100,9232,QPPQ,PRST,PWXQ,STWX,GFFG,QQBB,ABDC,NA,FUZG,CLXC,NA,CAEZ,NA,NA,HJMQ,"3,5,2","8,7,6,4,1","6,4,2","8,7,3,5,1","7,4,1","8,5,6,3,2","8,6,3,2","7,5,4,1","5,7,8,4,2","6,1,3","5,4,3,7,2,1","8,6","8,5,3,2,1","7,4,6",NA,NA,NA,NA,NA,"3,1","7,4","8,6,5,2","4,6","5,1,3","2,8,7","2,7,5","1,3,4","6,8","1,7","2,6,4","3,5,8","2,5",NA,NA,6,6,7,7,7,6,5,7,6,6,7,7,7,7,7,6,3,5,6,5,4,3,4,5,5,4,6,5,3,4,6,6,5,5,5,5,4,2,3,6,4,6,6,5,6,6,6,5,5,4,6,6,6,5,5,3,3,6,5,7,6,5,5,6,6,6,5,6,6,6,6,4,4,5,3,4,6,3,6,6,6,3,5,3,3,3,3,5,7,5,5,5,3,5,3,3,3,5,3,5,5,6,5,5,3,5,5,5,5,5,3,5,3,5,6,3,5,6,6,6,6,1,6,2,5,6,6,6,2,1,5,5,5,5,6,6,6,6,3,6,5,6,4,5,6,7,6,5,3,5,6,6,3,6,6,6,7,5,3,5,5,2,6,3,3,7,6,5,5,6,5,6,7,3,3,3,3,5,7,5,6,7,7,3,6,6,6,6,6,6,5,5,5,3,5,5,6,5,6,5,3,5,3,19,Female,Asian American,4.028,Second year (Sophomore),YES,NA,750,800,33,166,8,51,8,53,8,35,8,41,8,34,10,55,10,52,10,57,10,47,6,20,6,28,5,17,5,26,3,13,5,23,4,17,3,17,3,13,12,58,12,58,12,69,TRUE,1,1,1,1,1,1,0,0,1,1,0,0,0,0,0,8,TRUE,1,1,1,1,1,1,1,1,1,1,0,0,0,0,0,0,0,0,0,1,1,1,1,1,1,1,1,1,0,0,0,1,0,0,1,1,1,1,1,0,0,0,0,1,1,1,0,0,8,239
267,100,3484,QPPQ,PRST,PWXQ,STWX,QRRQ,QQBB,OPRQ,BODQ,COPD,CLXC,XDBK,CGVZ,MZXJ,GKHM,HJMQ,"5,3,2","8,7,6,4,1","6,4,2","8,7,5,3,1","7,4,1","8,6,5,3,2","8,6,3,2","7,5,4,1","8,7,6,5,4","3,2,1","4,3,2,1","8,7,6,5","8,6,5,1","7,4,3,2","6,5,1","8,7,4,3,2","7,2","5,4,3","8,6,1","5,3","7,1,8,4","2,6","6,4","5,3,1","7,8,2","3,4","1,8,7,6","2,5",1,"6,2","8,3,7,5,4","2,5","3,8,7","1,6,4",5,3,4,6,6,6,5,4,4,2,3,6,6,7,5,3,4,5,5,5,5,2,6,5,5,6,5,6,3,4,5,6,5,3,6,3,5,4,5,4,2,6,5,6,6,6,6,6,6,6,6,6,6,6,6,6,6,6,5,5,7,4,6,4,3,5,6,6,5,5,5,6,6,5,2,4,5,3,5,5,6,7,7,6,6,6,6,5,7,5,6,6,6,6,6,6,6,6,7,3,2,6,4,6,6,5,6,1,2,2,2,2,5,6,7,6,2,4,6,6,4,1,4,6,6,5,3,5,3,2,3,4,1,6,4,6,2,6,5,5,1,6,2,2,5,5,3,4,4,7,5,5,2,5,2,7,3,3,5,5,5,7,2,3,3,2,2,5,5,4,2,3,6,2,6,5,5,5,7,6,7,5,3,6,7,6,6,6,3,4,6,7,3,7,7,7,6,6,6,5,5,7,7,19,Female,White or Caucasian,3.162,Second year (Sophomore),NO,NA,NA,NA,33,134,8,39,8,36,8,37,8,42,8,32,10,59,10,59,10,49,10,47,6,38,6,34,5,31,5,21,3,17,5,9,4,24,3,12,3,11,12,47,12,55,12,65,TRUE,1,1,1,1,0,1,0,1,0,1,1,1,0,1,0,10,TRUE,1,1,1,1,1,1,1,1,0,0,0,0,0,0,1,1,0,0,0,0,0,0,1,1,1,0,0,0,0,0,0,1,1,1,1,1,1,1,0,0,0,1,0,0,1,0,0,1,7,250
268,100,1755,QPPQ,PRST,PWXQ,STWX,GFFG,QQBB,EGFH,BODQ,FUZG,CLXC,XDBK,CGVZ,VEBT,GKHM,LHEC,"3,5,2","8,7,6,4,1","6,4,2","8,7,5,3,1","7,4,1","8,6,5,3,2","8,6,3,2","7,5,4,1","7,8,5,2","6,4,3,1","8,7,6,3,2","4,1,5","6,5,3,2","8,7,4,1","8,3,4,2,1","7,6,5","6,2,1","7,4,3","8,5","3,1","4,7","2,8,5,6","6,4","1,3,5","7,8,2","1,6,3,4","2,5","7,8","3,7,6","2,1","5,8,4","2,5","7,8,3","1,6,4",6,4,3,6,5,5,2,3,3,4,3,2,4,3,3,3,4,4,4,5,3,4,3,4,4,6,7,6,3,4,7,5,6,3,4,3,4,2,4,3,4,5,6,4,6,4,6,5,2,2,3,3,6,3,5,2,3,3,3,7,6,4,6,3,5,4,5,4,5,6,6,3,4,4,1,5,2,4,2,5,4,6,6,6,6,5,6,1,7,6,3,3,5,6,5,5,3,6,3,2,2,4,2,1,5,2,5,3,5,3,2,3,6,7,5,6,5,5,5,5,5,2,5,2,5,4,2,5,3,3,5,6,2,3,1,6,2,4,5,2,5,4,5,3,6,6,3,1,4,7,5,4,3,5,5,6,3,5,3,4,5,7,5,4,5,3,3,4,5,6,6,3,6,5,5,6,6,4,7,5,5,6,6,5,6,6,6,5,1,3,5,6,3,4,5,4,6,5,5,4,5,5,5,19,Male,Asian,4.056,Second year (Sophomore),YES,NA,730,800,33,131,8,34,8,25,8,31,8,45,8,27,10,43,10,41,10,48,10,34,6,35,6,24,5,22,5,11,3,12,5,16,4,24,3,15,3,12,12,53,12,63,12,59,TRUE,1,1,1,1,1,1,1,1,1,1,1,1,1,1,0,14,TRUE,1,1,1,1,1,1,1,1,0,0,0,0,0,0,0,0,0,0,0,1,1,1,1,1,1,0,0,0,0,1,0,1,1,1,1,1,1,1,0,0,0,0,0,1,1,0,0,1,7,250
269,100,1684,QPPQ,PRST,PWXQ,STWX,GFFG,QQBB,EGFH,KMTV,FUZG,KCWC,XDBK,CGVZ,VEBT,GKHM,HJMQ,"2,5,3","1,4,7,6,8","2,6,4","3,8,7,5,1","4,7,1","2,6,8,5,3","8,3,6,2","7,5,4,1","1,6","7,8,5,3,4,2","4,8,5,2","7,6,3,1","7,8,5,3,1","6,4,2","6,5,1","7,8,4,3,2","8,3,2","6,7,4,5",1,"3,1","7,4","8,6,5,2",NA,1,NA,NA,NA,NA,NA,NA,NA,NA,NA,NA,5,5,6,6,7,7,6,6,4,4,3,4,4,4,5,4,6,6,5,5,5,3,6,6,5,3,6,5,3,5,5,5,6,3,2,3,4,6,5,4,2,5,4,5,6,1,7,6,2,3,3,6,6,6,7,5,6,6,6,6,4,5,5,6,6,6,5,6,5,4,5,5,5,6,2,5,3,5,6,7,7,3,6,3,5,5,5,4,7,2,6,6,3,5,3,6,6,2,4,6,5,5,6,2,2,3,3,4,5,5,5,5,5,6,5,7,5,2,5,7,6,3,2,6,5,6,6,7,5,5,6,6,5,3,4,7,3,6,6,6,4,5,3,6,6,7,6,3,6,6,3,6,6,6,6,5,5,5,2,5,4,6,6,6,5,3,6,5,6,7,6,6,6,3,3,5,7,6,7,3,5,5,5,6,6,3,5,5,2,2,2,5,2,5,5,4,6,5,5,6,7,6,4,18,Female,Asian,NA,First year (Freshman),YES,36,730,780,33,173,8,48,8,32,8,42,8,40,8,29,10,42,10,58,10,53,10,51,6,27,6,26,5,21,5,24,3,8,5,24,4,23,3,12,3,16,12,58,12,67,12,49,TRUE,1,1,1,1,1,1,1,0,1,0,1,1,1,1,0,12,TRUE,1,1,1,1,1,1,1,1,0,0,1,1,1,1,1,1,0,0,0,1,1,1,0,0,0,0,0,0,0,0,0,0,0,0,1,1,1,1,0,1,1,1,0,1,0,0,0,0,8,239
270,100,15333,QPPQ,PRST,PWXQ,STWX,GFFG,QQBB,EGFH,BODQ,FUZG,CLXC,XDBK,CGVZ,KXVH,GKHM,DFIM,"5,2,3","4,8,7,6,1","6,4,2","8,7,5,3,1","7,4,1","8,6,5,3,2","8,6,3,2","7,5,4,1","2,7,8,5","3,4,6,1","8,5,4,2,1","7,6,3","7,8,3,5,1","6,4,2","6,5,1","8,7,4,3,2","3,2","7,5,4","8,6,1","3,1","7,4","8,6,5,2","6,4","5,3,1","8,7,2","2,7","1,5,4,3","8,6","3,8,7,6","1,2","4,5","2,5","3,8,7","1,6,4",5,7,2,5,5,6,3,5,2,6,3,4,2,5,6,2,4,7,7,5,5,6,6,7,6,7,6,5,3,5,7,6,5,5,6,5,5,4,5,5,4,6,6,6,6,4,7,4,5,5,6,5,6,4,3,4,2,4,4,7,7,2,6,4,3,4,4,4,5,7,5,2,4,7,3,6,7,3,4,6,7,7,7,5,7,6,6,4,7,2,5,6,7,6,6,5,5,6,5,1,2,7,4,5,6,3,5,2,7,6,5,5,6,7,4,7,4,3,6,4,6,2,7,6,4,4,2,6,2,3,6,4,5,3,3,3,1,4,5,5,5,5,6,5,2,5,5,4,4,5,5,6,2,6,5,7,6,4,4,7,7,5,3,5,4,4,4,5,5,2,5,6,4,2,2,4,5,1,1,4,5,6,4,6,5,7,7,6,3,6,4,6,5,4,5,5,5,3,6,4,7,7,7,20,Male,two or more races,3.42,Third year (Junior),YES,34,700,760,33,143,8,38,8,30,8,47,8,47,8,39,10,55,10,46,10,44,10,49,6,38,6,30,5,27,5,19,3,14,5,25,4,24,3,13,3,12,12,60,12,42,12,63,TRUE,1,1,1,1,1,1,1,1,1,1,1,1,0,1,0,13,TRUE,1,1,1,1,1,1,1,1,0,0,0,0,1,1,1,1,0,0,0,1,1,1,1,1,1,0,0,1,1,1,1,1,1,1,1,1,1,1,0,0,1,1,0,1,1,0,1,1,10,250
271,100,1521,QPPQ,PRST,FVZG,STWX,GFFG,CCRR,EGFH,FHXZ,VIJW,CLXC,XDBK,CIOZ,ZIFX,EJFK,KIFB,"2,3,5","1,7,8,6,4","6,4,2","7,8,5,3,1","6,4,3,1","8,7,5,2","7,6,4,8","1,5,2,3","8,7,5,2","6,4,3,1","3,5,4,1","8,2,6,7","7,3,2,1","8,6,5,4","7,6,3,2","8,5,4,1","6,3","4,7,2,1","5,8","3,1","5,8,4","7,6,2","3,6,4,2","1,5","8,7",4,"1,3,8","6,2,5,7","7,1","2,6,4","8,3,5","5,2","8,7,6","4,1,3",5,5,6,6,6,7,4,5,5,5,6,6,5,6,5,5,4,5,5,4,4,5,5,5,5,6,6,5,3,5,6,5,5,6,5,7,4,4,7,6,6,7,6,6,6,6,6,5,5,6,5,7,7,6,7,6,7,7,6,7,6,6,6,6,6,6,6,6,6,5,6,5,6,4,2,4,5,4,5,6,5,5,5,5,5,3,3,3,7,3,5,3,4,5,5,3,5,5,3,5,3,3,3,2,5,2,6,3,5,3,2,2,5,6,6,6,5,6,6,7,7,6,6,7,5,6,6,7,5,5,5,6,6,6,6,5,6,6,6,6,6,6,6,5,6,5,6,3,5,6,6,6,5,6,3,6,5,3,3,5,5,5,5,5,3,3,2,7,7,5,5,5,5,2,1,6,6,2,1,5,6,5,3,3,6,6,7,6,5,5,3,5,5,5,5,5,5,6,6,6,5,5,5,18,Female,two or more races,3.5,Second year (Sophomore),YES,34,NA,NA,33,185,8,44,8,43,8,37,8,43,8,45,10,58,10,66,10,59,10,46,6,26,6,23,5,21,5,16,3,13,5,15,4,23,3,17,3,20,12,50,12,52,12,60,TRUE,1,1,0,1,1,0,1,0,0,1,1,0,0,0,1,8,TRUE,1,1,1,1,0,0,0,0,0,0,0,0,0,0,0,0,0,0,0,1,0,0,0,0,0,0,0,0,0,0,0,1,0,0,1,1,0,0,0,0,0,0,0,0,0,0,0,0,2,250
272,100,2362,QPPQ,PRST,PWXQ,STWX,GFFG,QQBB,EGFH,BODQ,FUZG,CLXC,XDBK,CGVZ,VEBT,GKHM,KGDB,"2,5,3","7,8,6,1,4","6,4,2","8,7,5,3,1","7,4,1","8,6,5,3,2","8,6,3,2","7,5,4,1","8,7,5,4,2","6,3,1","2,5,8,4","3,1,7,6","8,7,5,3,1","6,4,2","6,5,1","8,7,4,3,2","1,3","7,4,5,2",8,"3,1","7,4","8,6,5,2","4,6","1,3,5","2,8,7","2,7,5","1,4,3","6,8","6,7,8,3","1,2","4,5","2,5","3,8,7","1,4,6",6,4,4,5,6,6,4,4,4,5,5,3,5,5,5,5,5,4,5,4,6,5,6,5,5,5,5,4,3,5,5,5,6,4,4,6,6,7,5,5,4,6,5,4,5,4,6,4,3,3,3,6,5,4,6,7,7,5,4,5,5,5,5,5,5,5,5,5,5,5,5,6,6,5,1,6,5,3,5,5,5,6,5,5,6,6,5,4,7,2,3,6,6,6,6,6,6,6,6,2,2,4,4,2,5,1,1,1,5,3,2,3,5,7,5,6,4,2,4,5,6,4,3,5,5,7,6,5,5,6,6,5,3,5,5,6,4,5,6,6,5,5,5,5,5,5,6,5,4,5,5,6,5,6,6,5,3,1,1,2,2,4,2,2,1,3,3,7,7,5,6,5,3,4,3,5,5,4,4,4,5,5,3,6,7,6,4,6,3,4,5,7,3,6,5,5,6,1,7,5,6,6,6,19,Male,White or Caucasian,3.2,Third year (Junior),YES,NA,720,770,33,171,8,39,8,37,8,40,8,40,8,41,10,43,10,54,10,50,10,47,6,33,6,27,5,30,5,14,3,7,5,14,4,23,3,10,3,15,12,29,12,58,12,58,TRUE,1,1,1,1,1,1,1,1,1,1,1,1,1,1,0,14,TRUE,1,1,1,1,1,1,1,1,1,1,1,1,1,1,1,1,0,0,0,1,1,1,1,1,1,1,1,1,1,1,1,1,1,1,1,1,1,1,1,1,1,1,0,1,1,1,1,1,13,250
275,100,2023,QPPQ,PRST,PWXQ,STWX,GFFG,QQBB,EGFH,FHXZ,VIJW,CLXC,XDBK,CGVZ,MZXJ,EJFK,HJMQ,"3,5,2","8,7,6,1,4","6,4,2","8,7,5,3,1","7,4,1","8,6,5,3,2","8,6,3,2","7,5,4,1","2,6,4,8,5","7,3,1","8,7,5,4,3,1","6,2","3,1","4,2",NA,NA,"6,2","7,5,4,3","8,1","1,3","7,4","5,6,8,2","4,6","3,5,1","2,7,8","2,7,5","1,3,4","6,8","7,5,1","2,6","3,8,4","2,5","7,3,8","1,4,6",5,6,7,6,7,7,4,6,5,5,5,5,4,3,6,5,3,5,5,3,4,2,4,5,5,5,4,4,3,5,3,4,6,4,3,3,3,4,3,4,3,7,6,6,6,7,7,3,3,3,3,7,7,5,7,4,7,7,4,7,7,4,7,5,4,4,5,5,5,5,2,4,5,5,2,5,5,2,5,6,5,7,7,5,6,3,6,7,7,6,6,4,6,7,4,4,3,3,5,3,2,2,3,4,3,4,2,5,5,7,3,6,3,6,5,6,2,1,3,4,5,4,6,7,4,6,3,7,3,4,5,6,5,5,4,5,3,7,7,6,6,7,6,5,7,7,4,4,4,7,5,3,5,5,6,4,4,1,1,2,1,4,3,5,1,3,4,5,6,7,7,5,3,5,5,7,3,4,4,3,6,6,3,5,6,7,7,6,3,6,3,6,6,5,6,6,7,7,3,4,7,6,5,18,Female,Asian,NA,First year (Freshman),YES,NA,NA,NA,33,174,8,48,8,38,8,31,8,36,8,27,10,51,10,62,10,46,10,44,6,34,6,36,5,19,5,14,3,9,5,26,4,20,3,6,3,13,12,33,12,61,12,61,TRUE,1,1,1,1,1,1,1,0,0,1,1,1,0,0,0,10,TRUE,1,1,1,1,1,1,1,1,0,0,0,0,0,0,0,0,0,0,1,1,1,1,1,1,1,1,1,1,0,0,0,1,1,1,1,1,1,1,0,0,0,0,0,1,1,1,0,1,8,248
276,100,1834,QPPQ,PRST,PWXQ,STWX,GFFG,QQBB,EGFH,BODQ,FUZG,CLXC,XDBK,CGVZ,VEBT,GKHM,LHEC,"5,3,2","8,7,6,4,1","6,4,2","8,7,5,3,1","7,4,1","8,6,5,3,2","8,6,3,2","7,5,4,1","8,7,6,5,4,2","3,1","8,7,5,4,3,2,1",6,"8,7,5,3,1","6,2,4",NA,NA,NA,NA,NA,"3,1","7,4","6,8,5,2","4,6","1,3,5","8,2,7","2,7,5","1,4,3","6,8","3,8,7,6","1,2","5,4","2,5","3,8,7","1,6,4",5,4,5,2,5,5,4,4,1,2,2,1,3,6,3,2,4,3,6,5,5,5,2,5,5,5,7,5,3,5,6,6,6,5,5,6,6,5,5,5,3,4,3,3,4,1,5,2,1,1,1,5,3,5,5,5,5,5,5,5,5,6,7,7,7,7,7,7,6,7,6,5,4,6,2,3,4,4,3,5,5,5,3,5,5,5,6,3,7,5,6,2,5,6,5,5,3,3,3,3,2,6,3,5,2,5,6,2,6,5,2,5,5,7,6,7,2,5,7,7,6,3,3,7,6,7,5,7,6,5,6,6,6,5,5,7,2,6,6,5,3,6,5,5,3,7,5,5,6,6,5,5,5,5,5,6,3,3,2,2,5,1,3,3,3,2,2,6,7,6,7,2,6,5,6,7,7,5,7,6,6,6,5,6,3,6,7,5,3,3,2,7,5,6,6,6,6,6,6,6,6,6,7,19,Female,Asian,4.02,Second year (Sophomore),YES,35,780,770,33,176,8,34,8,20,8,35,8,45,8,40,10,25,10,48,10,67,10,41,6,29,6,27,5,19,5,19,3,13,5,20,4,25,3,14,3,16,12,35,12,71,12,58,TRUE,1,1,1,1,1,1,1,1,1,1,1,1,1,1,0,14,TRUE,1,1,1,1,1,1,1,1,0,0,0,0,1,1,0,0,0,0,0,1,1,1,1,1,1,1,1,1,1,1,1,1,1,1,1,1,1,1,0,0,1,0,0,1,1,1,1,1,10,245
278,100,10011,QPPQ,PRST,PWXQ,NA,GFFG,QQBB,EGFH,BODQ,SEFT,CLXC,XDBK,CGVZ,VEBT,GKHM,KIFB,"5,2,3","1,4,8,7,6","2,6,4","1,8,7,3,5","7,4,1","8,6,5,3,2","8,6,3,2","5,7,4,1","8,4,7,5,2","1,6,3",NA,NA,"7,8,5,1","6,4,2,3","8,5,2,4,1","7,6,3","3,8","7,6,4","1,2,5","3,1","7,4","6,5,8,2","4,6","3,5,1","7,2,8","5,2,7","8,6","1,3,4","3,7,8","1,2","4,6,5","5,2","3,7,8","1,6,4",5,5,6,7,7,7,7,6,2,4,4,6,4,6,5,4,5,4,5,4,5,4,4,6,6,6,6,6,3,5,6,6,6,1,1,2,3,3,5,1,2,7,7,7,7,5,7,7,5,5,5,7,6,6,7,5,7,7,7,6,3,7,5,7,7,7,7,7,7,6,7,5,3,7,3,7,6,5,6,7,7,1,5,1,1,1,1,1,7,2,3,1,2,2,4,3,2,2,3,7,1,7,7,7,6,7,7,6,6,6,7,7,1,5,6,3,5,5,5,6,6,5,4,6,4,5,4,7,3,6,6,6,4,4,3,6,5,6,4,4,5,5,4,6,5,2,4,4,4,5,3,6,5,5,6,6,6,2,2,3,1,6,4,2,2,5,5,6,6,7,7,4,5,2,3,7,7,7,7,3,3,2,3,6,6,4,5,3,2,6,5,3,3,5,5,3,4,NA,2,4,5,5,3,18,Female,Black or African American,3.1,Second year (Sophomore),YES,NA,NA,NA,33,156,8,50,8,35,8,37,8,47,8,18,10,62,10,61,10,67,10,56,6,10,6,11,5,14,5,29,3,20,5,32,4,15,3,15,3,17,12,44,12,68,12,48,TRUE,1,1,1,0,1,1,1,1,0,1,1,1,1,1,1,13,TRUE,1,1,1,1,1,1,1,1,1,1,0,0,0,0,0,0,0,0,0,1,1,1,1,1,1,1,0,0,0,1,0,1,1,1,1,1,1,1,1,0,0,0,0,1,1,0,0,1,8,246
279,100,1791,QPPQ,PRST,PWXQ,STWX,GFFG,QQBB,EGFH,BODQ,NA,CLXC,XDBK,CGVZ,XGDV,GKHM,DFIM,"2,5,3","8,7,6,4,1","6,4,2","8,7,5,3,1","7,4,1","8,6,5,3,2","8,6,3,2","7,5,4,1","5,8,3,2","7,6,4,1","4,3,2,1","5,6,7,8","6,3,2,1","8,7,5,4","8,3,2,1","7,6,5,4","6,2,1","7,4,3","8,5","8,3,1","7,4","6,5,2","6,4,3","5,1","7,8,2","1,3,2","4,6,5","8,7","1,3,2","4,5,6","8,7","2,5","1,3,7","4,6,8",7,4,7,5,7,6,7,6,5,5,7,7,7,7,7,7,5,7,7,6,5,5,5,7,7,7,7,7,3,7,7,7,7,4,4,5,6,5,4,6,4,7,6,6,7,6,7,6,6,3,6,7,2,7,7,7,7,6,4,4,4,7,7,7,7,7,7,7,7,7,7,6,4,7,5,6,5,5,5,6,6,5,6,5,6,5,6,2,7,5,7,5,7,5,6,6,6,6,6,3,2,7,7,7,2,6,6,2,6,3,5,5,5,7,7,7,5,6,5,7,7,2,5,6,7,7,7,7,5,7,7,3,7,3,6,5,7,6,7,7,6,5,2,6,5,6,7,5,5,6,7,6,3,6,6,7,7,6,6,7,5,5,6,5,5,5,6,6,7,6,7,7,6,3,5,7,6,6,7,5,6,5,5,5,6,7,7,6,3,2,2,7,3,5,5,5,5,NA,3,2,3,6,6,19,Male,White or Caucasian,3.7,Second year (Sophomore),YES,NA,700,710,33,190,8,49,8,52,8,47,8,56,8,38,10,60,10,55,10,70,10,55,6,33,6,31,5,30,5,26,3,14,5,21,4,26,3,16,3,16,12,70,12,73,12,59,TRUE,1,1,1,1,1,1,1,1,0,1,1,1,0,1,0,12,TRUE,1,1,1,1,1,1,1,1,0,0,0,0,0,0,0,0,0,0,0,0,1,0,0,0,1,0,0,0,0,0,0,1,0,0,1,1,1,1,0,0,0,0,0,0,0,0,0,0,4,248
280,100,32267,QPPQ,PRST,PWXQ,FGIJ,WXXW,CCRR,OPRQ,NA,VIJW,CLXC,XDBK,CGVZ,VEBT,NA,HJMQ,"2,5,3","8,7,6,4,1","6,4,2","8,7,5,3,1","7,4,1","8,6,5,3,2","8,6,3,2","7,5,4,1","8,7,4,2,5","3,6,1","8,5,4,2","7,6,3,1","7,8,5,3,1","6,4,2",2,NA,NA,NA,NA,NA,NA,NA,NA,NA,NA,NA,NA,NA,NA,NA,NA,NA,NA,NA,5,4,3,4,5,4,5,6,3,5,5,6,5,5,5,4,3,4,6,3,3,3,5,4,6,5,5,4,3,4,4,5,4,6,5,4,5,5,5,5,5,5,4,4,4,2,5,4,2,3,3,6,5,6,5,4,4,6,6,5,4,4,6,4,7,4,5,7,4,5,4,6,4,4,3,5,4,5,5,7,5,5,5,5,5,4,4,4,7,4,6,4,4,5,5,4,5,5,5,3,3,5,5,5,3,3,3,5,4,5,3,3,5,6,5,5,3,5,4,7,5,6,6,5,5,5,5,4,4,5,5,5,3,5,5,6,5,6,5,5,3,5,6,5,6,6,5,4,4,6,5,6,5,6,5,3,5,3,3,3,1,4,4,4,5,3,3,6,7,6,7,5,3,6,5,6,4,5,4,4,5,4,3,6,6,5,6,5,2,3,6,6,6,5,5,6,5,4,6,6,7,7,7,19,Female,Asian,3.5,Second year (Sophomore),YES,NA,760,800,33,166,8,36,8,38,8,31,8,37,8,40,10,36,10,51,10,50,10,48,6,28,6,27,5,24,5,21,3,9,5,20,4,21,3,12,3,18,12,41,12,64,12,55,TRUE,1,1,1,0,0,0,0,0,0,1,1,1,1,0,0,7,TRUE,1,1,1,1,1,1,1,1,1,1,1,1,1,1,0,0,0,0,0,0,0,0,0,0,0,0,0,0,0,0,0,0,0,0,1,1,1,1,1,1,1,0,0,0,0,0,0,0,7,229
282,100,2399,QPPQ,PRST,PWXQ,STWX,GFFG,QQBB,EGFH,BODQ,FUZG,CLXC,XDBK,CGVZ,ZIFX,GKHM,KGDB,"2,5,3","8,7,6,4,1","6,4,2","8,7,5,3,1","7,4,1","8,6,5,3,2","8,6,3,2","7,5,4,1","8,7,5,2,4","6,3,1","7,6,8,5,3,2,1,4",NA,"8,5,3,1","7,6,4,2","7,5,1","6,8,4,3,2","8,1","5,2,4","7,6,3","3,1","7,4","6,5,8,2","4,6","3,5,1","7,8,2","4,3,7","1,5,2","8,6",NA,"2,1",NA,NA,NA,NA,6,5,6,4,6,6,6,5,5,5,5,4,5,6,5,5,5,5,4,4,5,5,5,5,6,5,5,6,3,6,6,5,6,5,4,2,5,5,4,5,4,6,5,5,5,3,6,5,3,4,4,6,6,5,6,5,6,7,6,6,6,5,6,5,6,5,6,6,6,6,6,5,4,6,3,7,4,3,5,6,6,4,6,5,5,4,4,3,7,4,4,4,5,6,6,5,4,5,6,3,3,5,3,5,4,2,3,2,4,4,3,4,5,7,6,6,2,2,4,6,4,4,3,5,3,4,3,5,6,5,5,5,4,3,3,6,4,4,5,4,3,5,3,5,5,6,4,3,5,6,3,5,5,4,5,5,6,2,2,3,3,5,5,5,5,4,3,5,5,6,3,4,5,4,5,5,4,6,7,5,5,4,5,6,6,5,4,5,5,6,6,5,3,4,5,5,6,5,5,3,4,5,5,20,Male,White or Caucasian,4.148,Third year (Junior),YES,35,NA,NA,33,144,8,44,8,40,8,38,8,45,8,34,10,46,10,59,10,57,10,49,6,28,6,26,5,26,5,19,3,9,5,17,4,24,3,8,3,14,12,48,12,59,12,62,TRUE,1,1,1,1,1,1,1,1,1,1,1,1,0,1,0,13,TRUE,1,1,1,1,1,1,1,1,1,1,0,0,0,0,0,0,0,0,0,1,1,1,1,1,1,0,0,1,0,1,0,0,0,0,1,1,1,1,1,0,0,0,0,1,1,0,0,0,7,244
283,100,4793,QPPQ,PRST,PWXQ,STWX,GFFG,QQBB,EGFH,BODQ,FUZG,CLXC,TNLL,CAEZ,VEBT,AFBG,KIFB,"2,5,3","1,8,7,6,4","6,4,2","8,7,5,3,1","7,4,1","8,6,5,3,2","8,6,3,2","7,5,4,1","8,7,5,4,2","6,3,1","4,7,8,5,2","6,1,3","5,4,7,3,2,1","8,6","8,5,3,2,1","7,6,4","6,3","7,5,4,2","1,8","1,3","5,8,7,4","6,2","4,6","3,1,5","2,7,8","5,7,2","4,3,1","8,6","1,7,4","2,8,5","3,6","2,5","3,7,8","1,6,4",6,6,6,6,6,4,6,5,4,6,6,6,6,4,4,4,4,4,6,6,6,6,6,6,6,6,6,6,3,6,6,6,6,4,4,5,3,3,3,6,6,7,7,7,7,7,7,7,7,7,7,7,7,7,7,7,7,7,7,7,7,7,7,7,7,7,7,7,7,7,7,7,7,7,7,7,7,7,7,7,7,4,5,6,6,3,5,6,7,6,5,6,6,6,5,6,6,5,5,3,3,6,5,5,6,6,5,3,6,5,3,5,6,6,6,6,6,6,6,6,6,3,7,7,7,7,1,7,7,7,7,7,7,7,7,7,7,7,7,7,7,7,7,7,7,6,7,6,7,1,7,6,6,7,6,1,1,1,1,1,1,1,1,2,3,2,3,5,1,5,7,5,6,3,4,3,3,4,7,7,7,7,7,7,7,7,7,7,3,7,7,6,6,6,6,6,6,5,7,7,7,7,7,20,Female,Asian,4,Fourth year (Senior),NO,NA,NA,NA,33,214,8,45,8,40,8,44,8,48,8,34,10,70,10,70,10,70,10,70,6,29,6,35,5,27,5,22,3,17,5,22,4,24,3,18,3,15,12,18,12,53,12,80,TRUE,1,1,1,1,1,1,1,1,1,1,0,0,1,0,1,12,TRUE,1,1,1,1,1,1,1,1,1,1,0,0,0,0,0,0,0,0,1,1,0,0,1,1,1,1,1,1,0,0,0,1,1,1,1,1,1,1,1,0,0,0,0,0,1,1,0,1,8,250
284,100,2453,QPPQ,PRST,PWXQ,STWX,GFFG,QQBB,EGFH,BODQ,FUZG,NA,NA,NA,NA,NA,NA,"3,5,2","1,4,7,6,8","6,4,2","8,7,5,3,1","7,4,1","8,6,5,2,3","8,6,3,2","7,5,4,1","8,7,5,4,2","6,3,1","7,5,3,2","8,6,4,1","8,6,5,3,1","7,4,2","8,3,7,1,2","6,5,4",NA,NA,NA,"8,1","7,6,5","2,4,3","4,6","5,3,1","7,8,2",NA,NA,NA,NA,NA,NA,5,3,1,5,6,4,5,7,7,7,5,2,2,2,5,4,7,2,2,4,3,4,3,4,2,3,4,7,6,7,7,3,7,7,6,7,4,4,7,2,1,2,4,2,5,6,2,6,3,5,3,1,2,2,7,7,5,4,2,3,7,4,7,1,5,5,6,4,4,7,6,4,5,4,3,5,4,1,7,2,4,4,7,4,3,5,2,3,3,3,2,7,2,2,3,2,3,5,5,5,3,5,3,6,5,5,5,3,7,7,2,2,2,2,2,3,7,2,7,6,6,6,7,3,5,6,6,6,3,6,4,6,1,2,6,3,5,5,6,5,6,7,5,5,6,2,2,7,7,5,3,3,3,5,5,7,5,5,6,5,6,3,1,1,2,2,6,5,3,2,6,6,2,6,1,1,3,5,6,6,5,1,6,6,6,3,3,7,5,6,6,2,5,3,5,2,2,5,1,5,4,7,7,4,7,3,18,Male,White or Caucasian,3,First year (Freshman),YES,NA,700,770,33,158,8,46,8,26,8,27,8,54,8,26,10,35,10,47,10,50,10,41,6,19,6,14,5,23,5,24,3,17,5,10,4,19,3,18,3,15,12,42,12,48,12,58,TRUE,1,1,1,1,1,1,1,1,1,0,0,0,0,0,0,9,TRUE,1,1,1,1,1,1,1,1,1,1,0,0,0,0,0,0,0,0,0,0,0,0,1,1,1,0,0,0,0,0,0,0,0,0,1,1,1,1,1,0,0,0,0,0,1,0,0,0,6,235
286,100,2794,QPPQ,PRST,PWXQ,STWX,GFFG,QQBB,IJLK,HJPR,FUZG,CLXC,XDBK,CGVZ,KXVH,GKHM,DFIM,"2,3,5","8,7,6,4,1","6,4,2","8,7,5,3,1","1,7,4","6,8,5,3,2","8,6,2,3","7,5,4,1","8,7,2,5,4","6,3,1","8,4,2,1","7,6,5,3","8,7,5,3,1","6,4,2","6,5,1","8,7,4,3,2",NA,NA,NA,NA,NA,NA,NA,NA,NA,"4,6","1,5,3,7,8",2,"5,1","4,6,2","3,7,8","5,2","3,8,7","1,6,4",5,7,5,4,5,5,2,5,5,5,3,5,5,6,3,3,5,6,5,5,3,5,6,6,6,5,6,6,3,5,6,6,6,6,6,6,6,5,6,6,5,7,6,7,7,7,7,6,7,7,7,7,7,7,7,6,7,7,6,7,7,7,7,7,6,7,7,7,7,7,7,7,7,7,7,7,7,7,7,7,7,5,5,5,5,5,5,5,7,5,6,5,6,5,6,6,5,5,3,3,5,5,3,3,4,3,5,5,5,5,5,5,4,6,3,7,5,3,5,6,6,5,6,5,6,6,5,5,6,6,6,6,6,6,6,6,5,6,6,5,6,5,6,6,5,6,6,5,5,5,6,6,5,6,5,6,5,2,1,2,1,3,2,1,2,2,2,7,7,6,1,7,2,2,5,3,3,1,4,6,7,5,5,6,7,7,5,6,5,7,3,6,2,6,6,6,7,7,7,2,6,6,7,18,Male,Asian,NA,First year (Freshman),YES,NA,760,800,33,186,8,38,8,35,8,41,8,46,8,46,10,68,10,68,10,69,10,70,6,30,6,32,5,25,5,19,3,12,5,25,4,20,3,13,3,17,12,29,12,48,12,69,TRUE,1,1,1,1,1,1,0,0,1,1,1,1,0,1,0,11,TRUE,1,1,1,1,1,1,1,1,1,1,0,0,1,1,1,1,0,0,0,0,0,0,0,0,0,0,0,0,0,0,0,1,1,1,1,1,1,1,1,0,1,1,0,0,0,0,0,1,8,241
287,100,3380,QPPQ,PRST,PWXQ,STWX,GFFG,QQBB,EGFH,BODQ,FUZG,CLXC,VEGV,CIOZ,ZIFX,GKHM,HJMQ,"5,3,2","6,8,7,4,1","4,6,2","8,7,5,3,1","7,4,1","6,8,5,3,2","2,8,3,6","4,5,7,1","7,8,2,5,4","6,3,1","4,5,1","3,2,7,8,6",NA,NA,NA,NA,NA,NA,NA,"3,1","7,4","5,2,6,8","4,6","1,3,5","2,8,7","7,2,5","4,3,1","8,6",NA,NA,NA,"5,2","7,3,8","4,1,6",3,6,6,7,5,6,6,4,4,7,6,5,5,5,3,5,5,6,7,6,3,5,7,7,5,5,7,6,3,7,5,7,7,6,6,7,6,6,7,6,6,7,7,7,7,6,5,5,5,5,7,6,7,3,5,2,5,5,3,7,6,6,6,5,7,4,7,4,7,6,7,5,4,7,2,4,5,2,4,7,5,6,6,5,6,2,2,1,7,3,6,3,7,7,7,7,7,7,7,2,3,6,6,5,6,5,6,1,3,2,1,5,5,7,7,7,6,6,6,6,3,1,2,5,2,5,3,7,6,6,5,7,3,4,5,7,5,5,6,5,3,5,5,6,6,2,3,3,6,6,2,5,6,3,2,7,7,6,6,3,2,5,5,6,5,6,6,7,6,6,7,7,6,1,6,7,5,4,1,5,6,6,5,6,7,7,7,7,3,7,6,7,6,5,7,6,6,6,7,7,7,7,7,21,Female,White or Caucasian,3.78,Fourth year (Senior),NO,NA,NA,NA,33,151,8,43,8,40,8,46,8,49,8,50,10,61,10,49,10,59,10,45,6,27,6,27,5,35,5,22,3,17,5,12,4,26,3,18,3,10,12,64,12,63,12,72,TRUE,1,1,1,1,1,1,1,1,1,1,0,0,0,1,0,11,TRUE,1,1,1,1,1,1,1,1,1,1,0,0,0,0,0,0,0,0,0,1,1,1,1,1,1,1,1,1,0,0,0,1,1,1,1,1,1,1,1,0,0,0,0,1,1,1,0,1,9,240
288,100,2143,QPPQ,PRST,PWXQ,STWX,GFFG,QQBB,EGFH,BODQ,FUZG,CLXC,XDBK,CGVZ,VEBT,GKHM,HJMQ,"5,3,2","8,7,6,4,1","6,4,2","8,7,5,3,1","7,4,1","6,8,5,3,2","8,6,3,2","7,5,4,1","8,7,5,2,4","6,3,1",NA,NA,NA,NA,NA,NA,NA,"5,4,2",NA,"1,3","7,4","8,6,5,2","4,6","1,3,5","2,7,8","2,5,7","3,4,1","6,8","5,7","1,2","3,8,6,4","2,5","7,8,3","1,6,4",6,5,6,6,7,7,6,6,5,6,4,6,6,6,5,6,5,6,6,6,4,5,6,6,5,6,6,5,3,5,6,5,5,7,6,5,5,6,7,6,6,7,6,5,6,4,6,5,5,5,4,7,6,7,6,5,7,7,5,6,5,5,6,5,6,5,6,6,6,5,5,5,5,6,1,6,5,4,3,6,5,6,6,6,7,5,6,3,7,5,6,6,6,6,5,5,5,5,6,2,1,2,2,1,2,2,2,2,2,4,4,2,6,7,7,6,3,4,3,7,6,6,6,5,6,6,7,2,4,6,5,6,7,5,6,5,6,6,6,6,2,5,3,6,7,7,7,4,5,7,6,6,5,7,7,7,7,1,1,3,2,1,6,4,3,3,3,5,2,6,6,5,6,3,5,2,6,7,7,6,6,5,6,7,7,6,6,6,6,7,7,7,7,6,6,7,6,7,6,5,7,7,7,19,Female,Hispanic or Latino,3.7,Second year (Sophomore),NA,NA,760,790,33,184,8,49,8,44,8,44,8,43,8,48,10,53,10,61,10,55,10,46,6,36,6,32,5,26,5,8,3,6,5,14,4,26,3,10,3,19,12,41,12,60,12,75,TRUE,1,1,1,1,1,1,1,1,1,1,1,1,1,1,0,14,TRUE,1,1,1,1,1,1,1,1,1,1,0,0,0,0,0,0,0,0,0,1,1,1,1,1,1,1,1,1,0,1,0,1,1,1,1,1,1,1,1,0,0,0,0,1,1,1,0,1,9,242
289,100,2319,QPPQ,PRST,PWXQ,STWX,GFFG,QQBB,EGFH,BODQ,FUZG,CLXC,XDBK,CGVZ,VEBT,RWSX,HJMQ,"5,3,2","1,4,6,8,7","6,4,2","8,5,7,3,1","7,4,1","8,6,5,3,2","8,6,3,2","7,5,4,1","2,4,6,7,8","3,5,1","8,7,5,4,3,2,1",6,"8,5,3,2,1","7,6,4","3,8,2,1","7,5,6,4","2,1","6,4,7,5","8,3","3,1","4,7","8,5,6,2","6,4","5,3,1","2,8,7","6,4","1,7","3,8,5,2","2,1",3,NA,NA,NA,NA,7,4,7,6,7,6,4,7,3,5,5,5,5,5,6,3,6,4,6,4,4,5,6,5,7,5,7,7,3,7,6,7,6,5,7,4,4,7,5,5,3,7,6,6,7,5,7,5,4,5,7,7,7,6,7,7,7,7,4,7,6,6,7,6,7,6,6,5,6,5,6,6,4,5,2,5,4,3,4,6,5,5,7,5,6,5,5,7,7,3,5,7,5,5,6,5,6,3,3,3,3,5,5,4,5,5,5,5,5,5,6,6,5,6,6,6,7,6,6,6,7,7,2,5,7,5,6,6,4,5,5,6,3,5,6,6,5,5,5,6,5,5,6,6,7,7,6,6,4,6,5,7,6,5,6,6,3,2,2,5,5,2,2,2,2,3,3,7,6,7,7,5,2,2,3,7,7,3,6,5,5,3,5,6,6,6,7,6,2,3,3,6,3,6,6,5,6,5,6,3,6,6,6,18,Male,two or more races,NA,First year (Freshman),YES,NA,800,750,33,179,8,48,8,37,8,40,8,52,8,40,10,59,10,65,10,60,10,44,6,33,6,32,5,23,5,20,3,15,5,27,4,23,3,19,3,20,12,37,12,62,12,57,TRUE,1,1,1,1,1,1,1,1,1,1,1,1,1,0,0,13,TRUE,1,1,1,1,1,1,1,1,0,0,0,0,0,0,0,0,0,0,0,1,1,1,1,1,1,0,0,0,0,0,0,0,0,0,1,1,1,1,0,0,0,0,0,1,1,0,0,0,6,246
290,100,2097,MLMM,PRST,PWXQ,STWX,GFFG,QQBB,EGFH,BODQ,FUZG,CLXC,PFCC,CGVZ,NA,GKHM,NA,"2,5,3","4,1,8,7,6","6,4,2","7,8,5,3,1","7,4,1","8,5,6,3,2","8,6,3,2","7,5,4,1","8,7,5,4,2","6,3,1","8,6,5,4,3,1","7,2","7,8,5,3,1","6,4,2","7,8,3,2","4,6,5,1","2,1","5,4,3","8,7,6","1,3","6,4","7,5,2,8","4,6","3,1,5","7,8,2","2,7,5","3,4,1","8,6","3,7,6","1,2","4,5,8",2,NA,NA,6,5,4,4,7,7,4,6,3,4,6,6,5,4,6,2,6,3,6,5,4,4,5,7,5,5,5,5,3,5,6,6,7,6,5,5,6,7,6,6,6,6,6,4,6,4,6,5,5,4,4,7,6,6,6,6,7,7,6,7,6,6,7,6,7,7,6,6,5,6,6,6,4,6,2,6,4,3,6,5,6,6,5,5,4,5,5,5,7,5,6,5,5,6,6,6,6,6,6,3,4,6,5,3,5,5,5,3,6,6,5,6,5,6,6,6,4,4,4,7,5,2,6,5,5,6,5,4,5,6,3,6,4,3,3,6,5,6,3,6,2,6,4,3,7,6,6,5,4,6,5,6,5,6,6,6,5,5,4,5,3,5,5,4,5,4,4,7,6,7,7,6,6,5,3,6,6,6,6,6,6,6,6,4,5,6,6,6,5,4,5,6,4,5,5,5,5,5,6,6,7,7,7,19,Female,Asian,NA,Second year (Sophomore),YES,NA,770,800,33,164,8,43,8,36,8,40,8,44,8,47,10,50,10,64,10,62,10,48,6,30,6,32,5,30,5,21,3,15,5,26,4,23,3,12,3,14,12,55,12,71,12,65,TRUE,0,1,1,1,1,1,1,1,1,1,0,1,0,1,0,11,TRUE,1,1,1,1,1,1,1,1,1,1,0,0,1,1,0,0,0,0,0,1,0,0,1,1,1,1,1,1,0,1,0,0,0,0,1,1,1,1,1,0,1,0,0,0,1,1,0,0,8,246
291,100,13120,QPPQ,PRST,PWXQ,BCEF,WXXW,DDSS,UVXW,KMTV,VIJW,CGCS,TNLL,CAUZ,ZIFX,EJFK,KGDB,"3,5,2","8,6,7,4,1","2,6,4","8,5,3,7,1","7,4,1","5,6,8,3,2","8,6,3,2","7,5,4,1","7,8,4,2","6,5,3,1","4,2,8,7,5,3,1",6,"8,4,2,1","7,6,5,3","7,8,6,4,3","5,1,2","4,1",2,3,NA,NA,2,NA,NA,NA,NA,NA,NA,NA,NA,NA,NA,NA,NA,5,4,7,4,7,5,4,5,3,5,5,4,5,5,5,4,5,6,7,5,5,6,6,5,5,6,6,7,3,6,7,6,7,5,6,6,6,5,4,7,6,7,5,7,7,5,7,5,3,5,5,7,6,5,5,5,6,7,7,7,7,6,6,6,6,6,6,6,6,6,6,7,6,6,7,7,7,5,6,5,7,7,5,6,5,5,4,3,7,7,7,6,5,5,7,6,5,5,3,3,4,3,5,3,3,5,5,3,5,4,3,3,6,7,6,6,5,4,7,6,6,2,7,6,6,7,7,7,4,7,6,7,5,5,5,7,5,7,5,7,7,6,6,6,7,6,7,7,6,6,7,7,7,7,4,5,6,3,3,4,3,6,5,3,5,3,5,7,6,7,7,7,6,4,5,7,7,7,7,5,6,3,5,5,3,7,7,5,5,3,3,7,5,5,5,5,5,6,6,5,5,6,6,21,Female,Asian,3.3,Fourth year (Senior),YES,NA,800,740,33,206,8,41,8,36,8,45,8,50,8,45,10,56,10,62,10,60,10,63,6,32,6,33,5,26,5,18,3,13,5,18,4,25,3,16,3,14,12,51,12,77,12,57,TRUE,1,1,1,0,0,0,0,0,0,0,0,0,0,0,0,3,TRUE,1,1,1,1,1,1,1,1,0,0,0,0,0,0,0,0,0,0,0,0,0,0,0,0,0,0,0,0,0,0,0,0,0,0,1,1,1,1,0,0,0,0,0,0,0,0,0,0,4,236
292,100,1546,QPPQ,PRST,PWXQ,PQST,GFFG,QQBB,EGFH,BODQ,FUZG,CLXC,XDBK,CGVZ,VEBT,GKHM,KGDB,"2,3,5","1,7,8,6,4","6,4,2","7,8,1,5,3","7,4,1","8,6,5,3,2","2,3,6,8","5,7,4,1","4,8,5,7,2","6,1,3","6,8,2,4,5,7,1",3,"3,5,2,1","8,7,6,4","1,6,4,8","3,2,5,7","3,1","7,5,2,4","6,8","3,1","7,4","8,6,5,2","4,6","5,1,3","2,8,7","4,1,7","2,3,8,5",6,7,"3,6,1,4,8","5,2","2,5","8,7,3,6","4,1",6,6,7,7,7,6,6,3,6,7,4,5,6,5,6,3,5,6,7,4,6,6,6,6,6,6,7,5,3,6,6,6,7,4,4,4,4,4,4,4,4,7,7,7,7,5,7,7,4,6,5,7,7,7,6,4,7,7,7,7,6,7,7,7,7,7,7,7,7,7,7,5,4,6,3,6,5,5,5,7,6,3,4,3,3,3,3,3,7,3,5,3,3,5,4,6,5,5,4,7,7,7,7,6,7,7,7,3,4,4,6,4,3,7,5,6,6,6,4,7,2,3,3,5,3,4,3,5,4,3,3,5,1,4,3,5,5,5,4,4,3,4,5,3,6,5,3,3,4,3,4,5,6,5,3,6,5,2,2,5,6,6,7,6,5,5,5,5,6,5,5,4,5,2,3,5,5,5,4,3,4,5,5,6,3,5,5,5,2,3,5,3,3,4,3,3,4,4,3,3,5,3,3,19,Female,Asian American,3.8,Second year (Sophomore),YES,34,NA,NA,33,131,8,48,8,42,8,46,8,49,8,32,10,62,10,65,10,70,10,52,6,19,6,22,5,24,5,34,3,21,5,21,4,21,3,16,3,12,12,60,12,54,12,51,TRUE,1,1,1,0,1,1,1,1,1,1,1,1,1,1,0,13,TRUE,1,1,1,1,1,1,1,1,1,1,0,0,0,0,0,0,0,0,0,1,1,1,1,1,1,0,0,0,0,0,0,1,0,0,1,1,1,1,1,0,0,0,0,1,1,0,0,0,7,250
293,100,155708,QPPQ,PRST,FVZG,CDFG,LMML,QQBB,EGFH,BODQ,COPD,JCVC,VEGV,CIOZ,KXVH,AFBG,LHEC,"5,3,2","6,4,7,8,1","6,4,2","7,8,5,3,1","3,6,2","8,7,5,4,1","6,4,3,1","8,7,5,2","8,7,5,2","6,4,3,1","5,3,2,1","8,7,6,4","7,4,5,3,1","8,6,2","5,3,1,2","8,7,6,4",1,"2,7,4,3,5,6",8,"2,1","6,8,7,4,3",5,"2,1","8,7,5","4,3,6","1,2,5","3,4","8,6,7","1,2,6","3,4,7","8,5","1,4,5,7","3,6",2,7,7,7,7,7,7,7,7,7,7,6,7,5,6,6,6,6,6,7,7,5,6,4,7,6,5,6,6,3,6,5,6,6,4,5,7,7,7,7,6,6,7,7,6,6,4,7,5,6,5,7,6,6,6,6,5,6,7,6,7,7,6,6,6,7,6,7,7,6,6,6,7,4,6,2,6,6,5,6,7,6,5,6,5,5,3,3,6,7,5,6,4,6,6,5,6,6,3,5,5,3,4,5,5,6,5,5,5,5,5,5,5,7,6,6,6,6,7,4,6,7,5,6,7,5,6,3,6,7,5,7,7,6,7,6,7,5,7,6,6,6,7,5,6,6,6,5,5,5,6,5,6,6,5,2,6,7,2,2,2,2,4,5,3,1,2,2,6,4,6,6,7,5,3,4,3,3,5,1,7,7,6,3,7,7,7,7,7,6,6,6,7,7,5,5,6,6,6,6,5,6,6,6,20,Female,Hispanic or Latino,3.8,Third year (Junior),YES,31,NA,NA,33,190,8,56,8,50,8,48,8,46,8,49,10,60,10,62,10,63,10,55,6,27,6,33,5,25,5,22,3,16,5,25,4,25,3,17,3,18,12,38,12,53,12,76,TRUE,1,1,0,0,0,1,1,1,0,0,0,0,0,0,0,5,TRUE,1,1,1,1,0,0,0,0,0,0,0,0,0,0,0,0,0,0,0,0,0,0,0,0,0,0,0,0,0,0,0,0,0,0,1,1,0,0,0,0,0,0,0,0,0,0,0,0,2,250
295,100,1491,QPPQ,PRST,PWXQ,STWX,GFFG,CCRR,EGFH,BODQ,FUZG,CLXC,XDBK,CGVZ,MZXJ,GKHM,KGDB,"5,3,2","8,7,6,4,1","6,4,2","8,7,5,3,1","7,4,1","8,6,5,3,2","8,6,3,2","7,5,4,1","8,7,5,4,2","6,3,1",NA,NA,NA,NA,NA,NA,NA,NA,NA,"3,1","8,7,4","6,2,5","4,6","1,5,3","2,8,7","2,7,5","1,3,4","6,8","3,6,7","1,2","4,8,5","2,5","3,8,7","1,6,4",7,7,6,4,7,7,5,6,4,7,4,5,5,6,5,7,7,5,7,6,7,7,5,7,7,7,7,7,3,7,7,7,7,7,7,5,7,7,7,7,7,7,7,7,7,5,7,4,2,4,3,7,7,7,7,7,7,7,7,7,7,7,7,7,7,7,7,7,7,7,7,7,7,7,5,7,7,5,7,7,7,5,7,3,4,4,4,6,7,5,5,5,5,4,5,6,4,4,3,4,4,5,4,6,4,3,4,6,6,5,5,5,5,7,7,7,5,2,5,6,7,2,7,3,5,7,6,7,7,7,7,6,7,7,7,7,5,6,5,5,4,6,6,6,6,6,6,6,4,5,5,6,6,6,4,4,5,1,1,3,1,3,2,2,3,2,2,7,7,7,7,3,4,3,4,6,6,6,4,6,6,5,7,6,6,7,7,6,3,4,5,6,6,6,6,6,6,6,6,6,6,6,6,18,Female,two or more races,NA,First year (Freshman),YES,NA,800,800,33,193,8,49,8,43,8,51,8,56,8,54,10,53,10,70,10,70,10,66,6,27,6,30,5,22,5,23,3,11,5,27,4,26,3,12,3,15,12,29,12,64,12,68,TRUE,1,1,1,1,1,0,1,1,1,1,1,1,0,1,0,12,TRUE,1,1,1,1,1,1,1,1,1,1,0,0,0,0,0,0,0,0,0,1,0,0,1,1,1,1,1,1,0,1,0,1,1,1,1,1,1,1,1,0,0,0,0,0,1,1,0,1,8,241
297,100,1479,QPPQ,FGHI,PWXQ,FGIJ,GFFG,DDSS,OPRQ,KMTV,COPD,JCVC,VEGV,CGVZ,MZXJ,AFBG,KIFB,"2,5,3","6,8,4,1,7","6,4,2","8,7,5,3,1","7,4,1","8,6,5,3,2","8,6,3,2","7,5,4,1","8,7,5,4,2","6,3,1","7,5,3,2","8,6,4,1","8,7,5,3,1","6,4,2","8,6,3,1","7,5,4,2","7,8,3","5,2,4","6,1","3,1","7,4","2,6,5,8","6,4","5,1,3","7,8,2","5,2,8,7","1,4","3,6","8,7,3,6","2,1","5,4","2,5","3,7,8","1,4,6",7,7,7,7,7,7,7,7,5,7,7,6,7,6,7,6,3,4,4,6,1,2,2,4,5,4,6,6,3,6,5,5,5,7,5,5,5,6,5,5,6,7,7,7,7,2,7,7,2,4,2,7,4,7,7,7,7,7,7,5,6,7,7,7,7,7,7,7,7,7,7,7,6,7,7,7,6,6,5,7,7,5,6,5,3,5,3,6,7,3,3,5,6,5,5,5,6,5,5,2,5,7,5,6,7,6,6,3,5,3,6,4,5,6,6,6,5,2,3,7,7,7,7,2,7,5,2,1,5,7,3,7,7,3,5,7,1,6,5,3,2,4,3,1,7,7,3,1,5,5,5,4,6,3,2,5,5,2,2,4,5,3,6,7,7,5,4,3,5,7,7,5,4,6,1,7,7,7,7,5,3,2,2,5,4,6,6,6,1,3,1,6,7,6,6,7,6,5,7,7,7,7,7,19,Female,White or Caucasian,3.913,Second year (Sophomore),YES,35,NA,NA,33,141,8,56,8,51,8,26,8,42,8,44,10,52,10,64,10,70,10,65,6,27,6,28,5,26,5,25,3,19,5,21,4,23,3,10,3,21,12,55,12,66,12,44,TRUE,1,0,1,0,1,0,0,0,0,0,0,1,0,0,1,5,TRUE,1,1,1,1,1,1,1,1,1,1,0,0,1,1,0,0,0,0,0,1,1,1,1,1,1,0,0,0,1,1,1,1,1,1,1,1,1,1,1,0,1,0,0,1,1,0,1,1,10,250
298,100,1872,QPPQ,PRST,PWXQ,STWX,GFFG,QQBB,EGFH,BODQ,FUZG,CLXC,XDBK,CGVZ,XGDV,EJFK,HJMQ,"2,5,3","1,8,4,7,6","4,6,2","8,5,7,3,1","7,4,1","8,6,3,5,2","8,6,3,2","5,7,4,1","5,7,8,4,2","3,6,1","2,1",NA,"5,8,7,3,1","4,6,2",NA,NA,NA,NA,NA,"3,1,7","6,4","8,5,2","6,4","1,5,3","8,2,7","2,7,5","1,4,3","6,8",NA,NA,NA,"2,5","3,7,8","1,4,6",5,6,5,5,5,5,4,7,7,7,5,7,7,7,7,7,4,4,3,3,5,2,5,7,5,6,6,7,3,6,6,7,6,7,4,7,7,5,4,6,6,7,7,7,7,5,7,3,5,5,4,7,4,1,6,4,7,7,4,6,3,3,4,6,5,5,6,5,7,7,5,4,7,7,2,7,1,3,6,3,5,4,6,5,5,4,4,6,7,1,4,6,5,7,5,6,6,4,2,2,4,4,2,2,5,1,1,6,7,6,4,7,6,7,5,7,1,1,6,6,5,5,6,4,4,7,7,7,4,4,4,4,5,4,4,7,6,6,5,6,3,4,4,4,1,7,7,2,1,7,5,6,4,5,7,6,5,1,1,6,2,2,4,2,5,5,4,4,4,4,6,6,7,2,2,7,7,7,6,4,5,5,4,6,6,7,6,5,5,6,7,5,4,4,6,5,6,6,5,5,6,7,7,19,Female,two or more races,4.053,Second year (Sophomore),YES,33,NA,NA,33,161,8,42,8,54,8,33,8,49,8,46,10,57,10,49,10,53,10,45,6,28,6,29,5,23,5,14,3,7,5,30,4,25,3,8,3,16,12,43,12,62,12,66,TRUE,1,1,1,1,1,1,1,1,1,1,1,1,0,0,0,12,TRUE,1,1,1,1,1,1,1,1,1,1,0,0,1,1,0,0,0,0,0,0,0,0,1,1,1,1,1,1,0,0,0,1,1,1,1,1,1,1,1,0,1,0,0,0,1,1,0,1,9,241
300,100,15104,QPPQ,PRST,PWXQ,STWX,BCCB,QQBB,EGFH,CERT,VIJW,CLXC,XDBK,CGVZ,ZIFX,GKHM,KIFB,"2,3,5","1,8,7,6,4","6,4,2","7,8,5,3,1","7,4,1","8,6,5,3,2","8,6,3,2","7,5,4,1","8,7,5,2,4","6,1,3",NA,NA,"8,5,2,3,6,1","7,4",NA,NA,NA,NA,NA,"3,1","7,4","6,8,5,2","6,4","3,5,1","2,8,7",NA,NA,NA,1,"2,6,4","3,5,7",NA,NA,NA,5,5,5,6,6,4,4,5,3,5,4,5,4,4,3,4,5,5,4,5,4,5,6,4,5,5,5,6,3,5,6,5,6,4,5,5,5,3,4,5,3,6,7,6,6,5,7,5,4,5,4,6,5,6,5,5,5,6,5,5,5,5,6,4,5,5,5,5,5,6,5,4,4,4,3,6,4,5,5,2,2,5,6,3,4,3,3,5,7,5,5,5,5,5,5,5,5,5,5,5,4,5,4,4,5,4,5,4,4,5,3,5,5,6,6,5,3,3,6,5,3,3,5,5,3,4,5,4,3,5,5,7,5,4,5,6,5,6,5,6,3,6,3,5,5,6,5,5,4,3,5,5,5,6,6,5,5,5,3,3,5,6,4,4,5,6,5,6,5,4,5,5,5,2,3,5,5,1,6,4,5,6,5,4,5,5,4,6,3,3,3,5,4,5,4,5,5,4,5,3,5,5,6,18,Female,Asian,NA,First year (Freshman),YES,NA,730,760,33,160,8,40,8,32,8,38,8,43,8,34,10,55,10,53,10,51,10,39,6,24,6,30,5,25,5,22,3,14,5,21,4,22,3,12,3,11,12,56,12,52,12,53,TRUE,1,1,1,1,0,1,1,0,0,1,1,1,0,1,1,11,TRUE,1,1,1,1,1,1,1,1,1,1,0,0,0,0,0,0,0,0,0,1,1,1,1,1,1,0,0,0,0,0,0,0,0,0,1,1,1,1,1,0,0,0,0,1,1,0,0,0,7,237
301,100,113856,QPPQ,NA,PWXQ,CDFG,GFFG,QQBB,EGFH,BODQ,FUZG,CLXC,XDBK,CGVZ,VEBT,PSQT,HJMQ,"2,3,5","6,7,8,4,1","7,6,2,4","8,5,3,1","7,4,1","8,5,6,3,2","2,8,6,3","7,5,4,1","3,7,5","8,6,4,2,1","7,8,3,4,2,1","5,6","8,4,2,5,3,1","7,6","8,7,5,2","6,1,4,3","2,1","5,7,4,3","8,6","1,3","5,8,7,4","6,2","4,6","1,5,3","2,8,7","2,5,7","1,4,3","8,6","1,7,8","2,4,6","3,5","5,2","3,7,8","1,4,6",5,7,6,7,7,6,6,6,6,7,7,4,7,7,7,6,5,6,7,7,5,4,7,5,4,6,6,3,3,6,5,5,3,3,4,5,7,7,7,6,5,7,6,6,6,5,6,6,3,3,3,5,4,7,6,3,5,7,7,7,5,4,5,5,5,4,4,6,5,5,7,6,5,6,3,7,5,5,6,6,6,6,7,7,7,7,6,7,7,7,7,7,7,7,7,5,6,5,5,1,1,2,2,5,2,6,3,5,6,5,5,6,6,7,7,7,2,2,6,7,6,6,6,7,5,7,1,7,6,7,6,6,6,6,6,6,5,7,6,5,6,6,6,6,6,7,5,3,6,5,5,6,6,6,6,5,3,1,1,2,1,2,4,3,3,2,1,5,4,4,5,4,5,3,3,7,7,6,7,6,7,5,2,6,6,7,7,6,3,7,6,6,6,7,7,7,7,7,6,6,7,7,7,21,Female,White or Caucasian,3.73,Fourth year (Senior),YES,36,NA,NA,33,190,8,50,8,51,8,46,8,38,8,44,10,51,10,56,10,50,10,55,6,40,6,42,5,28,5,11,3,11,5,27,4,27,3,10,3,19,12,28,12,60,12,68,TRUE,1,0,1,0,1,1,1,1,1,1,1,1,1,0,0,11,TRUE,1,1,0,0,1,1,1,1,0,0,0,0,0,0,0,0,0,0,0,1,0,0,1,1,1,1,1,1,0,0,0,1,1,1,1,0,1,1,0,0,0,0,0,0,1,1,0,1,6,249
307,100,461637,QPPQ,PRST,FVZG,CDFG,GFFG,QQBB,EGFH,FHXZ,SEFT,JCVC,TNLL,CIOZ,VEBT,RWSX,DFIM,"2,5,3","8,4,7,6,1","6,4,2","8,7,5,3,1","7,4,3","8,6,5,2,1","3,8,6,4","7,5,2,1","8,6,5,4","7,1,3,2","8,4,2,1","6,7,5,3","6,4,3,2,1","8,7,5","7,5,3,1","8,6,4,2","1,6","3,7","8,2,5,4",NA,NA,NA,NA,NA,NA,NA,NA,NA,"2,7,6",1,"4,5,8,3","5,2","3,8","1,6,4,7",6,7,6,6,6,6,4,6,6,7,6,5,6,6,6,6,5,5,7,6,5,5,5,6,5,6,6,5,3,6,6,6,6,5,5,5,6,6,4,5,5,7,5,5,6,2,6,5,2,4,6,7,6,7,6,6,6,6,6,6,4,5,6,5,6,6,4,5,5,5,5,7,6,7,2,7,6,5,6,7,6,5,6,5,5,5,5,5,7,5,5,6,6,6,6,6,6,7,6,2,2,6,5,6,5,5,5,5,6,2,5,5,5,7,5,6,4,5,6,7,6,6,5,6,6,6,5,6,5,5,5,5,3,6,5,6,6,6,6,6,3,3,6,3,5,6,6,6,2,5,5,6,2,6,5,6,5,1,1,5,5,6,6,7,3,2,2,3,2,5,3,3,2,2,2,3,6,6,6,2,6,5,5,5,7,6,6,6,1,2,2,5,5,6,6,6,6,6,6,6,7,6,7,19,Female,White or Caucasian,3.5,Second year (Sophomore),NO,NA,NA,NA,33,167,8,47,8,48,8,44,8,46,8,41,10,48,10,60,10,52,10,59,6,31,6,33,5,31,5,21,3,15,5,23,4,23,3,15,3,19,12,49,12,43,12,53,TRUE,1,1,0,0,1,1,1,0,0,0,0,0,1,0,0,6,TRUE,1,1,1,1,0,0,0,0,0,0,0,0,0,0,0,0,0,0,0,0,0,0,0,0,0,0,0,0,0,0,0,1,0,0,1,1,0,0,0,0,0,0,0,0,0,0,0,0,2,241
309,100,1791,QPPQ,PRST,PWXQ,STWX,GFFG,QQBB,EGFH,BODQ,FUZG,CLXC,NA,CGVZ,VEBT,EJFK,HJMQ,"5,3,2","8,7,6,4,1","3,4,5,7,2","6,8,1","8,1,3","4,6,5,7,2","8,2,3,6","5,7,4,1","5,2,8,3","6,7,1,4","5,4,3,1","6,8,7,2","2,8,5,1","4,7,3,6","2,7,8,5,1","6,4,3","6,8,1","5,7,4","2,3","3,1","2,7","4,8,6,5","6,3,4,7","5,1","2,8","1,4,8","7,3,6","5,2",NA,1,3,NA,NA,NA,5,5,7,6,7,7,6,5,5,5,5,5,4,5,6,5,5,5,7,3,4,4,4,5,5,4,6,6,3,5,5,5,6,3,3,4,5,2,5,5,4,7,4,6,5,5,7,7,5,6,3,7,7,7,7,7,7,7,7,7,7,7,7,6,7,6,7,7,7,6,6,5,6,7,2,7,5,4,5,7,7,5,5,3,6,4,4,2,7,2,3,2,4,3,3,5,4,4,5,4,4,7,4,5,7,7,7,3,5,4,3,6,6,7,6,6,2,3,6,7,5,7,7,5,6,7,7,6,5,5,5,3,3,6,6,5,7,6,3,7,7,7,7,7,3,7,7,6,3,6,5,7,6,7,6,6,5,3,4,3,2,2,4,5,5,4,4,4,5,5,7,5,5,5,5,5,3,7,7,5,7,5,5,5,6,6,6,6,4,5,5,7,4,5,6,7,6,6,6,4,6,6,7,20,Female,White or Caucasian,4,Third year (Junior),YES,32,NA,NA,33,190,8,48,8,40,8,37,8,42,8,31,10,55,10,70,10,66,10,55,6,27,6,16,5,21,5,24,3,21,5,21,4,25,3,11,3,19,12,47,12,63,12,65,TRUE,1,1,1,1,1,1,1,1,1,1,0,1,1,0,0,12,TRUE,1,1,0,0,0,0,1,1,0,0,0,0,0,0,0,0,0,0,0,1,0,0,0,0,0,0,0,0,0,0,0,0,0,0,1,0,0,1,0,0,0,0,0,0,0,0,0,0,2,245
310,100,9840,HGHH,PRST,PWXQ,STWX,QRRQ,CCRR,IJLK,BODQ,PABQ,CLXC,TNLL,CGVZ,KXVH,EJFK,KIFB,"5,3,2","7,8,6,4,1","6,4,2","8,7,5,3,1","7,4,3,1","8,6,5,2","7,6,3,2","8,5,4,1","8,6,5,4,3","7,2,1","8,5,4,3,1","7,6,2","8,7,5,4,2,1","6,3","8,7,5,3,1","6,4,2","6,3,1","7,4,2","8,5","3,1","7,6,5,2","8,4","6,4","5,3,1","2,8,7","4,3",1,2,NA,NA,NA,NA,NA,NA,4,5,5,5,4,5,5,5,5,6,5,4,5,5,5,4,6,5,5,5,5,6,4,5,5,6,5,7,3,5,5,5,5,5,6,6,6,6,6,6,5,7,6,7,7,5,6,7,6,7,6,7,7,6,6,6,7,6,7,7,6,5,7,6,6,7,7,6,7,6,6,6,6,6,5,6,5,5,6,4,7,5,6,5,6,4,5,4,7,5,5,5,7,6,5,5,5,5,5,5,5,5,5,5,5,6,5,4,5,5,6,6,5,5,6,5,5,6,6,6,5,5,6,5,6,5,2,6,6,5,6,7,6,6,5,6,4,6,5,6,6,6,6,5,6,5,5,6,5,6,5,6,6,6,2,6,6,4,4,5,2,5,5,4,5,2,3,4,3,5,4,5,4,2,3,4,3,5,4,6,6,5,6,6,6,6,6,6,4,6,6,6,4,5,6,6,6,6,6,5,6,6,7,20,Female,Hispanic or Latino,3.05,Fourth year (Senior),YES,13,730,710,33,179,8,38,8,39,8,41,8,43,8,46,10,64,10,65,10,63,10,56,6,31,6,32,5,25,5,25,3,16,5,26,4,21,3,17,3,16,12,51,12,46,12,69,TRUE,0,1,1,1,0,0,0,1,0,1,0,1,0,0,1,7,TRUE,1,1,1,1,0,0,0,0,0,0,0,0,0,0,0,0,0,0,0,1,0,0,1,1,1,0,0,0,0,0,0,0,0,0,1,1,0,0,0,0,0,0,0,0,1,0,0,0,3,244
311,100,2129,QPPQ,PRST,PWXQ,STWX,GFFG,QQBB,EGFH,HJPR,COPD,CLXC,XDBK,CGVZ,VEBT,RWSX,HJMQ,"2,5,3","6,8,1,4,7","6,4,2","8,7,5,3,1","7,4,1","8,6,5,3,2","8,2,3,6","7,5,4,1","8,7,5,4,2","6,3,1",NA,NA,1,2,NA,NA,NA,NA,NA,"3,1","7,4","2,5,6,8","4,6","3,1,5","8,2,7","2,7,5","1,4,3","6,8",NA,NA,NA,"5,2","3,7,8","1,4,6",7,7,7,6,7,7,3,6,4,3,6,7,5,5,4,3,3,3,6,3,4,5,4,5,7,7,7,7,3,7,7,7,7,7,2,2,2,2,2,2,2,7,7,7,7,4,7,4,4,5,5,7,7,7,7,7,7,7,7,7,5,5,6,6,6,5,6,7,5,7,6,3,5,6,2,6,5,5,3,6,5,2,2,2,4,2,1,3,7,1,2,2,3,6,6,6,6,6,6,4,5,5,4,5,6,6,6,5,3,5,5,6,4,6,6,6,5,6,3,5,6,2,5,6,5,4,6,5,3,5,5,2,6,3,5,4,6,5,4,6,6,2,3,5,4,6,6,3,2,7,5,6,5,4,5,6,6,3,3,6,5,5,5,5,5,5,5,3,5,2,2,4,6,2,1,4,4,4,1,5,5,6,6,6,6,6,6,6,6,6,3,7,3,2,2,5,2,NA,7,2,7,6,7,18,Female,White or Caucasian,4,Second year (Sophomore),YES,NA,740,790,33,154,8,50,8,37,8,33,8,56,8,21,10,57,10,68,10,59,10,46,6,13,6,17,5,30,5,23,3,18,5,24,4,22,3,14,3,13,12,59,12,38,12,67,TRUE,1,1,1,1,1,1,1,0,0,1,1,1,1,0,0,11,TRUE,1,1,1,1,1,1,1,1,1,1,0,0,0,0,0,0,0,0,0,1,1,1,1,1,1,1,1,1,0,0,0,1,1,1,1,1,1,1,1,0,0,0,0,1,1,1,0,1,9,239
312,100,2862,QPPQ,PRST,PWXQ,STWX,GFFG,QQBB,EGFH,BODQ,FUZG,CLXC,XDBK,CGVZ,VEBT,GKHM,LHEC,"2,3,5","1,8,6,7,4","2,4,6","5,7,8,3,1","7,4,1","3,2,5,6,8","2,8,6,3","7,4,5,1","8,5,2","4,7,6,3,1","5,8,2,4","3,7,6,1","1,7,4,2","5,3,6,8","6,5,1","8,7,4,2,3","2,8","5,7,4",6,NA,NA,NA,NA,NA,NA,NA,NA,NA,NA,NA,NA,NA,NA,NA,6,2,7,6,7,6,5,4,3,5,1,3,3,2,3,2,5,5,5,4,4,5,5,4,5,6,6,7,3,5,5,5,7,7,7,4,4,5,4,7,5,6,6,4,5,7,6,4,5,6,5,6,7,7,7,6,7,5,4,7,6,4,6,4,4,5,4,5,5,6,6,4,4,7,4,4,3,4,4,5,6,5,6,3,5,3,1,4,7,3,4,4,4,5,5,5,5,4,4,4,6,6,5,7,5,5,5,6,6,5,5,5,5,6,6,7,5,5,6,5,6,4,4,6,4,3,6,6,4,4,6,5,1,4,5,7,6,5,5,6,4,5,6,5,6,5,6,2,4,6,5,5,5,5,3,6,7,2,4,3,3,2,2,3,3,3,4,6,6,5,6,4,2,4,4,6,6,3,1,4,4,2,3,4,4,6,5,5,4,3,3,5,4,5,5,5,5,5,5,4,6,5,6,20,Male,two or more races,3.5,Second year (Sophomore),YES,NA,650,650,33,159,8,43,8,22,8,37,8,46,8,43,10,54,10,62,10,49,10,45,6,23,6,24,5,23,5,28,3,15,5,27,4,24,3,16,3,15,12,42,12,53,12,47,TRUE,1,1,1,1,1,1,1,1,1,1,1,1,1,1,0,14,TRUE,1,1,1,1,1,1,1,1,0,0,1,1,0,0,1,1,0,0,0,0,0,0,0,0,0,0,0,0,0,0,0,0,0,0,1,1,1,1,0,1,0,1,0,0,0,0,0,0,6,235
313,100,40077,QPPQ,PRST,PWXQ,STWX,GFFG,QQBB,EGFH,BODQ,FUZG,CGCS,XDBK,CGVZ,VEBT,GKHM,KIFB,"8,7,4,6,1","5,3,2","4,6,2","8,7,5,3,1","8,6,3,2,5","1,4,7","5,7,4,1","8,2,3,6","1,3,6","4,8,7,2,5","3,8,7,1","6,5,4,2","6,5,3,1","8,7,4,2","4,5,1,3","8,6,7,2","5,4","1,7","8,2,3,6","3,1,2","8,7","4,5,6","3,5,1","6,4","2,7,8","5,4","2,8,1","6,7,3","6,7,4","1,5","8,2,3","3,4,1","5,2","6,8,7",5,5,6,6,5,5,6,6,4,5,4,4,4,6,4,5,5,5,6,5,4,5,5,5,5,5,6,5,3,6,5,5,6,4,4,4,5,5,4,4,4,5,5,5,5,5,5,5,5,4,5,5,5,5,5,5,6,5,6,5,4,6,5,6,5,5,6,5,5,6,6,5,6,5,6,6,6,3,5,5,5,4,6,5,5,5,4,6,7,5,4,4,4,5,5,5,5,5,4,3,4,3,3,3,5,5,3,3,5,5,3,2,5,6,5,5,5,5,4,3,6,4,5,6,5,5,5,5,5,5,5,5,4,6,6,6,5,6,6,5,4,5,4,5,5,5,5,4,5,5,6,6,5,6,5,4,5,2,3,3,3,3,2,4,3,3,3,5,3,2,2,4,4,5,5,5,5,2,2,6,6,6,6,5,6,7,6,6,6,4,5,5,6,5,6,5,6,4,5,5,6,5,6,20,Male,White or Caucasian,NA,Second year (Sophomore),YES,NA,NA,NA,33,170,8,44,8,36,8,40,8,43,8,34,10,49,10,51,10,55,10,52,6,29,6,28,5,24,5,16,3,13,5,18,4,21,3,14,3,13,12,38,12,44,12,69,TRUE,1,1,1,1,1,1,1,1,1,0,1,1,1,1,1,14,TRUE,0,0,1,1,0,0,0,0,0,0,0,0,0,0,0,0,0,0,0,0,0,0,0,0,1,0,0,0,0,0,0,0,0,0,0,1,0,0,0,0,0,0,0,0,0,0,0,0,1,250
315,100,2460,QPPQ,PRST,PWXQ,CDFG,GFFG,QQBB,EGFH,NA,FUZG,CLXC,XDBK,NA,NA,NA,NA,"2,3,5","1,6,4,7,8","6,4,2","8,7,5,3,1","3,4,7,2","8,6,1,5","7,5,4,1","6,8,3,2","7,4,5,2","6,8,1,3","4,8,5,2","1,7,3,6","2,5,3,1","8,6,7,4","6,1,2,3","7,5,4,8","8,1","6,3,5,2","7,4","8,3,1","7,4","5,6,2","4,1","2,6,5","3,8,7","1,4","2,8,5","3,7,6",1,2,NA,NA,NA,NA,6,6,4,5,7,7,4,6,4,7,5,4,6,7,5,7,7,6,7,3,5,5,7,7,6,5,4,6,3,7,7,7,5,6,7,4,5,4,3,6,6,7,5,7,7,4,6,7,5,4,3,7,7,6,7,5,7,7,7,7,7,5,7,7,7,4,7,5,7,7,7,7,5,7,4,6,7,4,5,7,5,5,7,4,4,5,5,4,7,3,7,5,6,4,5,5,5,6,3,3,4,5,6,7,4,7,6,7,6,7,7,7,5,7,6,6,4,5,4,7,7,7,4,7,4,5,5,7,6,6,5,6,6,4,5,7,2,6,6,7,6,7,3,5,7,6,3,7,4,6,6,5,7,7,5,7,6,5,5,6,5,7,5,5,6,3,3,7,7,7,6,7,7,3,3,4,3,4,1,5,5,7,6,4,6,7,6,5,1,5,4,5,2,4,3,5,5,6,6,3,7,5,7,21,Female,Hispanic or Latino,3.1,Fourth year (Senior),YES,NA,580,660,33,182,8,45,8,45,8,47,8,47,8,41,10,55,10,67,10,63,10,57,6,30,6,29,5,24,5,25,3,17,5,34,4,24,3,13,3,21,12,63,12,59,12,61,TRUE,1,1,1,0,1,1,1,0,1,1,1,0,0,0,0,9,TRUE,1,1,1,1,0,0,0,0,0,0,1,1,0,0,0,0,0,0,0,0,1,0,0,0,0,0,0,0,0,0,0,0,0,0,1,1,0,0,0,1,0,0,0,0,0,0,0,0,3,241
316,100,1348,QPPQ,PRST,JVZK,STWX,QRRQ,NA,IJLK,FHXZ,VIJW,CGCS,ZAGZ,CGVZ,KXVH,AFBG,HJMQ,"3,5,2","1,8,7,6,4","2,4,7,1","6,8,5,3","8,6,4,1","7,5,3,2","6,7,3,1","8,4,5,2","7,8,4,1","5,6,3,2","7,6,4,1","8,5,2,3","8,5,3,1","7,6,4,2","8,4,5,2","7,6,3,1","8,1,2","7,3","4,6,5","5,8,1","3,2","7,6,4","6,4","3,5,1","8,7,2","1,3,5","2,7,6","8,4","1,6,2","5,7,8","3,4","2,5,7","3,8","1,4,6",7,7,4,1,5,1,1,7,2,1,2,1,1,7,1,4,7,4,7,1,5,7,7,7,7,4,5,7,3,7,5,4,5,7,7,7,7,1,3,5,5,7,7,7,7,7,7,6,2,2,1,7,7,7,7,7,7,7,4,7,4,7,7,7,7,7,7,7,7,7,7,7,7,7,7,7,7,7,7,7,7,5,7,4,7,7,4,7,7,7,7,5,5,7,4,7,3,3,4,1,1,7,7,1,2,3,3,5,5,7,4,7,7,7,7,7,7,7,7,7,7,7,5,7,7,4,5,7,7,5,7,7,7,3,5,7,7,7,7,4,7,7,3,6,7,7,4,7,6,7,5,7,7,7,7,4,2,5,2,6,4,3,2,4,6,5,5,7,7,7,7,7,4,1,7,7,7,7,7,7,5,2,2,7,5,5,3,7,3,5,1,5,7,7,3,7,6,5,7,7,7,7,7,21,Female,Asian,3.489,Second year (Sophomore),NO,NA,NA,NA,33,202,8,33,8,19,8,45,8,44,8,42,10,53,10,64,10,70,10,70,6,34,6,38,5,21,5,17,3,8,5,28,4,28,3,21,3,21,12,48,12,75,12,52,TRUE,1,1,0,1,0,0,0,0,0,0,0,1,0,0,0,4,TRUE,1,1,0,0,0,0,0,0,0,0,0,0,0,0,0,0,0,0,0,0,0,0,1,1,1,0,0,0,0,0,0,0,0,1,1,0,0,0,0,0,0,0,0,0,1,0,0,0,2,249
317,100,1764,QPPQ,PRST,PWXQ,CDFG,WXXW,QQBB,IJLK,CERT,COPD,JCVC,VEGV,CAUZ,KXVH,EJFK,LHEC,"5,3,2","8,7,6,4,1","6,4,2","8,7,5,3,1","7,4,1","8,6,5,3,2","8,6,3,2","7,5,4,1","8,7,5,4,2","6,3,1","8,7,6,5,4,2,1",3,"8,5,3,1","7,6,4,2","7,4,1","8,6,5,3,2","8,1","7,6,4,2,3,5",NA,3,"7,8,2","6,5,4,1","4,6","1,5,3","2,7,8","2,5,7","3,1,4","8,6","1,5,3","2,6","4,7,8","2,5","3,7,8","1,6,4",6,6,6,5,6,6,5,6,5,6,7,5,4,5,5,6,7,5,6,6,5,6,6,7,6,6,6,7,3,5,5,6,7,5,7,6,7,6,5,6,5,5,6,4,6,4,6,5,6,4,7,5,6,6,7,4,5,7,6,6,5,5,6,6,6,7,7,6,5,6,6,6,6,5,4,5,6,5,5,5,4,4,4,6,3,4,3,2,7,7,5,4,4,4,5,5,5,5,6,6,5,6,4,5,4,5,6,5,5,4,5,6,4,4,6,6,5,4,5,6,5,3,4,4,6,6,5,5,5,6,6,7,5,5,5,6,5,6,4,6,7,5,7,6,6,6,3,6,6,5,6,5,5,5,3,5,5,3,4,4,5,4,5,3,4,3,4,5,7,6,5,5,3,3,3,3,3,3,5,5,5,6,4,5,4,5,6,6,2,1,2,4,5,4,5,4,5,6,5,4,5,4,6,20,Male,Asian,3.3,Third year (Junior),NO,NA,NA,NA,33,177,8,46,8,43,8,48,8,48,8,47,10,53,10,57,10,60,10,51,6,24,6,26,5,26,5,26,3,15,5,25,4,20,3,14,3,14,12,49,12,51,12,51,TRUE,1,1,1,0,0,1,0,0,0,0,0,0,0,0,0,4,TRUE,1,1,1,1,1,1,1,1,1,1,0,0,0,0,0,0,0,0,0,0,0,0,1,1,1,1,1,1,0,0,0,1,1,1,1,1,1,1,1,0,0,0,0,0,1,1,0,1,8,249
318,100,2955,QPPQ,PRST,PWXQ,STWX,GFFG,DDSS,EGFH,FHXZ,PABQ,CLXC,XDBK,CGVZ,ZIFX,GKHM,DFIM,"5,2,3","6,8,7,4,1","4,6,2","8,7,5,3,1","4,7,1","8,6,5,3,2","6,8,3,2","5,7,4,1","5,4,2","8,7,6,3,1","2,1,5,6,4","8,7,3","4,3,2,1","5,7,6,8","2,1,4","8,6,7,5,3","1,3",7,NA,NA,NA,NA,NA,NA,NA,NA,NA,NA,NA,NA,NA,NA,NA,NA,5,5,6,4,5,6,5,6,4,5,5,5,5,5,5,5,5,5,5,5,4,4,5,7,7,6,7,6,3,7,6,5,6,4,4,2,5,5,6,7,6,6,6,6,6,2,6,4,3,3,4,7,7,7,7,7,7,7,5,7,7,5,6,5,7,5,5,5,7,7,7,7,4,7,3,6,5,5,6,5,7,6,7,6,6,6,6,6,7,6,6,6,7,7,6,6,6,6,6,2,2,3,3,2,5,4,5,2,4,4,4,4,6,7,5,7,2,2,4,5,5,5,6,6,6,5,6,6,5,6,6,5,6,5,7,6,6,6,6,6,6,7,5,6,6,5,5,5,5,7,5,7,5,6,5,5,4,4,4,3,2,4,4,5,4,3,3,6,7,6,6,5,4,6,4,6,2,4,7,6,6,3,3,7,7,7,7,6,4,6,6,5,5,6,6,6,5,6,6,5,6,6,7,18,Female,White or Caucasian,NA,Second year (Sophomore),YES,32,720,770,33,190,8,42,8,39,8,40,8,50,8,39,10,46,10,68,10,59,10,55,6,37,6,38,5,30,5,12,3,14,5,18,4,25,3,8,3,15,12,45,12,63,12,68,TRUE,1,1,1,1,1,0,1,0,0,1,1,1,0,1,0,10,TRUE,1,1,1,1,1,1,1,1,0,0,0,0,0,0,0,0,0,0,0,0,0,0,0,0,0,0,0,0,0,0,0,0,0,0,1,1,1,1,0,0,0,0,0,0,0,0,0,0,4,234
320,100,1797,QPPQ,PRST,PWXQ,STWX,GFFG,QQBB,EGFH,BODQ,FUZG,CLXC,XDBK,CGVZ,NA,PSQT,DFIM,"3,5,2","7,8,4,6,1","2,6,4","7,3,5,1,8","7,4,1","2,5,8,6,3","8,6,3,2","7,5,4,1","8,7,5,4,2","6,3,1","4,5,3,1","8,7,6,2","3,2,6,5,1","8,7,4",NA,NA,NA,NA,NA,"3,1","8,7,4","5,2,6",NA,NA,NA,"5,2,7","4,3,1","6,8","3,6,7,8","2,1","5,4","2,5","8,7,3","1,6,4",5,4,7,4,7,7,5,5,3,7,4,5,7,7,6,5,7,7,7,6,7,7,7,7,7,7,7,7,3,7,7,7,7,7,7,7,7,7,7,7,7,7,7,7,7,7,7,7,7,7,7,7,4,7,7,5,7,7,7,4,4,6,6,6,6,6,6,6,6,7,6,7,7,7,4,7,7,4,7,7,7,3,5,5,3,3,3,4,7,7,2,3,6,3,5,3,3,4,5,6,7,7,7,7,7,7,7,7,7,7,5,7,3,7,7,7,5,7,6,7,7,4,3,5,1,6,4,7,6,5,5,2,5,5,7,7,5,6,4,7,5,6,5,5,7,7,7,5,5,2,6,7,7,6,3,7,7,5,6,5,6,6,6,6,6,3,3,1,1,1,1,6,6,3,1,1,1,4,7,7,7,7,7,3,7,7,7,7,1,3,2,6,3,3,7,1,3,5,5,3,3,7,3,19,Female,White or Caucasian,3.842,Second year (Sophomore),YES,27,NA,NA,33,173,8,44,8,44,8,55,8,56,8,56,10,70,10,59,10,61,10,64,6,22,6,25,5,20,5,34,3,21,5,33,4,24,3,18,3,18,12,66,12,33,12,65,TRUE,1,1,1,1,1,1,1,1,1,1,1,1,0,0,0,12,TRUE,1,1,1,1,1,1,1,1,1,1,0,0,0,0,0,0,0,0,0,1,0,0,0,0,0,1,1,1,1,1,1,1,1,1,1,1,1,1,1,0,0,0,0,0,0,1,1,1,8,241
321,100,1461,TTTU,FGHI,PWXQ,FGIJ,LMML,AAPP,ABDC,FHXZ,SEFT,JCVC,VEGV,CEIZ,XGDV,GKHM,LHEC,"3,2,5","4,8,7","2,4,5","6,8,1","7,3,1","5,2,6","3,2,6","8,5,1","4,1,6","7,3,5","5,4,1","6,2,3","7,8,1","6,2,4","4,6,2","8,5,3","4,1,2","8,5,3","6,7","8,3,4","5,1,2","6,7","5,6","2,3,1","4,8,7","2,4,5","6,1,3","7,8","1,6,2","3,4","7,8,5","1,4","3,2,6","5,8,7",6,7,6,5,7,7,6,6,3,7,5,6,6,6,6,6,5,4,5,5,6,6,7,4,5,6,6,5,3,5,5,5,6,6,6,5,6,4,6,4,4,7,7,7,7,6,7,6,7,7,7,7,6,5,6,6,6,7,6,2,3,7,7,5,7,5,7,7,6,7,6,5,4,4,2,5,6,7,4,6,6,2,6,2,2,5,2,5,7,1,2,6,6,6,2,3,4,5,2,2,6,7,5,5,6,5,6,6,5,5,7,3,2,6,5,2,2,3,5,7,3,6,2,2,5,2,2,2,2,2,2,4,3,3,1,5,5,4,5,5,6,6,4,7,7,6,4,5,6,6,5,5,5,5,2,6,6,6,5,5,5,7,6,6,3,6,6,5,5,7,7,5,6,3,3,7,6,3,7,5,6,2,2,5,6,7,2,5,3,2,2,5,6,5,7,5,6,5,5,6,6,5,6,22,Male,White or Caucasian,2.8,Third year (Junior),NO,NA,NA,NA,33,135,8,50,8,45,8,42,8,43,8,41,10,68,10,54,10,64,10,49,6,19,6,26,5,16,5,25,3,17,5,26,4,15,3,10,3,16,12,67,12,64,12,47,TRUE,0,0,1,0,0,0,0,0,0,0,0,0,0,1,0,2,TRUE,1,0,0,0,0,0,0,0,0,0,0,0,0,1,0,0,0,0,0,0,0,0,0,0,0,0,0,0,0,0,0,0,0,0,0,0,0,0,0,0,0,0,0,0,0,0,0,0,0,250
322,100,1627,QPPQ,PRST,PWXQ,STWX,GFFG,QQBB,EGFH,BODQ,FUZG,CLXC,XDBK,CGVZ,VEBT,GKHM,HJMQ,"2,5,3","8,7,6,4,1","6,4,2","8,7,5,3,1","7,4,1","8,6,5,3,2","8,6,3,2","7,5,4,1","8,5,7,4,2","1,3,6","5,4,3,2,1","7,8,6","8,3,6,5,1","7,4,2","7,3,8,1","2,5,4,6","8,1","7,5,6,4","3,2","8,4,3,1","7,5","6,2","6,4,3","5,1","8,7,2",NA,NA,NA,"1,2,7","3,6,4","5,8","2,5","3,6,8,7","1,4",7,6,7,7,7,7,6,6,4,6,4,7,7,4,5,3,3,3,6,6,5,5,5,4,6,7,7,7,3,6,7,7,5,5,6,5,5,6,6,7,4,7,6,5,6,7,7,5,7,7,7,6,4,6,7,7,5,6,5,6,5,7,6,6,6,6,7,7,6,7,4,4,7,5,2,4,7,2,5,5,6,4,5,5,5,4,5,2,7,4,2,7,5,5,7,7,7,6,7,4,5,5,6,6,5,6,6,1,1,1,1,2,5,7,4,6,6,7,6,7,6,2,6,7,6,5,4,7,5,5,5,4,5,5,5,6,5,6,5,6,6,6,5,5,7,5,5,5,4,5,4,5,5,4,6,7,5,1,1,5,5,6,6,5,5,3,3,2,5,2,2,5,3,1,3,2,3,5,7,5,5,5,7,3,6,5,6,6,3,7,5,4,3,5,5,5,5,6,6,7,6,7,5,19,Female,Asian,3.8,Second year (Sophomore),YES,NA,750,790,33,174,8,53,8,40,8,37,8,52,8,44,10,64,10,57,10,62,10,47,6,28,6,25,5,34,5,26,3,17,5,6,4,22,3,19,3,15,12,52,12,40,12,63,TRUE,1,1,1,1,1,1,1,1,1,1,1,1,1,1,0,14,TRUE,1,1,1,1,1,1,1,1,1,1,0,0,0,0,0,0,0,0,0,0,0,0,0,0,1,0,0,0,0,0,0,1,0,0,1,1,1,1,1,0,0,0,0,0,0,0,0,0,5,247
324,100,1150684,QPPQ,PRST,PWXQ,STWX,GFFG,QQBB,EGFH,HJPR,FUZG,CLXC,XDBK,CGVZ,VEBT,GKHM,KIFB,"5,3,2","8,7,6,4,1","6,4,2","8,7,5,3,1","7,4,1","8,6,5,3,2","8,6,3,2","7,5,4,1","8,7,5,4,2","6,3,1","8,7,4,3,1","6,5,2","8,7,5,3,1","6,4,2","5,1","7,8,6,4,3,2","3,1","7,6,4,2","5,8","3,1","7,4","8,5,6,2","4,6","3,5,1","2,7,8","2,8,7,5","1,4","3,6","3,8,7,6","2,1","4,5","2,5","7,3,8","1,6,4",6,6,7,6,6,6,6,6,7,5,7,7,7,7,7,6,2,4,5,3,3,2,5,5,4,5,6,5,3,4,3,5,6,6,5,5,3,5,3,6,7,7,7,7,7,6,7,7,6,7,7,7,7,6,7,7,7,7,7,7,7,7,7,6,6,7,7,6,7,7,6,6,3,6,2,7,6,5,6,6,5,2,3,1,2,2,1,1,7,2,3,3,5,2,6,5,3,3,5,5,5,7,6,6,5,6,5,2,5,2,2,3,2,6,6,6,3,5,3,7,4,5,3,5,3,6,2,5,3,6,6,6,7,3,4,7,5,5,6,3,5,6,2,6,6,7,5,5,3,5,2,6,5,3,3,6,5,5,5,5,5,3,5,3,3,3,5,5,5,5,5,7,6,2,1,5,5,7,2,3,6,2,2,6,7,6,5,5,3,6,6,6,6,5,5,3,3,3,6,6,3,3,3,18,Female,Hispanic or Latino,3.9,Second year (Sophomore),YES,31,680,730,33,154,8,49,8,53,8,29,8,38,8,40,10,68,10,69,10,66,10,52,6,11,6,16,5,22,5,29,3,16,5,14,4,20,3,11,3,16,12,53,12,55,12,57,TRUE,1,1,1,1,1,1,1,0,1,1,1,1,1,1,1,14,TRUE,1,1,1,1,1,1,1,1,1,1,0,0,1,1,0,0,0,0,0,1,1,1,1,1,1,0,0,0,1,1,1,1,1,1,1,1,1,1,1,0,1,0,0,1,1,0,1,1,10,250
325,100,2053,QPPQ,PRST,PWXQ,STWX,GFFG,QQBB,EGFH,BODQ,COPD,NA,TNLL,CGVZ,MZXJ,GKHM,DFIM,"5,3,2","8,7,4,1,6","6,4,2","8,7,5,3,1","7,4,1","8,6,5,3,2","8,6,3,2","7,5,4,1","8,7,4,2","5,6,3,1","7,4,3,2,1","8,6,5","6,5,3,1","8,4,7,2","3,7,4,2,1","8,6,5","6,3","1,7,8,4,2",5,"1,3","7,4","8,5,6,2","6,4,7,3","1,5","2,8","5,7,8,2","1,3,4",6,"1,5,7","4,6,2","3,8","2,3,5","7,8","1,4,6",6,7,7,7,7,7,7,7,5,7,5,7,6,7,7,6,7,7,7,7,7,6,7,7,7,6,7,6,3,6,7,7,7,7,6,7,7,7,7,7,7,7,7,7,7,2,7,4,2,2,3,7,7,7,7,7,7,7,7,7,7,7,7,6,6,7,7,7,7,7,6,7,3,7,2,7,6,7,7,7,6,6,6,6,6,6,4,5,7,3,4,5,6,6,6,6,6,5,4,2,4,6,3,6,6,6,6,3,6,5,4,4,6,6,5,7,2,2,4,7,7,6,5,6,6,7,6,6,6,7,5,6,7,4,6,7,4,6,6,7,5,7,6,6,7,7,6,3,6,6,5,7,7,7,6,7,6,3,4,2,3,1,5,6,6,4,4,7,6,6,6,5,5,5,6,6,6,4,1,6,6,7,6,6,6,7,7,6,3,4,3,6,4,7,5,7,7,6,7,3,7,7,7,21,Male,Asian,3.59,Fourth year (Senior),YES,NA,750,800,33,198,8,55,8,50,8,55,8,53,8,55,10,48,10,70,10,67,10,59,6,34,6,29,5,27,5,21,3,18,5,22,4,24,3,8,3,20,12,51,12,63,12,67,TRUE,1,1,1,1,1,1,1,1,0,0,0,1,0,1,0,10,TRUE,1,1,1,1,1,1,1,1,0,0,0,0,0,0,0,0,0,0,0,1,1,1,0,0,0,0,1,0,0,0,0,0,0,1,1,1,1,1,0,0,0,0,0,1,0,0,0,0,5,249
326,100,1174,TTTU,BCDE,PWXQ,FGIJ,LMML,CCRR,IJLK,KMTV,VIJW,JCVC,VEGV,CEIZ,ZIFX,PSQT,KIFB,"3,5,2","8,6,7,1,4","6,4,3,1","8,7,5,2","3,4,2,1","8,5,6,7","8,6,3,1","7,5,4,2","7,5,4,1","8,6,2,3","3,6,5,1","8,7,4,2","8,7,4,1","6,5,3,2","7,5,2,1","8,6,4,3","8,5,1,2","6,3","7,4","5,3,1","4,6,2","7,8","6,4","5,3,1","8,7,2","1,3,7","2,5,4","6,8","1,2,7","3,5,8","6,4","2,5,3","1,4,6","8,7",5,6,7,7,6,5,6,5,5,6,7,6,7,4,6,7,4,7,6,6,3,4,5,5,6,6,5,6,3,6,4,5,7,5,6,5,5,6,6,6,6,5,6,6,7,5,7,5,5,5,5,7,7,7,7,7,7,7,7,7,7,6,6,4,5,7,5,6,6,6,7,5,3,5,3,6,4,3,4,6,5,5,5,5,5,5,3,3,7,5,5,5,5,5,6,4,6,5,3,5,5,7,5,4,4,5,6,3,5,4,5,5,4,6,6,6,3,3,5,3,5,5,4,3,6,7,5,6,5,6,6,6,6,5,6,6,6,6,5,6,4,4,6,6,5,6,6,6,4,5,6,6,4,6,7,5,6,2,1,3,4,3,3,2,2,1,2,2,5,6,6,6,5,4,2,4,4,7,7,5,7,3,4,5,7,7,6,6,3,6,5,6,6,7,7,6,5,6,6,5,6,6,5,19,Female,Asian American,3.8,NA,YES,30,NA,NA,33,181,8,47,8,48,8,40,8,45,8,45,10,56,10,70,10,58,10,44,6,28,6,28,5,24,5,26,3,15,5,22,4,22,3,11,3,13,12,34,12,58,12,64,TRUE,0,0,1,0,0,0,0,0,0,0,0,0,0,0,1,2,TRUE,1,1,0,0,0,0,0,0,0,0,0,0,0,0,0,0,0,0,0,0,0,0,1,1,1,0,0,1,0,0,0,0,0,0,1,0,0,0,0,0,0,0,0,0,1,0,0,0,2,250
327,100,263390,QPPQ,PRST,PWXQ,STWX,GFFG,QQBB,EGFH,HJPR,VIJW,CLXC,TNLL,CGVZ,VEBT,GKHM,LHEC,"3,2,5","8,4,1,6,7","6,4,2","8,7,5,3,1","7,4,1","5,6,8,3,2","8,6,2,3","7,5,4,1","8,7,5,4,2","6,1,3","6,7,4,1,2","8,5,3","6,8,1","7,5,4,3,2","6,5,1","7,8,4,3,2","8,3,1","5,7,2","6,4","3,1","7,4,8,5","6,2","6,4","5,3,1","8,7,2","2,5","1,4,8","7,3,6","7,5","1,6","2,8,3,4","5,2",3,"1,4",7,7,7,6,7,7,6,6,5,7,6,7,7,7,4,7,4,4,6,6,3,4,7,6,6,5,6,7,3,4,6,7,7,6,6,5,7,5,3,6,4,7,7,6,7,6,7,5,6,6,6,7,7,6,7,4,7,7,7,7,7,7,7,7,7,6,7,7,7,7,7,6,5,7,1,6,6,4,5,6,7,5,7,4,5,5,4,7,7,3,6,2,5,7,6,5,5,6,6,3,2,4,4,4,1,1,2,2,5,7,4,5,5,7,7,7,3,5,7,7,7,1,7,4,7,7,7,5,4,4,7,6,7,6,6,6,6,7,4,6,6,6,5,7,3,6,6,4,4,6,5,6,4,6,7,7,7,5,5,2,4,2,5,2,2,5,6,5,2,6,7,7,7,2,1,4,5,6,4,5,6,7,6,6,6,7,7,7,7,7,6,7,3,7,7,6,7,4,7,6,6,7,7,21,Female,White or Caucasian,4.17,Fourth year (Senior),YES,34,NA,NA,33,187,8,53,8,50,8,40,8,48,8,42,10,63,10,66,10,69,10,53,6,30,6,30,5,28,5,17,3,4,5,23,4,26,3,15,3,15,12,52,12,56,12,77,TRUE,1,1,1,1,1,1,1,0,0,1,0,1,1,1,0,11,TRUE,1,1,1,1,1,1,1,1,1,1,0,0,0,0,1,1,0,0,0,1,0,0,1,1,1,0,0,0,0,0,0,1,0,0,1,1,1,1,1,0,0,1,0,0,1,0,0,0,7,250
328,100,37015,QPPQ,PRST,PWXQ,STWX,GFFG,QQBB,EGFH,BODQ,FUZG,CLXC,XDBK,CGVZ,VEBT,GKHM,DFIM,"5,3,2","4,6,8,7,1","6,4,2","8,7,5,3,1","7,4,1","8,6,5,3,2","8,6,3,2","7,5,4,1","8,7,5,4,2","6,3,1","8,5,4,2","7,6,3,1","8,5,3,1","7,6,4,2","5,4,1","8,7,6,3,2","8,6","3,2,4,5","7,1","3,1","4,7","8,6,5,2","4,6","3,5,1","2,7,8","2,8,7,5","1,4","3,6","3,7,6,8","2,1","4,5","2,5","3,7,8","1,6,4",5,5,5,6,6,6,6,4,5,5,4,5,5,5,5,5,4,4,4,5,5,5,4,5,5,5,5,5,3,6,6,6,6,5,6,5,5,4,5,4,5,5,6,5,6,3,5,4,3,3,3,7,7,6,6,4,5,7,6,7,4,4,5,5,4,4,4,5,4,4,5,5,4,6,3,6,6,5,5,6,5,6,6,6,7,5,6,2,7,5,6,5,5,5,6,5,5,6,5,2,2,2,2,3,3,3,5,2,6,3,3,5,6,7,5,7,6,5,5,6,5,6,6,5,5,6,6,3,4,6,6,5,5,5,5,4,5,5,5,6,5,6,4,5,3,6,6,6,3,5,5,5,3,6,6,6,6,2,3,5,4,3,5,5,5,5,3,6,6,7,6,6,6,3,5,6,6,7,7,5,6,5,5,6,6,7,6,6,5,3,5,5,2,5,5,5,5,4,7,6,7,6,7,19,Female,White or Caucasian,4.05,Second year (Sophomore),YES,NA,790,790,33,166,8,43,8,39,8,36,8,44,8,39,10,43,10,59,10,44,10,51,6,36,6,28,5,27,5,11,3,11,5,19,4,25,3,16,3,17,12,52,12,71,12,65,TRUE,1,1,1,1,1,1,1,1,1,1,1,1,1,1,0,14,TRUE,1,1,1,1,1,1,1,1,1,1,1,1,0,0,0,0,0,0,0,1,1,1,1,1,1,0,0,0,1,1,1,1,1,1,1,1,1,1,1,1,0,0,0,1,1,0,1,1,10,250
330,100,2676,QPPQ,PRST,SVZT,PQST,BCCB,DDSS,OPRQ,FHXZ,COPD,CFCR,TNLL,CIOZ,KXVH,EJFK,HJMQ,"4,7,8,3","5,1,6,2","8,5,4,2","6,3,1,7","1,7,3,2","8,6,4,5","7,4,5,2","1,3,8,6","5,4,3,1","7,2,8,6","8,3,6,2","5,1,7,4","5,6,4,1","8,7,2,3","7,6,2,1","8,5,4,3","7,1,3","6,8,2","5,4","8,5,1","7,4,3","6,2","5,7,1","4,3","6,8,2","6,5,1","8,4,2","3,7","1,8,5","2,7,4","3,6","1,3,8","4,6,5","2,7",5,3,6,6,6,6,5,4,2,4,4,3,3,3,4,3,5,5,6,5,6,7,6,6,7,6,6,7,3,6,6,7,6,6,6,6,6,6,6,6,6,6,4,3,4,3,6,2,3,3,4,3,4,4,4,2,5,2,3,4,5,6,6,6,6,6,6,6,6,6,6,6,6,6,2,5,4,4,4,6,6,6,5,6,4,5,6,3,7,2,5,6,5,6,6,6,6,6,5,2,3,6,2,2,3,4,6,2,5,3,2,3,6,6,6,6,2,2,3,4,4,2,4,6,6,6,6,6,2,4,4,6,1,2,3,6,5,6,6,6,5,4,4,3,6,6,5,2,6,6,5,6,4,6,6,5,5,3,1,2,2,4,3,6,3,3,2,5,2,2,2,5,6,3,5,4,2,6,3,5,6,6,7,6,6,6,6,5,5,3,6,2,4,6,6,6,6,4,6,6,6,6,6,19,Female,Black or African American,NA,Second year (Sophomore),YES,NA,750,790,33,159,8,41,8,26,8,46,8,51,8,48,10,38,10,36,10,60,10,49,6,32,6,27,5,29,5,15,3,13,5,15,4,24,3,7,3,10,12,39,12,45,12,67,TRUE,1,1,0,0,0,0,0,0,0,0,0,0,0,0,0,2,TRUE,0,0,0,0,0,0,0,0,0,0,0,0,0,0,0,0,0,0,0,0,0,0,0,0,0,0,0,0,0,0,0,0,0,0,0,0,0,0,0,0,0,0,0,0,0,0,0,0,0,250
333,100,4811,QPPQ,PRST,PWXQ,STWX,GFFG,QQBB,EGFH,BODQ,FUZG,CLXC,XDBK,CGVZ,VEBT,GKHM,HJMQ,"2,3,5","8,7,6,4,1","4,6,2","7,8,5,3,1","3,4,7,1","6,8,5,2",6,"8,7,5,4,3,2,1","7,8,5,2,4","6,3,1","8,7,6,5,4,2,1",3,"6,5,3,2,1","4,7,8","8,5,3,2,1","7,6,4","3,1","7,4","8,6,5,2","1,3","2,5,4","7,6,8","6,4","3,1,5","2,8,7",4,"1,2,8,3","5,7,6","1,7","4,2","8,5,3,6","5,2","8,3,7","1,6,4",5,5,5,3,4,5,3,5,3,5,4,4,4,5,4,3,3,3,4,5,3,2,5,5,5,4,5,5,3,4,3,5,4,3,3,2,2,3,3,2,3,5,3,4,7,3,5,4,1,2,2,7,7,7,7,7,7,7,7,7,7,4,4,4,4,4,4,6,4,4,4,4,3,5,2,6,5,3,2,7,5,2,7,2,3,2,2,5,7,2,1,2,5,2,2,2,2,1,2,5,5,6,6,5,6,5,6,4,6,5,5,6,3,7,7,5,4,5,3,7,5,7,3,2,3,5,6,3,2,6,4,6,4,4,5,6,5,4,6,5,4,3,5,5,2,6,5,2,2,5,3,3,2,5,6,6,6,2,2,2,3,6,6,5,5,2,3,7,7,1,3,3,5,2,4,6,5,7,7,6,6,6,6,4,7,7,7,5,1,7,6,7,6,5,6,4,6,5,5,5,7,7,7,21,Female,two or more races,3.9,Fourth year (Senior),YES,NA,720,720,33,137,8,35,8,32,8,30,8,35,8,21,10,36,10,70,10,42,10,42,6,18,6,17,5,9,5,27,3,17,5,26,4,22,3,12,3,19,12,48,12,57,12,68,TRUE,1,1,1,1,1,1,1,1,1,1,1,1,1,1,0,14,TRUE,1,1,1,1,0,0,0,0,1,1,0,0,0,0,0,0,0,0,0,1,0,0,1,1,1,0,0,0,0,0,0,1,1,1,1,1,0,0,1,0,0,0,0,0,1,0,0,1,5,250
335,100,44288,QPPQ,PRST,PWXQ,STWX,GFFG,QQBB,EGFH,BODQ,FUZG,CLXC,XDBK,CGVZ,MZXJ,GKHM,KIFB,"5,3,2","4,6,7,8,1","2,4,6","8,7,3,5,1","4,7,1","5,8,6,2,3","6,3,8,2","5,4,7,1","7,8,5,4,2","6,1,3",NA,6,"7,8,5,3,1,6","4,2",1,NA,NA,5,NA,"1,3","4,7","5,8,2,6","4,6","1,5,3","7,8,2",NA,NA,NA,NA,NA,NA,NA,NA,NA,4,3,5,4,6,5,2,3,4,5,5,6,6,7,5,3,3,2,4,1,2,2,3,4,4,3,5,4,3,3,4,5,4,4,2,3,2,3,3,5,4,4,3,3,4,4,6,3,3,3,3,5,6,5,7,5,4,7,4,7,6,4,5,4,6,3,2,6,4,3,5,3,2,3,2,4,3,2,1,3,3,3,3,3,1,3,2,2,7,1,1,2,2,5,2,3,2,2,2,3,5,7,6,5,5,7,5,6,6,6,7,7,1,6,3,5,3,5,7,7,6,7,5,2,6,5,3,5,1,4,1,3,3,1,6,6,2,3,3,5,1,3,1,1,1,6,5,3,4,3,3,6,1,5,5,7,7,7,7,3,5,5,6,7,6,7,7,1,2,3,6,7,7,1,1,3,5,7,7,3,3,5,3,5,3,6,6,6,1,3,3,3,3,1,5,2,3,NA,7,5,7,6,7,21,Female,White or Caucasian,4.031,Fourth year (Senior),YES,NA,750,790,33,112,8,32,8,41,8,21,8,32,8,26,10,36,10,56,10,42,10,26,6,15,6,13,5,11,5,26,3,17,5,32,4,15,3,15,3,20,12,74,12,50,12,47,TRUE,1,1,1,1,1,1,1,1,1,1,1,1,0,1,1,14,TRUE,1,1,1,1,1,1,1,1,1,1,0,0,0,0,0,0,0,0,0,1,1,1,1,1,1,0,0,0,0,0,0,0,0,0,1,1,1,1,1,0,0,0,0,1,1,0,0,0,7,236
336,100,2922,QPPQ,PRST,PWXQ,NA,GFFG,QQBB,EGFH,KMTV,FUZG,CLXC,NA,CGVZ,NA,NA,NA,"5,3,2","8,7,6,4,1","6,4,2","8,7,5,3,1","7,4,1","8,6,5,3,2","8,6,3,2","7,5,4,1","8,7,5,4,2","6,3,1",NA,NA,"8,7,5,3,1","6,4,2",NA,NA,NA,NA,NA,"3,1","7,8,5,4","6,2",NA,1,NA,NA,NA,NA,NA,NA,NA,NA,NA,NA,4,5,6,6,6,6,6,5,4,5,5,4,5,5,6,6,5,5,5,6,6,6,5,5,5,6,5,5,3,5,6,6,6,5,3,5,4,3,5,5,5,2,5,4,4,1,4,4,4,1,2,5,4,5,7,2,7,7,3,3,2,4,6,6,4,5,4,4,6,6,6,7,7,7,1,4,5,5,6,7,6,6,6,6,6,6,7,2,7,6,6,6,6,6,7,6,6,6,7,2,3,5,2,2,5,2,2,1,1,2,2,1,6,7,5,6,2,2,4,4,2,2,5,5,6,5,3,6,4,6,6,6,5,6,6,6,3,5,6,5,7,7,5,7,6,6,5,4,6,7,3,5,6,4,3,3,3,4,3,2,1,2,4,6,3,3,4,7,6,7,7,7,6,7,7,7,7,5,7,5,6,2,4,6,6,6,5,6,4,3,5,6,7,5,6,2,3,NA,6,6,6,6,2,30,Female,White or Caucasian,4,Fifth year or beyond,NO,NA,NA,NA,33,175,8,44,8,40,8,43,8,44,8,35,10,31,10,45,10,51,10,55,6,37,6,32,5,32,5,14,3,9,5,7,4,24,3,8,3,8,12,38,12,80,12,58,TRUE,1,1,1,0,1,1,1,0,1,1,0,1,0,0,0,9,TRUE,1,1,1,1,1,1,1,1,1,1,0,0,1,1,0,0,0,0,0,1,0,0,0,0,0,0,0,0,0,0,0,0,0,0,1,1,1,1,1,0,1,0,0,0,0,0,0,0,6,226
337,100,1249,QPPQ,PRST,PWXQ,PQST,GFFG,QQBB,IJLK,FHXZ,SEFT,CLXC,VEGV,CGVZ,ZIFX,GKHM,HJMQ,"5,3,2","8,7,6,4,1","6,4,2","8,7,5,3,1","7,4,1","8,6,5,3,2","8,6,3,2","7,5,4,1","8,7,5,4,2","6,3,1","8,7,5,4,3,1","6,2","8,6,5,4,3,1","7,2","8,6,5,3,1","7,4,2","3,7,5,1","6,8,2",4,"8,3,1","7,5,6,4",2,"4,6,2,3","5,1","7,8","2,5,7","1,3,4","6,8","1,5,4","2,6,8,7",3,"2,5","8,7,3","1,4,6",5,3,5,6,5,5,5,4,4,5,6,5,6,6,5,5,7,5,6,6,5,4,3,3,7,6,4,7,3,5,6,6,5,6,6,5,4,1,5,6,5,6,7,7,7,7,7,7,4,5,5,7,7,7,6,7,7,7,6,7,7,5,7,7,7,7,7,6,5,6,6,5,3,5,4,6,5,5,4,6,6,2,4,4,6,6,3,6,7,6,6,5,5,6,5,5,6,7,6,7,7,6,7,6,5,6,4,5,5,2,5,6,2,6,5,5,6,4,5,7,7,7,2,6,6,4,4,2,7,5,6,7,6,3,5,6,3,6,6,7,2,6,6,5,6,6,5,3,6,5,6,6,6,6,4,3,6,3,2,5,3,3,4,4,2,3,2,6,6,2,2,6,4,2,2,2,3,4,4,6,6,3,6,5,7,6,6,7,5,6,6,4,5,5,5,5,6,3,4,6,6,5,3,18,Male,Asian,3.82,Second year (Sophomore),YES,34,770,800,33,169,8,38,8,42,8,39,8,46,8,38,10,62,10,68,10,63,10,49,6,25,6,34,5,29,5,33,3,15,5,23,4,18,3,15,3,21,12,40,12,43,12,69,TRUE,1,1,1,0,1,1,0,0,0,1,0,1,0,1,0,8,TRUE,1,1,1,1,1,1,1,1,1,1,0,0,0,0,0,0,0,0,0,0,0,0,0,0,0,1,1,1,0,0,0,1,1,1,1,1,1,1,1,0,0,0,0,0,0,1,0,1,7,250
338,100,2236,QPPQ,PRST,PWXQ,STWX,GFFG,QQBB,EGFH,KMTV,COPD,CLXC,PFCC,CIOZ,VEBT,AFBG,KIFB,"5,3,2","8,7,4,6,1","2,6,4","8,7,5,3,1","7,4,1","8,6,5,3,2","8,3,6","7,5,4,2,1","7,8,5,4,2","6,3,1","8,1,5,4,2","7,6,3","5,3,2,1","7,8,6,4","7,1,5","8,6,4,3,2","3,1","5,7,2","8,6,4","3,1","7,8,4","6,2,5","4,6","1,3,5","2,7,8",NA,1,2,NA,NA,NA,NA,NA,NA,4,4,4,5,7,3,4,4,4,4,3,2,3,3,3,3,3,7,5,4,5,5,5,6,5,5,6,4,3,5,4,5,5,4,3,7,6,3,3,4,5,7,4,5,5,2,7,4,3,3,3,5,3,4,5,3,5,4,4,5,4,3,5,5,5,5,4,4,4,6,3,4,5,7,1,3,4,5,3,4,6,3,4,3,3,3,3,3,7,3,3,3,3,4,3,3,3,3,3,5,5,6,5,6,3,5,6,2,3,3,3,2,3,6,6,3,4,3,4,5,4,5,4,5,6,5,6,5,3,3,4,6,3,5,3,7,2,5,5,6,3,5,5,5,6,5,5,3,4,6,5,5,4,6,6,3,2,3,4,1,1,2,4,2,3,4,4,2,2,1,2,4,5,2,4,3,2,2,7,4,6,2,4,5,6,4,5,5,5,6,5,5,3,6,6,5,5,5,5,5,6,6,6,21,Male,Asian,3,Third year (Junior),YES,NA,740,780,33,156,8,35,8,25,8,40,8,39,8,35,10,43,10,42,10,44,10,42,6,19,6,19,5,15,5,27,3,14,5,13,4,18,3,11,3,14,12,33,12,36,12,57,TRUE,1,1,1,1,1,1,1,0,0,1,0,0,1,0,1,10,TRUE,1,1,1,1,1,1,0,0,1,1,0,0,0,0,0,0,0,0,0,1,0,0,1,1,1,0,0,0,0,0,0,0,0,0,1,1,1,0,1,0,0,0,0,0,1,0,0,0,5,243
341,100,2480,QPPQ,BCDE,PWXQ,PQST,QRRQ,QQBB,EGFH,HJPR,VIJW,JCVC,ZAGZ,CEIZ,ZIFX,RWSX,HJMQ,"5,3,2","8,7,6,1,4","4,6,2","1,8,5,7,3","6,4,1,3","8,7,2,5","8,6,4,2","7,5,3,1","7,5,4,3,1","8,6,2","8,6,3,1","7,5,4,2","8,5,2,1","7,4,3,6","7,6,3,1","8,5,4,2","5,1,3","7,4,2","8,6","6,3,1","5,4,2","7,8","7,6,4,3","5,1","8,2","2,3,7,8","4,5","1,6","7,2","1,5","3,6,8,4","5,2",3,"1,4",6,4,6,5,3,5,2,3,5,6,5,5,5,5,5,6,4,2,3,5,6,5,3,3,6,5,5,5,3,6,5,5,7,6,3,3,6,4,5,5,3,7,7,5,6,3,7,5,6,6,6,6,5,5,6,2,7,5,4,5,4,6,5,5,4,6,6,5,5,4,5,5,4,5,2,6,5,2,3,4,4,2,5,3,5,2,2,5,7,6,3,5,3,3,2,3,3,2,3,5,5,5,4,6,2,7,6,6,6,6,6,5,5,5,3,5,5,4,3,5,3,5,6,5,3,2,6,6,5,4,6,6,6,5,3,6,2,5,4,5,5,6,6,6,5,5,5,2,5,6,2,3,5,6,6,6,7,6,5,3,2,3,5,5,3,3,5,2,3,5,6,5,5,2,6,6,3,6,6,5,6,6,6,5,3,7,6,5,6,6,5,5,5,6,3,4,4,5,6,5,5,2,5,20,Female,Hispanic or Latino,4.15,Third year (Junior),YES,NA,700,750,33,158,8,34,8,42,8,31,8,44,8,35,10,58,10,49,10,51,10,40,6,19,6,25,5,13,5,25,3,15,5,29,4,18,3,12,3,13,12,53,12,55,12,66,TRUE,1,0,1,0,0,1,1,0,0,0,0,0,0,0,0,4,TRUE,1,1,1,1,0,0,0,0,0,0,0,0,0,0,0,0,0,0,0,0,0,0,0,0,0,0,0,0,0,0,0,1,0,0,1,1,0,0,0,0,0,0,0,0,0,0,0,0,2,250
342,100,2306,QPPQ,PRST,PWXQ,STWX,GFFG,QQBB,EGFH,BODQ,FUZG,CLXC,XDBK,CGVZ,VEBT,GKHM,KIFB,"5,3,2","8,7,6,4,1","6,4,2","8,7,5,3,1","7,4,1","8,6,5,3,2","8,6,3,2","7,5,4,1","8,7,6,5,4,2","3,1","7,8,5,4,2,1","3,6","7,5,3,8,1","4,2,6","8,7,6,1","5,4,3,2","3,2,5","4,7","8,6,1","3,1","7,4","8,6,5,2","4,6","1,3,5","2,7,8",3,1,2,NA,NA,NA,NA,NA,NA,5,3,4,6,5,6,3,3,3,6,3,4,4,6,4,3,4,4,5,6,6,6,4,6,6,5,6,6,3,6,6,6,6,4,6,6,6,5,5,6,6,6,5,5,6,2,7,2,5,3,5,7,6,6,6,6,6,6,6,6,6,6,6,6,6,6,6,6,6,6,6,5,5,6,3,4,6,4,6,5,6,5,5,5,6,6,5,4,7,5,5,6,5,6,6,6,5,5,5,3,3,5,5,5,4,4,4,2,5,3,5,3,5,6,6,6,5,5,5,6,6,4,6,6,6,2,6,5,3,5,6,6,5,5,5,5,6,6,6,6,6,6,5,6,5,5,6,6,5,6,6,6,5,6,6,5,5,2,3,2,3,3,4,4,3,5,5,5,5,5,5,4,5,3,3,3,3,4,7,5,5,3,4,4,4,6,5,5,4,6,6,5,5,4,6,4,5,3,6,5,6,7,6,20,Female,Asian,4.095,Third year (Junior),NO,NA,NA,NA,33,180,8,35,8,33,8,41,8,47,8,44,10,46,10,61,10,60,10,50,6,32,6,31,5,27,5,21,3,12,5,18,4,23,3,15,3,16,12,44,12,52,12,57,TRUE,1,1,1,1,1,1,1,1,1,1,1,1,1,1,1,15,TRUE,1,1,1,1,1,1,1,1,0,0,0,0,1,1,0,0,0,0,0,1,1,1,1,1,1,0,0,0,0,0,0,0,0,0,1,1,1,1,0,0,1,0,0,1,1,0,0,0,7,244
346,100,597471,QPPQ,PRST,JVZK,FGIJ,QRRQ,CCRR,IJLK,FHXZ,PABQ,CGCS,PFCC,CAUZ,KXVH,EJFK,HJMQ,"5,3,2","8,7,6,4,1","6,4,2","8,7,5,3,1","7,4,1","8,6,5,3,2","8,6,3,2","7,5,4,1","8,7,5,4","6,2,3,1","7,5,4,3,2,1","8,6","6,4,3,2","8,7,5,1","8,6,4,2","7,5,3,1",6,"7,5,2,4","8,3,1","3,1","8,7,4","6,5,2","5,4,3,6",1,"2,8,7","6,7,5,2","1,4","3,8",NA,NA,NA,NA,NA,NA,5,5,6,6,6,6,5,5,6,7,7,7,6,7,7,6,6,6,5,6,6,5,6,6,6,5,6,5,3,6,5,5,5,6,6,7,6,6,7,6,6,5,6,6,6,6,7,6,6,6,5,7,6,7,7,7,7,7,7,7,7,5,5,5,7,5,7,5,5,5,6,6,3,6,3,6,3,5,5,6,7,5,7,6,4,6,5,4,7,5,7,5,6,5,4,4,5,5,3,4,3,4,4,4,3,4,4,6,5,4,6,4,5,7,7,6,5,3,7,7,5,5,5,5,6,4,3,6,3,6,5,6,5,3,5,6,4,4,4,6,5,5,5,5,7,5,5,5,4,5,5,5,6,6,5,5,6,4,5,5,3,5,5,3,3,3,4,6,7,7,7,7,7,3,1,7,7,6,4,4,7,5,5,7,7,6,7,6,3,3,3,3,2,5,5,5,5,5,2,2,5,5,5,19,Female,White or Caucasian,4.2,Second year (Sophomore),YES,NA,790,790,33,164,8,44,8,53,8,46,8,43,8,50,10,59,10,69,10,55,10,50,6,33,6,32,5,21,5,19,3,11,5,25,4,25,3,15,3,17,12,51,12,69,12,63,TRUE,1,1,0,0,0,0,0,0,0,0,0,0,0,0,0,2,TRUE,1,1,1,1,1,1,1,1,0,0,0,0,0,0,0,0,0,0,0,1,0,0,0,0,1,0,0,0,0,0,0,0,0,0,1,1,1,1,0,0,0,0,0,0,0,0,0,0,4,244
348,100,966,HGHH,PRST,FVZG,STWX,BCCB,QQBB,EGFH,BODQ,VIJW,JCVC,PFCC,CIOZ,XGDV,EJFK,KIFB,"2,5,3","7,1,8,6,4","6,2,4","8,5,7,1,3","7,4,1","8,6,5,3,2",NA,NA,NA,NA,NA,NA,NA,NA,NA,NA,NA,NA,NA,NA,NA,NA,NA,NA,NA,"1,3,2,6","5,4,7",8,"2,8,4,3","5,1","6,7","2,4,8","3,7,6","5,1",5,5,5,5,5,6,5,6,5,6,6,5,6,6,5,6,6,4,5,5,4,5,5,6,6,6,6,6,3,6,6,6,6,6,6,6,6,6,6,6,6,5,5,7,5,2,5,4,3,5,4,6,6,5,6,5,6,6,5,6,6,5,5,5,5,5,5,5,5,5,5,6,5,6,6,6,6,6,6,7,6,5,5,5,5,5,5,6,7,5,6,5,5,5,5,5,5,5,6,2,2,3,3,2,5,5,5,3,2,5,3,2,5,6,5,5,3,3,3,5,6,4,3,6,5,6,6,7,5,6,5,5,4,5,5,5,6,5,6,6,5,5,6,5,6,7,6,6,5,6,5,7,5,6,6,3,5,2,2,4,2,2,2,2,2,3,2,7,7,7,7,6,6,5,6,7,6,6,5,6,5,3,3,6,6,5,5,5,2,5,3,6,5,6,6,6,6,6,6,6,6,6,6,22,Female,two or more races,3.8,Fourth year (Senior),NO,NA,NA,NA,33,182,8,42,8,45,8,40,8,48,8,48,10,45,10,57,10,50,10,60,6,30,6,32,5,26,5,12,3,15,5,15,4,21,3,9,3,15,12,31,12,75,12,54,TRUE,0,1,0,1,0,1,1,1,0,0,0,0,0,0,1,6,TRUE,1,1,1,1,1,1,0,0,0,0,0,0,0,0,0,0,0,0,0,0,0,0,0,0,0,0,0,0,0,0,0,0,0,0,1,1,1,0,0,0,0,0,0,0,0,0,0,0,3,231
349,100,163617,QPPQ,PRST,PWXQ,PQST,QRRQ,CCRR,UVXW,CERT,NA,NA,NA,CGVZ,XGDV,PSQT,KIFB,"5,3,2","8,7,6,4,1","6,4,2","8,7,5,3,1","7,4,1","8,6,5,3,2","8,6,3,2","7,5,4,1","8,7,5,4,2","6,3,1","6,5,4,1,2",3,NA,NA,"6,8,5,1","7,4,3,2",NA,NA,NA,"3,1","7,4","6,8,5,2",NA,NA,NA,"2,7,5,8","4,1,3",6,NA,NA,NA,"5,2","7,3,8","6,1,4",7,6,7,7,7,7,7,7,7,7,7,7,NA,7,7,7,7,4,7,7,2,3,6,6,7,6,7,7,3,7,7,7,5,3,3,4,6,7,3,3,3,5,5,5,6,2,7,5,2,3,3,6,5,7,7,5,5,6,6,7,4,5,7,6,4,5,6,6,7,6,6,6,6,6,1,6,6,3,5,7,5,7,6,7,7,7,7,7,7,7,6,6,6,7,7,7,6,7,7,1,1,4,5,2,3,5,3,3,5,6,4,3,6,7,6,7,5,4,4,6,6,6,6,7,5,7,6,6,4,6,7,6,5,6,4,7,5,6,5,6,6,6,7,6,6,7,6,5,4,7,6,7,6,6,6,6,3,1,1,1,1,2,3,2,2,2,3,6,4,6,6,5,3,4,6,6,6,6,3,6,6,6,4,6,6,7,7,6,2,5,6,7,6,7,7,6,6,6,6,6,7,6,7,18,Female,Asian American,NA,First year (Freshman),YES,35,750,780,33,195,8,55,7,56,8,42,8,53,8,32,10,43,10,58,10,58,10,51,6,41,6,39,5,34,5,13,3,11,5,21,4,26,3,13,3,18,12,27,12,61,12,67,TRUE,1,1,1,0,0,0,0,0,0,0,0,1,0,0,1,5,TRUE,1,1,1,1,1,1,1,1,1,1,0,0,0,0,0,0,0,0,0,1,1,1,0,0,0,0,1,0,0,0,0,1,1,1,1,1,1,1,1,0,0,0,0,1,0,0,0,1,7,235
351,100,1988,QPPQ,PRST,PWXQ,STWX,GFFG,EETT,EGFH,BODQ,FUZG,CLXC,XDBK,CGVZ,MZXJ,GKHM,LHEC,"5,3,2","8,7,6,4,1","6,4,2","8,7,5,3,1","7,4,1","8,6,5,3,2","8,6,3,2","7,5,4,1","8,7,5,4,2","6,3,1","7,5,4,3,2,1","8,6","8,6,5,3,1","7,4,2","7,4,3","8,6,5,2,1","8,1","7,5,4,2","6,3","3,1","7,8,5,4","6,2","4,6","1,5,3","7,8,2","2,8,7,5","1,3,4",6,"4,7,6","1,2","3,8,5","2,5","3,8,7","1,6,4",6,6,5,2,5,5,5,5,7,7,6,7,7,4,6,6,3,5,5,6,6,5,6,6,6,6,6,6,3,6,6,6,6,4,4,2,5,4,3,4,3,6,4,6,7,1,6,4,3,2,2,7,4,7,7,6,7,7,6,4,5,4,6,7,6,6,5,4,6,6,6,5,3,7,2,5,4,4,3,6,7,6,3,6,6,5,3,7,7,6,6,3,5,6,5,5,5,3,7,2,6,5,3,5,6,5,6,1,5,5,2,3,6,7,7,7,5,5,7,7,7,7,3,2,6,6,2,7,6,7,7,1,7,1,6,5,2,5,3,5,5,6,2,5,5,7,2,7,5,6,3,6,2,4,6,7,7,5,6,7,7,3,1,4,4,5,7,7,7,7,7,7,7,3,1,7,6,7,7,1,6,3,4,6,6,5,7,5,1,3,3,3,1,4,3,1,2,3,5,3,7,7,7,19,other,two or more races,4,Third year (Junior),YES,34,NA,NA,33,152,8,39,8,50,8,42,8,48,8,29,10,41,10,60,10,56,10,46,6,29,6,33,5,25,5,21,3,17,5,16,4,27,3,17,3,21,12,63,12,73,12,50,TRUE,1,1,1,1,1,0,1,1,1,1,1,1,0,1,0,12,TRUE,1,1,1,1,1,1,1,1,1,1,0,0,0,0,0,0,0,0,0,1,0,0,1,1,1,0,1,0,0,1,0,1,1,1,1,1,1,1,1,0,0,0,0,0,1,0,0,1,7,250
352,100,1619,QPPQ,PRST,PWXQ,BCEF,GFFG,QQBB,EGFH,BODQ,SEFT,CLXC,XDBK,CGVZ,VEBT,EJFK,HJMQ,"5,3,2","8,7,6,4,1","6,4,2","8,7,5,3,1","7,4,1","8,6,5,3,2","8,6,3,2","7,5,4,1","8,7,5,4,2","6,3,1","8,7,5,4,1,3","6,2","7,5,2,1","8,6,4,3","8,7,5,3","1,6,4,2","8,3,2","7,5,4","6,1","3,1","7,4","8,6,5,2","6,4","5,3,1","7,8,2","2,7,5","1,3,4","6,8","1,8","2,7,6,4","3,5","2,5","3,7,8","1,6,4",5,6,7,7,7,7,6,6,3,7,4,6,7,7,7,5,4,6,7,4,7,7,7,6,7,7,7,7,3,6,7,7,5,5,4,5,6,5,6,6,5,7,6,6,6,5,7,6,2,3,6,6,7,7,6,6,6,6,6,7,7,6,7,6,7,7,6,6,7,7,7,7,7,7,6,6,7,7,6,7,7,6,6,7,6,6,5,3,7,5,6,5,6,6,6,6,6,6,6,2,2,7,3,3,2,4,3,2,3,3,4,3,6,7,7,6,5,3,5,6,7,5,5,4,6,6,5,5,6,6,5,7,5,4,5,7,3,5,6,5,5,4,4,5,4,6,5,5,4,6,5,6,6,5,5,5,4,4,5,3,2,4,4,5,3,2,3,4,4,4,4,4,5,3,5,5,5,5,2,7,6,7,6,5,6,7,7,6,3,3,3,6,5,6,6,3,5,4,5,5,5,6,4,19,Male,two or more races,4.02,Second year (Sophomore),YES,35,NA,NA,33,170,8,51,8,46,8,48,8,53,8,42,10,54,10,64,10,66,10,67,6,36,6,31,5,30,5,17,3,9,5,15,4,26,3,13,3,18,12,44,12,50,12,66,TRUE,1,1,1,0,1,1,1,1,0,1,1,1,1,0,0,11,TRUE,1,1,1,1,1,1,1,1,1,1,0,0,0,0,0,0,0,0,0,1,1,1,1,1,1,1,1,1,0,0,0,1,1,1,1,1,1,1,1,0,0,0,0,1,1,1,0,1,9,250
353,100,2383,QPPQ,VWXY,PWXQ,STWX,GFFG,QQBB,EGFH,FHXZ,FUZG,KCWC,ZAGZ,CGVZ,VEBT,GKHM,KGDB,"8,2,4,3","6,5,7,1","2,1,5,4","8,7,6,3","4,1,7,3","5,8,6,2","3,6,8,2","4,7,5,1","8,7,4,2","6,5,1,3","4,3,2,1","8,7,6,5","6,5,3,1","8,7,4,2","8,7,5,4","6,3,2,1","2,1","8,7,3","6,5,4","3,1","8,5,4","7,6,2","6,4","5,3,1","7,8,2","5,8,6","4,3","1,7,2","1,2,8","5,7","4,6,3","2,5","3,7,8","6,4,1",7,5,2,4,7,6,4,3,2,5,2,2,2,4,1,3,3,3,4,1,7,2,7,4,4,3,5,4,3,5,7,4,4,4,3,2,5,4,2,4,4,5,7,5,6,4,7,4,2,3,4,7,4,6,7,3,4,5,5,5,5,4,4,4,7,4,7,6,4,4,4,4,6,4,3,7,4,3,4,6,4,5,6,5,6,7,5,4,7,6,6,5,6,6,6,5,6,6,6,2,2,7,5,5,7,6,2,3,2,5,1,1,5,7,5,7,1,1,2,2,7,2,5,5,6,6,5,5,4,5,7,5,4,4,5,7,7,6,4,4,4,4,5,4,4,6,4,4,4,4,4,4,4,6,4,5,3,1,6,4,2,7,2,4,1,3,5,5,3,4,3,3,3,1,4,3,4,4,4,5,5,4,4,6,6,6,4,5,5,4,6,4,4,4,4,4,4,4,4,4,5,5,4,21,Female,Black or African American,3.5,Fourth year (Senior),YES,NA,NA,NA,33,159,8,38,8,21,8,31,8,36,8,28,10,47,10,51,10,48,10,45,6,34,6,33,5,29,5,21,3,15,5,12,4,24,3,4,3,11,12,43,12,41,12,60,TRUE,1,0,1,1,1,1,1,0,1,0,0,1,1,1,0,10,TRUE,0,0,0,0,0,0,1,1,0,0,0,0,0,0,0,0,0,0,0,1,0,0,1,1,1,0,0,0,0,0,0,1,1,1,0,0,0,1,0,0,0,0,0,0,1,0,0,1,3,250
354,100,2546,QPPQ,BCDE,PWXQ,PQST,GFFG,QQBB,OPRQ,BODQ,VIJW,CLXC,XDBK,CGVZ,VEBT,GKHM,KIFB,"2,5,3","4,8,7,6,1","6,4,2","8,7,5,3,1","7,1,4","8,6,5,3,2","8,6,3,2","7,5,4,1","7,5,8,4,2","6,3,1","8,7,3,1,5,4,2",6,"8,5,2,1","3,7,4,6","8,7,3,2,1","6,4,5","6,5","7,4,2,3","8,1","3,1","4,7","2,5,8,6","4,6","3,1,5","2,8,7","2,7,5","1,4,3","8,6","7,1","2,6,4","5,8,3","5,2","3,7,8","1,6",6,7,6,6,7,6,7,7,6,7,5,7,6,5,4,5,7,6,7,6,6,4,4,5,6,7,6,7,3,7,6,7,7,6,5,7,7,7,6,5,6,7,7,6,7,4,6,3,2,4,5,6,5,5,5,4,6,6,6,4,3,5,7,6,6,7,4,4,7,5,6,6,6,6,5,6,5,4,4,7,6,6,7,5,5,5,4,6,7,6,7,7,6,7,5,6,5,5,6,3,2,6,3,5,5,5,7,5,5,5,4,6,6,7,7,7,3,4,5,7,5,2,5,7,7,5,5,7,6,7,6,6,5,6,2,6,4,4,6,6,6,6,6,6,7,6,5,5,5,6,5,6,6,6,3,6,5,2,2,4,2,6,3,5,3,2,2,7,7,6,6,6,3,4,4,6,6,6,4,6,6,6,6,6,6,6,7,6,3,5,6,6,3,4,6,7,6,4,6,4,6,7,7,18,Female,two or more races,NA,First year (Freshman),YES,32,NA,NA,33,184,8,52,8,45,8,45,8,53,8,49,10,51,10,50,10,57,10,55,6,32,6,39,5,27,5,19,3,17,5,25,4,27,3,12,3,14,12,42,12,65,12,69,TRUE,1,0,1,0,1,1,0,1,0,1,1,1,1,1,1,11,TRUE,1,1,1,1,1,1,1,1,1,1,0,0,0,0,0,0,0,0,1,1,1,1,1,1,1,1,1,1,0,0,0,1,1,0,1,1,1,1,1,0,0,0,0,1,1,1,0,0,8,250
355,100,2287,QPPQ,PRST,PWXQ,STWX,GFFG,QQBB,EGFH,BODQ,FUZG,CLXC,XDBK,CGVZ,MZXJ,GKHM,HJMQ,"7,5,1,2","3,6,4,8","4,6,2","8,7,5,3,1","1,4,7","5,6,8,3,2","8,6,3,2","7,5,4,1","7,8,5,4,2","6,1,3","2,8,7,4,5","6,3,1","5,8,7,3,1","4,2,6","6,5,4,1","8,7,3,2","1,2,3","6,5,8","7,4","1,3","8,4","7,5,6,2","6,4","3,5,1","7,8,2","2,7,5","4,3,1","6,8","2,8,1","6,4,5","3,7","2,5","3,8,7","1,6,4",7,7,7,5,5,6,5,7,5,7,6,5,6,6,6,6,5,5,7,7,6,6,6,7,7,7,7,7,3,7,7,7,7,7,7,7,7,7,7,7,7,6,7,7,7,4,6,6,4,4,4,7,7,7,7,5,7,7,7,7,5,5,7,7,7,7,6,5,7,7,6,7,5,6,4,7,6,7,7,7,7,7,6,6,5,6,6,7,7,7,7,6,7,6,6,7,7,6,6,2,2,5,2,4,4,4,2,5,3,5,5,4,5,7,7,7,5,4,6,6,7,6,7,7,7,7,7,6,5,7,7,6,7,6,7,7,7,7,5,7,7,7,7,7,7,7,7,6,7,7,7,7,7,7,7,5,4,6,6,1,1,2,4,4,3,4,2,7,6,7,7,7,6,3,6,7,7,4,4,7,7,7,3,6,7,7,7,7,7,4,7,7,7,7,7,7,7,NA,6,5,6,7,5,18,Female,White or Caucasian,4.2,First year (Freshman),YES,NA,760,780,33,223,8,49,8,47,8,49,8,56,8,56,10,55,10,66,10,64,10,63,6,36,6,40,5,32,5,15,3,10,5,22,4,26,3,15,3,19,12,42,12,71,12,76,TRUE,1,1,1,1,1,1,1,1,1,1,1,1,0,1,0,13,TRUE,0,0,1,1,1,1,1,1,1,1,0,0,1,1,0,0,0,0,0,1,0,0,1,1,1,1,1,1,0,0,0,1,1,1,0,1,1,1,1,0,1,0,0,0,1,1,0,1,8,249
356,100,992,QPPQ,PRST,PWXQ,STWX,GFFG,EETT,ABDC,HJPR,SEFT,JCVC,PFCC,CGVZ,VEBT,RWSX,HJMQ,"3,5,2","6,8,7,1,4","6,4,2","8,7,5,3,1","7,4,1","8,6,5,3,2","8,6,3,2","7,5,4,1","6,4,2","8,7,5,3,1","5,7,4,3,1","8,6,2","8,7,6,5,3,1","4,2","6,5,4,1","7,8,3,2","4,3,1","5,2,6","7,8","3,1","7,4","5,8,6,2","6,3,2,4","5,1","7,8","4,8,7,1,5","6,3",2,"5,8,6,4","2,1","3,7","5,2","7,3,8","1,6,4",7,7,7,7,7,7,7,7,7,7,7,7,7,7,7,7,7,7,7,7,7,7,6,6,7,6,6,7,3,7,6,7,7,7,7,7,7,7,4,7,7,7,7,7,7,6,7,7,7,7,7,7,7,7,7,7,7,7,7,7,7,6,6,6,6,6,6,6,6,6,6,6,6,6,6,6,6,6,5,6,6,3,4,3,4,3,3,3,7,3,5,3,3,5,5,5,6,2,5,5,5,7,3,6,5,5,5,5,3,3,3,3,5,7,3,6,6,6,4,7,6,6,5,5,1,7,2,6,5,3,5,2,3,2,5,5,5,5,5,5,3,5,3,5,3,6,5,6,3,2,6,6,3,6,2,7,7,5,4,6,7,6,6,5,5,5,5,6,6,6,4,6,5,2,2,4,2,6,3,4,4,4,2,5,5,4,4,5,2,3,3,5,3,3,3,3,3,3,7,7,7,7,7,19,Female,Asian,3.5,Second year (Sophomore),YES,NA,750,660,33,140,8,56,8,56,8,54,8,53,8,53,10,69,10,70,10,60,10,59,6,20,6,22,5,23,5,26,3,15,5,17,4,21,3,16,3,19,12,68,12,52,12,45,TRUE,1,1,1,1,1,0,0,0,0,0,0,1,1,0,0,7,TRUE,1,1,1,1,1,1,1,1,0,0,0,0,0,0,0,0,0,0,0,1,1,1,0,0,0,0,0,0,0,1,0,1,1,1,1,1,1,1,0,0,0,0,0,1,0,0,0,1,6,250
357,100,2120,QPPQ,PRST,PWXQ,STWX,GFFG,QQBB,EGFH,BODQ,FUZG,CLXC,XDBK,CAUZ,KXVH,GKHM,KIFB,"5,3,2","7,8,6,4,1","6,4,2","8,7,5,3,1","7,4,1","8,6,5,3,2","8,6,3,2","7,5,4,1","8,7,5,2","6,4,3,1","7,5,4,2,1","3,8,6","4,1,8","5,7,3,6,2","7,8,6,2,1","5,4,3","3,5","4,6,7","8,2,1","1,3","7,4","6,5,8,2","4,6","5,3,1","2,7,8",NA,NA,NA,NA,NA,NA,NA,NA,NA,5,4,6,5,6,6,5,4,3,4,4,4,5,4,6,3,4,4,5,4,4,4,4,5,5,6,6,5,3,4,4,7,6,2,3,2,3,3,2,2,2,6,6,5,5,4,6,5,4,3,2,7,6,7,7,4,6,6,5,7,4,6,7,5,6,6,7,7,6,7,7,4,4,6,1,5,7,2,4,7,7,5,5,5,2,3,3,4,7,3,7,3,4,2,4,4,5,5,4,3,4,5,3,4,6,7,6,1,4,3,1,4,5,7,6,5,4,5,4,7,6,4,6,5,6,5,5,6,4,5,2,4,5,4,4,4,4,6,4,5,6,4,6,6,5,5,5,4,4,6,5,4,4,6,4,5,2,3,2,3,4,2,3,5,5,6,4,2,4,7,7,4,4,3,6,6,6,6,7,5,5,2,1,6,6,7,6,6,3,2,3,5,5,5,4,4,4,4,5,2,4,5,2,20,Female,White or Caucasian,3.8,Fourth year (Senior),NO,NA,NA,NA,33,158,8,41,8,33,8,34,8,43,8,19,10,46,10,59,10,64,10,47,6,23,6,23,5,22,5,19,3,19,5,13,4,23,3,13,3,17,12,44,12,62,12,52,TRUE,1,1,1,1,1,1,1,1,1,1,1,0,0,1,1,13,TRUE,1,1,1,1,1,1,1,1,0,0,0,0,0,0,0,0,0,0,0,1,1,1,1,1,1,0,0,0,0,0,0,0,0,0,1,1,1,1,0,0,0,0,0,1,1,0,0,0,6,241
358,100,1140,QPPQ,FGHI,PWXQ,STWX,WXXW,QQBB,ABDC,BODQ,VIJW,JCVC,VEGV,CAEZ,ZIFX,EJFK,HJMQ,"5,3,2","8,7,6,4,1","8,6,4,2","7,5,3,1","6,4,3,1","8,7,5,2","8,5,3","7,6,4,2,1","8,7,5,4","6,3,2,1","5,4,2,1","7,8,6,3","7,5,3,1","8,6,4,2","8,6,1","7,5,4,3,2","6,3,1","7,5,4,2",8,"7,3,1","8,5,4","6,2","6,4,3","5,1","8,7,2","2,8,3","1,7,6,5",4,"5,7,6","1,4","2,8,3","2,5",3,"1,8,7,4,6",7,7,6,7,7,6,7,7,6,7,6,5,7,7,7,7,5,6,6,6,6,5,5,5,5,7,7,6,3,6,5,7,7,7,6,7,5,5,6,7,7,7,6,7,7,5,7,7,5,7,5,7,7,7,7,6,7,7,7,7,5,6,6,6,6,7,5,6,6,6,6,6,3,6,2,6,6,4,6,7,6,3,4,2,2,3,3,2,7,4,5,3,5,5,2,4,2,2,3,7,7,7,7,7,7,7,7,7,7,7,7,7,2,6,6,2,3,3,5,7,7,6,5,5,5,7,3,6,5,7,6,6,4,5,6,5,6,6,5,5,6,6,7,7,6,5,5,5,5,5,5,5,6,5,6,5,4,1,1,2,1,3,4,2,2,5,4,4,5,3,4,7,5,1,1,3,2,7,7,7,6,7,7,6,6,6,5,7,7,6,5,6,6,6,6,6,6,6,5,6,6,5,6,20,Female,Asian,4.1,Third year (Junior),YES,NA,675,675,33,181,8,54,8,52,8,44,8,50,8,50,10,63,10,67,10,60,10,52,6,17,6,24,5,13,5,35,3,21,5,35,4,16,3,11,3,20,12,34,12,49,12,75,TRUE,1,0,1,1,0,1,0,1,0,0,0,0,0,0,0,5,TRUE,1,1,0,0,0,0,0,0,0,0,0,0,0,0,0,0,0,0,0,0,0,0,0,0,1,0,0,0,0,0,0,1,0,0,1,0,0,0,0,0,0,0,0,0,0,0,0,0,1,250
360,100,17854,QPPQ,PRST,PWXQ,STWX,GFFG,QQBB,EGFH,HJPR,COPD,CLXC,XDBK,CGVZ,VEBT,EJFK,HJMQ,"3,5,2","7,8,6,4,1","2,6,4","3,8,7,1,5","8,7,4,3","6,1,5,2",3,1,"2,3,7,4","6,8,5,1","3,4,5,2,1","7,8,6","8,3,2,6,1","7,4,5","6,5,1","3,4,7,2,8","2,3","4,6,5,7","8,1","4,3,1","7,5","2,6,8","6,3,4","1,5","8,2,7","1,3,7",4,"6,8,2,5",NA,NA,NA,NA,NA,NA,7,4,5,6,6,5,4,4,2,4,4,3,4,4,4,4,2,5,6,7,4,5,4,5,5,5,4,5,3,6,6,5,4,7,4,6,4,4,3,4,3,7,7,7,7,5,7,4,5,5,5,5,4,6,5,4,7,6,5,7,7,5,7,7,5,6,5,5,7,7,7,4,4,6,2,6,4,4,5,3,6,4,5,3,1,3,1,3,7,2,3,4,4,7,5,5,4,2,2,4,5,5,5,5,6,6,6,3,5,5,2,1,4,7,6,7,3,2,4,6,6,7,6,6,5,5,4,5,3,4,7,6,3,4,3,7,4,5,4,4,6,4,5,6,5,6,4,3,4,7,4,5,4,4,4,7,7,7,6,4,1,5,3,5,5,3,5,4,5,4,3,6,5,3,4,4,4,4,3,6,7,6,3,5,4,7,6,6,6,5,3,7,4,7,7,7,6,7,7,5,7,7,7,21,Male,Hispanic or Latino,3.731,Fourth year (Senior),YES,NA,640,700,33,156,8,41,8,29,8,38,8,40,8,35,10,59,10,56,10,61,10,44,6,17,6,23,5,18,5,24,3,18,5,16,4,24,3,9,3,19,12,58,12,49,12,64,TRUE,1,1,1,1,1,1,1,0,0,1,1,1,1,0,0,11,TRUE,1,1,1,1,0,0,0,0,0,0,0,0,0,0,1,1,0,0,1,0,0,0,0,0,1,0,0,0,0,0,0,0,0,0,1,1,0,0,0,0,0,1,0,0,0,0,0,0,3,244
361,100,2087,QPPQ,PRST,PWXQ,STWX,GFFG,QQBB,EGFH,BODQ,FUZG,CLXC,XDBK,CGVZ,VEBT,GKHM,HJMQ,"2,5,3","1,8,7,6,4","6,4,2","8,7,5,3,1","6,7,3,2","8,5,4,1","8,6,3,2","7,5,4,1","8,7,6,5,4,2","3,1","8,6,7,5,2","4,3,1","7,5,4,1","8,6,3,2","8,7,4,1","6,5,3,2","6,3","7,5,4,2","8,1","3,1","8,7,4","6,5,2","6,4","5,3,1","2,8,7","1,2,8","3,6","4,7,5","2,7,6,5",1,"3,4,8","2,5","3,8,7","1,4,6",6,5,6,5,7,7,3,5,6,5,6,4,3,6,5,4,5,6,6,6,6,6,4,6,6,7,6,6,3,5,6,6,6,6,5,6,5,5,6,6,6,6,3,5,6,2,7,5,4,4,4,7,7,5,7,7,7,7,5,7,6,7,7,7,7,7,7,5,7,7,7,5,6,6,6,6,6,6,5,7,6,6,5,6,6,6,6,3,7,5,6,5,6,6,6,5,6,6,6,1,1,5,2,5,2,1,5,4,5,2,4,2,7,7,7,7,6,6,6,6,7,2,7,7,7,7,7,7,5,7,7,5,7,6,7,7,7,7,6,7,7,6,6,7,6,7,7,7,6,7,6,7,5,7,7,4,4,1,2,5,3,1,1,3,5,2,2,2,4,5,7,7,6,6,4,7,6,2,3,5,7,6,3,6,6,7,7,6,2,6,6,7,7,4,7,5,5,5,7,5,5,6,5,21,Female,White or Caucasian,3.315,Fourth year (Senior),YES,NA,NA,NA,33,218,8,44,8,39,8,45,8,48,8,45,10,46,10,65,10,68,10,59,6,35,6,31,5,29,5,14,3,8,5,17,4,28,3,18,3,15,12,33,12,59,12,67,TRUE,1,1,1,1,1,1,1,1,1,1,1,1,1,1,0,14,TRUE,1,1,1,1,0,0,1,1,0,0,0,0,0,0,0,0,0,0,1,1,0,0,1,1,1,0,0,0,0,0,0,1,1,1,1,1,0,1,0,0,0,0,0,0,1,0,0,1,5,250
362,100,479275,QPPQ,PRST,PWXQ,FGIJ,GFFG,QQBB,EGFH,KMTV,SEFT,CLXC,XDBK,CAUZ,KXVH,EJFK,HJMQ,"2,5,3","8,7,6,4,1","6,4,2","8,7,5,3,1","7,4,1","8,6,5,3,2","8,6,3,2","7,5,4,1","8,7,4","6,5,3,2,1","5,4,3,2,1","8,7,6","5,4,3,1,2","8,7,6","7,5,3,1","8,6,4,2","4,7,6","2,5,3","1,8","1,3","7,4","8,5,6,2","6,4","5,3,1","8,7,2","2,7","1,5,4,3","6,8","4,7,6","2,8,1","3,5","2,5","3,7,8","1,6,4",7,7,7,7,7,5,7,7,7,7,7,7,7,7,6,7,5,6,7,7,5,5,7,6,6,6,6,5,3,5,5,5,7,5,5,4,4,4,5,5,6,7,6,5,5,4,7,5,3,4,5,7,7,7,7,7,7,7,7,7,7,4,7,4,5,7,5,5,7,6,7,3,5,5,3,7,4,4,5,6,5,3,5,3,3,3,3,3,7,3,5,5,5,5,5,3,5,5,5,5,6,7,7,6,5,5,5,5,4,3,3,5,2,7,2,5,3,3,5,6,6,6,5,5,3,6,5,6,5,6,5,5,2,3,3,6,5,3,5,5,5,6,3,5,6,5,4,5,5,3,5,6,5,5,4,7,7,7,7,7,6,5,6,6,5,7,7,5,5,7,7,6,6,2,2,5,5,7,6,2,2,1,2,5,5,5,6,3,1,1,1,5,3,3,3,3,3,3,6,6,7,7,7,18,Female,Asian,4,First year (Freshman),YES,NA,750,700,33,155,8,54,8,55,8,48,8,45,8,38,10,51,10,70,10,57,10,47,6,20,6,26,5,23,5,31,3,15,5,20,4,16,3,11,3,18,12,77,12,63,12,34,TRUE,1,1,1,0,1,1,1,0,0,1,1,0,0,0,0,8,TRUE,1,1,1,1,1,1,1,1,0,0,0,0,0,0,0,0,1,1,1,1,1,1,1,1,1,0,0,1,0,0,0,1,1,1,1,1,1,1,0,0,0,0,1,1,1,0,0,1,8,250
363,100,2223,QPPQ,PRST,PWXQ,STWX,GFFG,QQBB,EGFH,BODQ,SEFT,CLXC,VEGV,CGVZ,VEBT,AFBG,LHEC,"3,5,2","1,8,7,4,6","6,4,2","8,7,5,3,1","7,4,1","8,6,5,3,2","8,6,3,2","7,5,4,1","7,8,5,4,2,1","6,3","8,5,4","7,6,3,2,1","8,7,5,3,1","6,4,2","1,6,7","5,4,8,3,2","8,2","7,5,4","6,3,1","8,3,1","7,4","6,5,2","6,4","5,1,3","2,7,8","5,7,2","1,4,3","8,6",1,NA,NA,"5,2","3,7,8","1,4,6",2,4,6,1,4,3,1,6,3,5,6,6,5,7,6,3,1,1,2,7,2,2,1,2,4,7,5,1,3,7,7,6,7,2,2,1,1,1,1,3,1,6,6,5,6,2,7,7,5,2,2,7,2,7,7,6,7,7,7,2,1,7,4,5,7,1,7,7,5,4,2,1,4,6,2,1,7,3,5,5,6,2,1,6,7,3,5,2,7,1,5,1,1,7,6,5,6,6,2,1,6,1,2,7,6,5,7,7,6,2,7,6,7,7,1,7,6,6,6,7,2,3,7,6,2,4,2,7,7,1,7,1,6,1,4,1,6,4,2,3,7,5,1,7,1,6,6,1,4,7,3,5,1,6,1,7,6,7,6,7,7,2,1,6,3,2,3,6,5,5,2,7,7,2,2,7,7,7,6,2,2,5,3,2,7,5,7,6,7,1,5,5,2,1,6,3,2,4,5,7,6,6,7,19,Male,two or more races,4.07,Second year (Sophomore),YES,35,NA,NA,33,132,8,27,8,41,8,18,8,44,8,12,10,48,10,53,10,49,10,40,6,24,6,17,5,25,5,17,3,18,5,28,4,22,3,18,3,12,12,57,12,63,12,52,TRUE,1,1,1,1,1,1,1,1,0,1,0,1,1,0,0,11,TRUE,1,1,1,1,1,1,1,1,0,0,0,0,1,1,0,0,0,0,0,0,1,0,1,1,1,1,1,1,0,0,0,1,1,1,1,1,1,1,0,0,1,0,0,0,1,1,0,1,8,248
364,100,2302,QPPQ,PRST,PWXQ,STWX,GFFG,QQBB,OPRQ,NA,FUZG,CLXC,XDBK,CGVZ,VEBT,PSQT,LHEC,"5,3,2","8,7,6,4,1","6,4,2","8,7,5,3,1","7,4,1","8,6,5,3,2","8,6,3,2","7,5,4,1","8,7,5,4,2","6,3,1",NA,NA,"8,6,5,3,1","7,4,2",NA,NA,NA,NA,NA,"3,1","8,7,4","5,6,2","4,6","1,5,3","2,8,7","2,7,5","1,4,3","6,8",NA,NA,NA,2,"5,8,7,3","4,6,1",6,6,6,4,6,6,7,6,6,5,6,7,6,5,6,6,6,6,7,5,7,7,7,7,7,6,6,6,3,5,6,7,6,7,6,7,7,6,7,6,7,7,6,7,7,2,7,6,2,3,3,7,7,7,7,7,7,7,7,7,7,7,7,7,7,7,6,6,7,7,5,7,7,7,5,7,7,7,6,7,7,5,6,5,6,6,5,5,7,4,4,4,5,6,6,6,6,6,6,2,2,3,5,4,5,5,4,4,5,5,5,5,5,7,6,7,4,5,6,6,7,2,3,4,5,7,7,6,5,7,6,5,5,5,5,7,7,7,6,7,7,5,5,6,3,6,7,6,5,5,7,7,5,7,7,6,7,5,5,5,2,4,2,5,3,3,2,7,7,7,7,6,6,5,4,7,6,5,7,6,6,7,5,6,7,6,6,5,2,3,3,6,6,6,6,5,5,6,6,6,6,6,6,20,Female,Asian,3.67,Third year (Junior),YES,NA,790,690,33,192,8,47,8,47,8,52,8,49,8,53,10,50,10,70,10,66,10,67,6,33,6,28,5,30,5,16,3,14,5,24,4,25,3,15,3,15,12,49,12,74,12,62,TRUE,1,1,1,1,1,1,0,0,1,1,1,1,1,0,0,11,TRUE,1,1,1,1,1,1,1,1,1,1,0,0,0,0,0,0,0,0,0,1,0,0,1,1,1,1,1,1,0,0,0,0,0,1,1,1,1,1,1,0,0,0,0,0,1,1,0,0,7,239
367,100,1484,QPPQ,PRST,PWXQ,STWX,GFFG,QQBB,EGFH,BODQ,SEFT,CLXC,XDBK,CGVZ,VEBT,GKHM,HJMQ,"2,3,5","4,8,7,6,1","6,4,2","8,7,5,3,1","4,3,2","8,7,6,5,1","8,6,3,2","7,5,4,1","6,5,4,2","8,7,3,1","5,4,3,1,2","8,7,6","8,6,5,3,1","7,2,4","6,8,5,2","7,4,3,1","5,2","7,6,4","8,3,1","3,1",4,"8,7,6,5,2","4,6","5,3,1","8,7,2","2,8,7,5",4,"6,3,1","1,7,5","2,6,4","3,8","2,5","3,8,7","1,6,4",5,4,5,6,6,6,5,5,4,5,3,6,3,5,4,4,5,5,5,5,3,3,6,4,4,5,6,4,3,3,4,4,6,5,4,3,5,3,5,4,4,7,5,6,6,4,7,3,2,3,3,6,6,5,6,5,6,6,5,5,5,5,6,5,5,5,6,5,5,5,5,5,4,6,2,5,5,2,4,6,6,4,6,3,4,4,4,4,7,3,4,5,5,5,6,5,5,5,5,4,5,6,4,6,5,5,5,6,5,6,4,5,4,6,6,7,5,5,6,6,6,4,5,5,5,5,5,5,3,5,5,5,4,4,5,5,6,6,5,5,6,5,5,6,6,5,6,2,3,4,6,5,4,5,6,6,5,5,5,4,4,4,4,4,4,5,5,6,3,6,7,5,5,2,4,4,5,7,4,5,6,6,4,5,4,6,5,3,6,3,5,6,4,3,5,5,5,3,5,4,6,6,5,20,Female,Asian,3.9,Third year (Junior),YES,NA,730,770,33,162,8,42,8,34,8,36,8,36,8,33,10,46,10,55,10,52,10,45,6,25,6,26,5,26,5,25,3,15,5,26,4,23,3,16,3,16,12,55,12,58,12,58,TRUE,1,1,1,1,1,1,1,1,0,1,1,1,1,1,0,13,TRUE,1,1,1,1,0,0,1,1,0,0,0,0,0,0,0,0,0,0,0,1,0,0,1,1,1,0,0,0,0,0,0,1,1,1,1,1,0,1,0,0,0,0,0,0,1,0,0,1,5,250
368,100,1877,QPPQ,PRST,PWXQ,STWX,GFFG,QQBB,EGFH,BODQ,COPD,CLXC,XDBK,CGVZ,MZXJ,GKHM,HJMQ,"3,5,2","8,6,7,4,1","6,4,2","5,8,7,3,1","7,4,1","8,6,5,3,2","8,6,3,2","7,5,4,1","8,7,5,4,2","6,1,3","8,7,5,4,3","2,1,6","8,7,5,3,1","6,4,2","7,6,3,1","5,8,4,2",NA,NA,NA,"8,3,1","7,4","2,5,6",NA,NA,NA,NA,NA,NA,NA,NA,NA,NA,NA,NA,4,3,6,7,6,6,5,4,3,5,4,5,4,5,5,5,4,3,5,6,4,4,4,4,5,4,6,5,3,4,5,6,5,4,5,3,4,4,5,4,3,6,6,5,6,4,6,5,4,5,4,6,3,6,6,4,5,6,6,4,3,5,6,4,5,4,5,5,5,6,6,4,5,6,3,5,5,4,4,6,5,3,3,2,3,4,2,2,7,2,3,5,3,3,5,5,3,5,4,6,6,7,6,7,6,7,7,2,3,2,5,3,3,6,4,5,5,5,5,6,6,6,3,5,5,5,4,3,6,5,4,5,2,3,2,6,5,6,6,5,3,4,3,3,4,5,4,3,4,5,4,3,3,4,3,5,5,5,5,5,5,5,6,6,6,5,5,2,2,5,6,5,6,2,3,5,5,6,7,3,6,2,2,3,3,3,6,5,1,4,3,3,3,3,4,2,4,6,3,3,3,3,2,18,Female,Asian American,NA,First year (Freshman),YES,NA,750,800,33,135,8,41,8,36,8,34,8,40,8,32,10,51,10,49,10,51,10,47,6,17,6,18,5,22,5,32,3,20,5,15,4,18,3,15,3,18,12,63,12,54,12,41,TRUE,1,1,1,1,1,1,1,1,0,1,1,1,0,1,0,12,TRUE,1,1,1,1,1,1,1,1,1,1,0,0,1,1,0,0,0,0,0,0,1,0,0,0,0,0,0,0,0,0,0,0,0,0,1,1,1,1,1,0,1,0,0,0,0,0,0,0,6,235
370,100,1835,QPPQ,BCDE,PWXQ,STWX,GFFG,QQBB,EGFH,CERT,COPD,CLXC,XDBK,CGVZ,VEBT,PSQT,HJMQ,"8,7,6,4,1","5,3,2","6,4,2","8,7,5,3,1","7,1,4,3","8,6,5,2","8,6,2,3","7,5,4,1","5,7,4,2","8,6,3,1","8,7,5,4,3,2,1",6,"8,7,5,3,2,1","6,4","6,5,1","8,7,4,3,2","3,5,2","4,7,6","1,8","1,3","8,7,5,4","6,2","6,4","1,5,3","2,8,7","3,4","7,8","1,5,2,6",5,"1,2,6","3,4",NA,NA,NA,3,2,2,2,5,2,3,3,3,3,2,2,3,3,2,3,4,5,5,3,4,4,4,4,4,4,4,4,3,4,4,4,4,4,4,4,4,4,4,4,4,5,1,1,4,2,5,1,2,1,2,5,5,5,5,5,5,5,5,5,5,4,4,4,4,4,4,4,4,5,5,4,4,4,4,5,4,5,5,5,4,2,5,1,1,1,1,3,7,1,4,4,3,6,5,3,3,5,5,6,6,6,6,6,6,6,6,6,6,6,6,6,4,6,6,6,2,2,3,6,5,6,5,5,4,5,5,5,4,5,5,4,5,5,2,5,5,5,5,5,5,5,3,6,6,6,5,5,6,6,4,6,6,5,6,5,4,3,2,2,3,3,3,4,3,4,5,4,5,5,5,6,6,3,5,5,3,4,1,5,6,6,4,6,6,6,2,5,2,3,2,5,5,5,5,5,5,5,5,5,5,5,5,18,Female,Asian,4,First year (Freshman),NO,NA,NA,NA,33,164,8,22,8,21,8,33,8,32,8,32,10,24,10,50,10,42,10,44,6,11,6,21,5,21,5,30,3,18,5,30,4,22,3,7,3,17,12,41,12,52,12,53,TRUE,1,0,1,1,1,1,1,0,0,1,1,1,1,0,0,10,TRUE,0,0,1,1,0,0,1,1,0,0,0,0,0,0,1,1,0,0,1,1,0,0,1,1,1,0,0,0,0,0,0,0,0,0,0,1,0,1,0,0,0,1,0,0,1,0,0,0,4,247
371,100,2223,DDDE,FGHI,JVZK,PQST,LMML,DDSS,EGFH,KMTV,NA,CLXC,XDBK,CIOZ,VEBT,AFBG,KGDB,"5,3,2","7,8,6,4,1","6,2,4","8,7,5,3,1","7,4,1","8,6,5,3,2","6,8,3,2","4,7,5,1","5,8,4,7,2","6,3,1",NA,NA,"5,1,3",NA,NA,NA,NA,NA,NA,"3,1","7,4","2,8,5,6","6,4","1,3,5","2,8,7","2,7,5","1,3,4","6,8",NA,NA,NA,"5,2","3,7,8","1,4,6",6,6,6,6,6,5,2,7,5,7,5,6,7,6,5,3,5,6,4,3,6,6,7,6,7,7,7,6,3,7,5,7,7,7,7,6,7,7,7,7,7,7,7,7,7,5,7,2,2,3,6,7,6,7,7,5,7,7,7,7,6,7,7,7,7,7,7,7,7,7,7,7,7,7,7,7,7,5,7,7,7,5,6,5,5,5,5,2,7,1,5,3,5,5,3,3,5,5,2,3,3,6,5,5,3,5,6,5,6,7,5,5,5,7,2,7,6,5,3,7,7,5,3,6,4,5,5,6,5,4,7,6,2,5,5,7,5,7,6,6,4,5,5,6,6,5,6,2,4,6,5,5,5,7,6,7,6,1,2,2,2,2,5,3,3,3,3,6,5,6,7,4,6,3,3,4,4,7,1,5,5,7,6,6,5,7,7,6,3,6,6,5,5,5,5,6,7,6,6,6,5,7,7,20,Female,Asian,3.5,Third year (Junior),YES,32,NA,NA,33,171,8,44,8,44,8,43,8,53,8,55,10,53,10,66,10,70,10,68,6,31,6,21,5,18,5,22,3,14,5,28,4,21,3,14,3,19,12,39,12,56,12,69,TRUE,0,0,0,0,0,0,1,0,0,1,1,0,1,0,0,4,TRUE,1,1,1,1,1,1,1,1,1,1,0,0,0,0,0,0,0,0,0,1,1,1,1,1,1,1,1,1,0,0,0,1,1,1,1,1,1,1,1,0,0,0,0,1,1,1,0,1,9,238
372,100,3842,QPPQ,PRST,PWXQ,STWX,LMML,QQBB,ABDC,BODQ,FUZG,CLXC,TNLL,CGVZ,ZIFX,GKHM,KIFB,"3,5,2","8,7,4,6,1","6,4,2","8,7,5,3,1","7,2,1,4,3","8,5,6","8,6,3,2","7,5,4,1","8,7,5,4,2","6,3,1",NA,NA,"8,7,3,5,1","2,6,4","6,5,1","8,7,4,3,2","4,6,2,3","7,5,8",1,"1,3","8,7,4","6,5,2","4,6","3,1,5","8,7,2","2,7,5,8","1,3","6,4","3,6,8,7","1,2","4,5","2,5","3,7,8","1,6,4",4,5,5,3,5,4,4,5,5,5,6,5,5,5,6,5,5,5,5,4,4,4,6,6,4,4,4,6,3,5,5,6,5,4,4,4,6,4,5,5,4,6,4,4,4,5,5,5,5,5,5,6,5,7,4,5,5,5,5,5,3,5,5,4,5,5,5,4,6,5,5,6,4,6,2,6,5,5,4,6,6,5,5,5,5,5,5,2,7,5,5,3,4,4,5,5,5,5,4,2,3,2,3,2,5,3,3,4,2,3,5,3,6,7,5,7,3,3,2,5,4,5,2,5,2,6,3,5,4,5,3,3,2,3,5,5,5,6,3,5,4,4,3,4,3,6,5,5,3,6,5,6,3,4,5,6,5,3,2,5,3,2,3,2,3,5,5,6,5,5,7,4,5,5,5,5,5,6,6,5,5,4,3,5,6,6,4,6,3,5,5,4,3,5,4,3,5,3,5,6,7,7,7,20,Female,White or Caucasian,3.49,Third year (Junior),YES,35,740,780,33,138,8,35,8,42,8,39,8,39,8,36,10,48,10,50,10,49,10,50,6,30,6,23,5,24,5,12,3,11,5,17,4,25,3,8,3,14,12,44,12,64,12,57,TRUE,1,1,1,1,0,1,0,1,1,1,0,1,0,1,1,11,TRUE,1,1,1,1,0,0,1,1,1,1,0,0,1,1,1,1,0,0,0,1,0,0,1,1,1,0,0,0,1,1,1,1,1,1,1,1,0,1,1,0,1,1,0,0,1,0,1,1,9,248
373,100,1382,QPPQ,PRST,PWXQ,STWX,GFFG,QQBB,EGFH,BODQ,FUZG,JCVC,XDBK,CGVZ,VEBT,RWSX,KIFB,"5,3,2","8,7,6,4,1","6,4,2","8,7,5,3,1","7,4,1","8,6,5,3,2","8,6,3,2","7,5,4,1","8,7,5,4,2","6,3,1","8,5,4,2,1","7,6,3","8,7,2,1","6,5,4,3","6,5,4,1","8,7,3,2","3,2","5,7,4","6,8,1","3,1","8,5,7","6,4,2","6,4","5,1,3","2,7,8",NA,NA,NA,NA,NA,NA,"2,5","3,8,7","4,6,1",5,7,7,7,7,7,6,6,5,5,6,2,5,6,6,5,6,6,7,7,7,7,4,5,6,6,5,6,3,5,6,6,6,6,6,7,5,5,7,7,7,7,7,7,7,6,7,7,7,5,4,7,6,6,7,5,7,7,6,6,7,7,7,7,7,6,6,5,6,7,6,7,6,5,5,6,6,5,6,7,7,6,7,7,7,7,5,4,7,7,7,7,6,6,7,6,6,5,6,5,4,5,4,5,6,6,6,5,5,6,6,6,6,7,6,6,6,5,6,5,7,6,6,6,6,6,3,5,5,6,5,5,6,5,5,5,4,4,5,6,5,4,5,5,7,7,6,3,7,5,6,6,6,5,2,7,7,4,5,6,6,7,6,4,2,4,3,6,5,4,1,6,3,3,2,3,2,4,4,6,5,7,7,6,4,7,5,6,3,2,2,6,6,5,6,6,5,4,6,7,7,7,5,19,Male,Asian,3.2,Second year (Sophomore),YES,35,NA,NA,33,172,8,52,8,40,8,49,8,46,8,50,10,64,10,64,10,64,10,60,6,39,6,37,5,30,5,23,3,18,5,28,4,25,3,17,3,18,12,61,12,43,12,60,TRUE,1,1,1,1,1,1,1,1,1,0,1,1,1,0,1,13,TRUE,1,1,1,1,1,1,1,1,1,1,0,0,0,0,0,0,0,0,0,1,0,0,1,1,1,0,0,0,0,0,0,1,1,1,1,1,1,1,1,0,0,0,0,0,1,0,0,1,7,244
374,100,41153,QPPQ,PRST,PWXQ,STWX,LMML,DDSS,OPRQ,BODQ,COPD,CLXC,VEGV,CGVZ,ZIFX,GKHM,KIFB,"2,3,5","8,7,6,4,1","6,4,2","8,7,5,3,1","7,4,1","8,6,5,3,2","8,6,3,2","7,5,4,1","8,5,2","7,6,4,3,1","3,4,2,1","8,7,6,5","8,7,3,5,1","6,2,4","7,5,4,1","8,6,3,2","1,3","4,5,2","8,7,6","3,1","7,4","8,5,6,2","6,4","5,3,1","7,8,2","4,8,1,5,7","2,6",3,"1,5,2","4,6,7","3,8","2,5","1,4,3","7,6,8",6,6,6,7,6,6,6,6,5,6,6,6,6,6,6,6,6,6,6,7,7,7,7,7,7,7,7,7,3,6,7,7,7,5,5,4,7,6,5,6,7,7,7,7,7,4,7,7,6,5,6,7,7,6,7,7,7,7,7,7,7,7,7,7,7,7,7,7,7,7,7,6,5,6,2,6,5,4,6,7,6,6,7,5,5,5,5,5,7,5,5,5,5,5,5,6,5,5,5,2,2,5,3,5,3,3,5,5,6,5,6,5,7,7,6,7,4,2,5,6,7,5,5,5,6,6,4,6,3,6,5,5,6,3,4,6,3,6,5,5,5,5,3,5,5,5,5,5,4,5,5,5,5,5,5,6,6,5,5,5,3,5,3,3,3,5,5,7,7,6,7,7,7,1,1,5,6,6,3,3,6,6,6,6,6,7,7,5,5,6,6,7,3,4,6,4,5,5,7,5,5,6,4,20,Female,White or Caucasian,3.98,Third year (Junior),YES,NA,740,770,33,161,8,49,8,47,8,53,8,55,8,45,10,63,10,69,10,70,10,53,6,33,6,30,5,26,5,17,3,11,5,27,4,27,3,11,3,18,12,54,12,63,12,69,TRUE,1,1,1,1,0,0,0,1,0,1,0,1,0,1,1,9,TRUE,1,1,1,1,1,1,1,1,0,0,0,0,1,1,0,0,0,0,0,1,1,1,1,1,1,0,0,0,0,0,0,1,0,0,1,1,1,1,0,0,1,0,0,1,1,0,0,0,7,250
375,100,1957,NA,NA,NA,NA,NA,NA,NA,NA,NA,NA,NA,NA,NA,NA,NA,"1,4,6,8,7","2,5,3","6,4,2","8,7,5,3,1","7,4,1","8,6,5,3,2","8,6,3,2","7,5,4,1","8,5,4,2","7,6,3,1","8,7,6,2,1","5,4,3","6,5,4,3","8,7,2,1","8,5,4,1","7,6,3,2","6,1","7,5,4","8,3,2",NA,NA,NA,NA,NA,NA,"1,2",NA,NA,"1,7,2","4,6","3,8,5","2,5","3,7,8","1,6,4",4,5,5,4,6,5,5,5,4,6,6,5,5,6,5,4,7,5,6,6,7,7,6,6,6,7,7,4,3,7,7,4,6,5,5,6,5,4,5,5,5,6,5,6,6,4,5,7,4,5,5,6,5,3,4,3,5,6,6,5,6,4,3,6,4,6,6,5,7,7,5,6,5,6,3,6,6,6,6,6,4,5,5,5,3,4,4,5,7,6,5,5,5,3,3,3,3,2,6,7,6,5,5,5,5,5,6,5,3,3,4,3,5,6,3,5,4,5,6,5,5,2,3,6,5,5,5,7,6,5,6,4,5,5,5,5,5,5,5,6,5,6,3,6,6,6,5,5,6,5,5,5,5,5,4,6,6,3,4,5,5,5,5,3,3,5,5,6,3,5,6,5,5,3,6,5,4,4,4,3,5,6,3,3,2,3,6,6,2,4,3,4,5,5,5,5,5,5,5,5,5,6,5,22,Female,Asian American,3.2,Fifth year or beyond,NO,NA,NA,NA,33,170,8,39,8,41,8,50,8,48,8,40,10,53,10,49,10,53,10,54,6,26,6,29,5,17,5,28,3,16,5,18,4,19,3,15,3,12,12,55,12,56,12,46,FALSE,NA,NA,NA,NA,NA,NA,NA,NA,NA,NA,NA,NA,NA,NA,NA,NA,TRUE,0,0,1,1,1,1,1,1,0,0,0,0,0,0,0,0,0,0,0,0,0,0,0,0,0,0,0,0,0,0,0,1,1,1,0,1,1,1,0,0,0,0,0,0,0,0,0,1,4,227
376,100,3234,NA,PRST,PWXQ,STWX,GFFG,QQBB,EGFH,BODQ,VIJW,CLXC,XDBK,CGVZ,VEBT,PSQT,KIFB,"5,3,2","8,7,6,4,1","6,4,2","8,7,5,3,1","7,4,1","8,6,5,3,2","8,6,3,2","7,5,4,1","7,8,2,5,4","3,6,1","8,7,3,5,4,1","2,6","3,2,1","7,5,8,6,4",NA,NA,NA,NA,NA,"3,1","7,4","8,6,5,2","6,4","5,3,1","2,8,7","4,6","1,8","3,7,5,2",7,"6,2,4,1","8,5,3","2,5","3,7,8","1,6,4",7,2,6,4,7,6,5,5,7,7,7,6,5,7,6,2,5,5,4,2,5,5,7,7,6,4,7,7,3,3,5,7,5,4,3,5,4,6,6,5,4,7,7,7,7,6,6,4,3,4,7,7,7,6,7,5,7,7,3,7,7,7,6,5,6,5,7,6,5,6,5,5,6,7,4,7,5,6,5,7,7,4,6,2,5,2,3,1,7,1,1,2,4,6,7,7,7,7,7,5,5,5,6,6,7,7,7,2,4,2,2,2,4,7,6,7,1,2,3,7,7,5,7,7,7,7,3,7,3,2,6,5,1,5,1,7,5,7,7,6,6,6,5,6,7,3,5,3,1,6,2,4,5,4,7,7,7,5,1,3,1,5,6,2,2,6,7,5,7,4,6,6,5,1,1,1,2,6,1,4,5,7,7,7,7,6,7,2,3,7,7,7,3,7,5,5,6,3,6,3,5,7,7,20,Female,White or Caucasian,3.6,Third year (Junior),YES,28,650,550,33,163,8,42,8,47,8,40,8,44,8,37,10,58,10,63,10,58,10,59,6,22,6,15,5,35,5,27,3,21,5,12,4,24,3,6,3,19,12,52,12,45,12,69,TRUE,0,1,1,1,1,1,1,1,0,1,1,1,1,0,1,12,TRUE,1,1,1,1,1,1,1,1,1,1,0,0,0,0,0,0,0,0,0,1,1,1,1,1,1,0,0,0,0,0,0,1,1,1,1,1,1,1,1,0,0,0,0,1,1,0,0,1,8,244
377,100,664,TTTU,BCDE,JVZK,PQST,WXXW,EETT,IJLK,KMTV,SEFT,JCVC,VEGV,CIOZ,KXVH,PSQT,KIFB,"3,1,6,4","2,8,7,5","7,2,3,1","4,8,6,5","8,6,5,3,1","7,4,2","6,3,2,1","8,4,7,5","7,4,1,2","8,5,6,3","2,7,1","3,4","6,7,5,3,1","4,8,2","2,5,3,1",6,"2,4",1,"8,3","5,6,3",1,2,"2,1",4,"8,7","5,2,1",6,7,"1,2,3","5,4,8",7,"1,2",4,5,7,5,5,4,7,7,5,6,6,7,7,4,6,6,6,7,7,7,7,5,4,5,7,5,5,7,6,5,3,6,7,7,5,7,6,6,6,4,6,7,7,6,7,5,7,6,7,5,4,4,5,7,7,7,7,7,7,7,7,7,7,7,6,6,5,6,5,4,6,7,6,7,6,6,3,6,6,5,5,7,6,5,5,3,6,4,5,6,7,3,4,3,5,6,6,6,5,6,5,4,3,5,6,4,3,5,5,3,5,5,5,5,5,7,6,7,7,6,7,5,7,7,4,7,5,7,7,7,5,5,7,3,7,5,4,7,7,5,6,7,7,6,3,7,6,7,6,1,4,5,7,6,6,7,7,7,6,3,1,5,2,2,1,4,3,3,5,3,4,6,4,6,6,2,1,7,6,5,7,6,7,7,7,3,6,7,7,6,3,7,6,6,6,5,6,4,3,5,6,5,6,6,3,19,Female,White or Caucasian,3.7,Third year (Junior),YES,NA,680,780,33,190,8,46,8,49,8,47,8,48,8,49,10,56,10,70,10,58,10,57,6,28,6,27,5,28,5,22,3,13,5,23,4,25,3,20,3,19,12,42,12,57,12,72,TRUE,0,0,0,0,0,0,0,0,0,0,0,0,0,0,1,1,TRUE,0,0,0,0,0,0,0,0,0,0,0,0,0,0,0,0,0,0,0,0,0,0,0,0,0,0,0,0,0,0,0,0,0,0,0,0,0,0,0,0,0,0,0,0,0,0,0,0,0,250
378,100,7961,QPPQ,VWXY,PWXQ,STWX,GFFG,QQBB,EGFH,BODQ,VIJW,CLXC,XDBK,CGVZ,VEBT,GKHM,KIFB,"5,3,2","8,7,6,4,1","6,4,2","8,7,5,3,1","8,3","7,6,5,4,2,1","8,6,3,2","7,5,4,1","8,7,5,4,2","6,3,1","8,7,5,4,3,2,1",6,"8,3,2,1","7,6,5,4","6,5,4,1","8,7,2,3","5,3,1",7,"8,6,4,2","7,3,1","5,4","8,6,2","4,6","5,1,3","2,7,8","8,1,4","3,7,6","2,5","1,7,2",5,"3,4,6,8","5,2","3,8,7","1,6,4",7,6,6,5,5,7,5,6,5,7,7,6,4,7,6,6,7,6,6,7,5,5,7,6,6,7,6,7,3,7,6,5,6,5,5,6,6,7,6,5,5,5,7,6,6,5,5,5,4,4,5,7,7,7,6,7,7,7,7,7,5,6,7,5,7,7,7,7,6,6,7,7,4,7,3,7,6,7,6,7,7,7,7,5,7,7,7,4,7,3,5,6,7,7,6,7,7,7,6,1,1,5,4,5,7,3,5,3,4,3,4,3,7,7,7,7,4,5,6,7,7,6,3,6,7,7,6,7,6,7,7,7,2,5,7,6,7,7,6,6,5,6,6,6,7,7,6,7,6,7,6,7,7,6,6,6,4,2,3,4,5,5,4,5,2,2,1,5,6,6,2,7,6,3,3,5,5,4,7,6,6,6,3,5,7,6,7,7,4,5,6,5,3,4,4,5,6,6,5,2,4,6,5,18,Female,Hispanic or Latino,NA,First year (Freshman),YES,27,670,660,33,204,8,47,8,48,8,49,8,50,8,45,10,52,10,67,10,65,10,61,6,40,6,32,5,33,5,16,3,15,5,17,4,28,3,15,3,20,12,43,12,59,12,68,TRUE,1,0,1,1,1,1,1,1,0,1,1,1,1,1,1,13,TRUE,1,1,1,1,0,0,1,1,1,1,0,0,0,0,0,0,0,0,0,0,0,0,1,1,1,0,0,0,0,0,0,1,1,1,1,1,0,1,1,0,0,0,0,0,1,0,0,1,6,250
379,100,1778,QPPQ,PRST,PWXQ,STWX,GFFG,QQBB,OPRQ,BODQ,VIJW,CLXC,ZAGZ,CEIZ,VEBT,GKHM,HJMQ,"5,3,2","7,6,1,4,8","6,4,2","8,7,5,3,1","8,7,4,1","5,6,3,2","8,6,3,2","7,5,4,1","8,7,5,4,2","6,3,1","8,4,5,2,1","7,6,3","8,7,5,3,2","4,6,1","5,4,6,1","7,8,3,2","5,4,3","6,2","8,7,1",1,"3,4,8,7","6,5,2","6,4","3,5,1","8,7,2","2,8,5,7","1,4","3,6","1,4,2,7",6,"3,8,5","2,5","3,8,7","1,6,4",6,6,7,6,7,7,7,7,6,7,7,7,6,7,7,7,6,6,6,6,5,6,6,6,6,6,7,6,3,6,7,6,7,7,6,7,6,7,7,7,7,6,6,7,7,4,7,6,5,3,5,7,7,6,7,7,6,7,6,7,6,7,6,6,6,6,6,6,6,7,6,5,5,5,4,7,5,6,5,5,5,5,6,4,5,5,5,6,7,5,5,6,6,5,6,3,3,3,3,3,3,5,4,3,5,5,6,5,6,5,3,5,5,6,6,6,6,5,5,7,6,5,6,6,3,4,7,7,6,7,7,5,6,4,6,6,6,6,6,7,6,6,6,6,6,7,7,6,5,5,7,7,6,7,6,6,5,4,4,5,5,3,4,5,3,2,2,5,3,5,7,6,6,6,5,6,7,7,7,6,5,5,6,5,5,6,7,6,6,5,5,6,4,5,6,6,6,6,6,6,6,6,6,20,Female,Asian,3.5,Second year (Sophomore),YES,NA,NA,NA,33,198,8,53,8,54,8,47,8,51,8,54,10,56,10,66,10,62,10,52,6,30,6,33,5,18,5,18,3,16,5,24,4,23,3,16,3,18,12,48,12,70,12,67,TRUE,1,1,1,1,1,1,0,1,0,1,0,0,1,1,0,10,TRUE,1,1,1,1,0,0,1,1,1,1,0,0,0,0,0,0,0,0,0,0,0,0,1,1,1,0,0,0,0,0,0,1,1,1,1,1,0,1,1,0,0,0,0,0,1,0,0,1,6,250
380,100,1067,QPPQ,PRST,PWXQ,STWX,GFFG,QQBB,NA,NA,NA,NA,NA,NA,NA,AFBG,NA,"3,5,2","4,6,8,7,1","6,4,2","8,7,5,3,1","7,4,1","6,8,5,3,2","8,6,3,2","7,5,4,1",NA,NA,NA,NA,NA,NA,NA,NA,NA,NA,NA,"3,1","7,4","8,6,5,2","4,6","1,3,5","2,7,8","2,5,7","1,3,4","6,8","3,8,7","2,1","4,6,5","2,5","8,3,7","1,6,4",7,7,7,7,7,7,7,6,7,7,6,7,7,7,7,7,7,7,7,7,7,7,7,7,7,7,7,7,3,7,7,7,7,6,6,7,7,2,2,7,7,7,5,7,6,4,7,6,1,1,6,7,7,7,7,2,7,7,6,7,4,5,7,7,7,7,5,6,7,7,7,7,6,1,3,7,4,6,7,7,1,6,7,5,6,3,2,6,7,6,6,7,7,7,6,5,6,6,7,6,1,2,3,2,1,1,2,2,2,5,1,2,6,7,7,7,5,2,7,7,6,2,5,6,5,7,1,7,7,6,7,6,7,3,6,6,2,3,6,6,7,7,1,7,7,7,5,5,7,6,2,7,3,6,2,7,7,3,5,7,7,7,7,6,5,6,6,7,7,5,6,7,7,5,5,6,6,7,7,2,6,1,1,3,1,7,7,3,5,2,3,5,1,7,2,7,6,6,7,7,7,5,7,21,Female,White or Caucasian,4.072,Fourth year (Senior),YES,33,NA,NA,33,175,8,55,8,55,8,56,8,56,8,44,10,50,10,61,10,65,10,49,6,29,6,39,5,30,5,14,3,4,5,12,4,27,3,14,3,15,12,73,12,75,12,41,TRUE,1,1,1,1,1,1,0,0,0,0,0,0,0,0,0,6,TRUE,1,1,1,1,1,1,1,1,0,0,0,0,0,0,0,0,0,0,0,1,1,1,1,1,1,1,1,1,0,1,0,1,1,1,1,1,1,1,0,0,0,0,0,1,1,1,0,1,8,231
382,100,2169,QPPQ,PRST,PWXQ,STWX,GFFG,QQBB,EGFH,BODQ,FUZG,JCVC,NA,CGVZ,ZIFX,GKHM,KIFB,"5,3,2","8,7,6,4,1","6,4,2","8,7,5,3,1","7,4,1","8,6,5,3,2","8,6,3,2","7,5,4,1","8,7,6,5,4,2","3,1","8,7,5,4,2","6,3,1","8,7,5,3,1","6,4,2","6,5,1","8,7,4,3,2",NA,NA,NA,"3,1","4,7","6,8,5,2","4,6","3,5,1","2,7,8","2,5,7","1,4,3","6,8",NA,NA,NA,NA,NA,NA,7,5,7,5,7,7,7,7,6,4,6,7,7,6,7,6,7,5,3,6,6,3,7,7,6,5,6,6,3,7,5,6,7,6,5,5,7,4,6,6,7,6,7,5,6,2,5,2,4,3,5,7,6,6,7,7,7,7,4,4,5,6,6,5,6,6,6,7,6,6,5,7,5,7,7,5,6,7,6,6,7,6,7,6,7,6,6,3,7,7,7,7,7,5,6,6,6,6,7,2,3,5,4,2,1,3,5,5,1,4,1,5,6,6,4,7,5,4,5,7,7,2,7,6,6,7,7,6,6,7,6,6,7,2,3,7,6,6,5,6,5,7,3,6,7,5,7,1,7,7,6,6,3,7,7,6,4,3,1,2,1,6,2,6,6,3,3,4,6,7,4,6,5,5,7,7,6,4,7,4,6,2,2,6,7,5,5,3,1,6,6,7,6,6,7,6,6,4,6,7,7,6,7,19,Male,Asian,3.71,Second year (Sophomore),NO,NA,NA,NA,33,190,8,52,8,49,8,44,8,48,8,46,10,45,10,60,10,59,10,63,6,38,6,36,5,31,5,16,3,9,5,16,4,23,3,14,3,16,12,43,12,68,12,53,TRUE,1,1,1,1,1,1,1,1,1,0,0,1,0,1,1,12,TRUE,1,1,1,1,1,1,1,1,0,0,0,0,1,1,1,1,0,0,0,1,1,1,1,1,1,1,1,1,0,0,0,0,0,0,1,1,1,1,0,0,1,1,0,1,1,1,0,0,9,240
383,100,2683,QPPQ,PRST,PWXQ,STWX,GFFG,QQBB,EGFH,BODQ,COPD,CLXC,XDBK,CGVZ,VEBT,GKHM,LHEC,"3,5,2","6,8,7,1,4","6,4,2","7,8,5,3,1","7,4,1","8,6,5,3,2","6,8,3,2","7,5,4,1","8,5,7,4,2","6,3,1","8,7,5,4,3,2,1",6,"8,7,3,5,1","6,2,4","6,5,1","8,7,4,3,2","2,1","7,5,3,4","6,8","3,1","7,4","5,6,8,2","2,7,3,5",1,"4,8,6","1,4",3,"2,6,5",NA,NA,NA,NA,NA,NA,7,7,7,7,7,7,6,7,5,7,7,7,7,7,7,7,7,7,7,6,6,5,7,7,7,7,7,6,3,7,7,7,7,6,6,5,5,5,6,7,7,7,7,7,7,5,7,5,7,6,5,7,7,7,7,7,7,7,7,7,5,7,7,7,7,6,7,6,7,7,6,7,3,7,2,6,6,4,5,6,7,6,3,5,5,5,3,2,7,5,2,3,3,5,6,6,6,6,6,5,5,7,5,5,3,7,7,3,5,5,5,3,3,7,5,7,5,5,5,7,7,5,3,5,5,3,5,5,5,5,5,5,1,3,4,6,3,4,6,4,5,5,5,5,5,5,5,4,3,3,3,3,5,5,5,6,5,2,2,2,5,5,5,4,2,2,3,5,3,3,5,1,5,1,3,3,3,7,7,5,6,2,1,6,7,6,6,5,3,5,6,5,3,5,6,6,6,7,5,3,5,6,6,19,Female,Asian,4.005,Second year (Sophomore),YES,NA,740,800,33,143,8,55,8,54,8,52,8,55,8,47,10,63,10,68,10,67,10,53,6,27,6,20,5,30,5,27,3,17,5,21,4,22,3,15,3,19,12,43,12,46,12,58,TRUE,1,1,1,1,1,1,1,1,0,1,1,1,1,1,0,13,TRUE,1,1,1,1,1,1,1,1,1,1,0,0,1,1,1,1,0,0,0,1,1,1,0,0,0,0,0,0,0,0,0,0,0,0,1,1,1,1,1,0,1,1,0,1,0,0,0,0,8,244
384,100,1922,HGHH,PRST,PWXQ,NA,NA,NA,EGFH,BODQ,NA,CFCR,XDBK,CGVZ,VEBT,NA,KIFB,"2,3,5","1,4,8,6,7","6,4,2","8,7,5,3,1","7,4","6,5,2","6,3","4,1","2,8","5,7,1",NA,NA,"1,7,3","2,6,8","1,7,4","5,8",NA,NA,NA,"1,3","4,7","6,5,2,8","6,3,7,5,4",1,"8,2",4,NA,NA,NA,NA,NA,NA,NA,NA,6,6,6,7,5,7,5,6,4,5,5,5,6,6,4,6,5,4,5,5,3,2,5,5,5,6,6,5,3,5,5,5,6,6,7,5,5,7,5,5,7,5,6,6,6,4,5,3,5,4,5,7,6,7,7,5,7,7,7,6,6,6,6,6,7,6,6,6,6,6,5,6,4,5,4,7,5,4,4,4,5,3,5,3,5,3,3,6,7,4,5,5,5,4,3,3,3,3,4,4,4,7,5,5,5,5,6,5,5,3,5,5,3,6,6,5,5,5,5,7,7,7,6,5,6,7,6,7,5,5,6,5,7,5,7,6,6,6,5,7,6,4,5,7,5,7,6,5,4,6,5,7,6,6,7,4,4,2,2,3,2,2,5,3,5,3,3,5,5,7,7,7,6,3,3,7,6,7,3,5,6,4,3,6,6,6,6,7,5,6,6,6,6,5,5,5,5,6,6,5,7,7,7,21,Male,two or more races,4.06,Fourth year (Senior),YES,NA,760,760,33,193,8,48,8,41,8,34,8,43,8,47,10,49,10,65,10,60,10,48,6,22,6,29,5,16,5,25,3,16,5,23,4,20,3,15,3,21,12,38,12,66,12,66,TRUE,0,1,1,0,0,0,1,1,0,0,1,1,1,0,1,8,TRUE,1,1,1,1,0,0,0,0,0,0,0,0,0,0,0,0,0,0,0,1,1,1,0,0,0,0,0,0,0,0,0,0,0,0,1,1,0,0,0,0,0,0,0,1,0,0,0,0,3,232
385,100,3267,QPPQ,PRST,PWXQ,STWX,WXXW,QQBB,EGFH,HJPR,COPD,CLXC,XDBK,CGVZ,VEBT,EJFK,HJMQ,"2,5,3","8,7,6,4,1","4,6,2","7,8,5,3,1","7,4,3","8,6,5,1,2","8,2,6,3","7,5,4,1","8,7,5,4,2","6,3,1","7,5,4,3,2,1","8,6","4,7,5,8,3,1","2,6","7,3,1,5","8,6,2,4","5,1","6,8,3,2","7,4","1,5,3","7,4","8,6,2","3,6,4","1,5","2,8,7",3,"4,8","2,6,5,1",NA,NA,NA,NA,NA,NA,3,5,5,3,6,5,5,5,4,6,4,5,5,5,4,5,5,4,5,4,4,4,4,6,5,5,5,5,3,6,4,5,5,5,5,5,7,5,5,6,6,6,6,6,6,3,5,5,4,4,4,5,5,6,6,4,6,6,6,6,6,4,4,5,6,5,4,5,6,6,5,6,2,4,3,5,3,3,7,3,4,7,6,5,7,5,5,5,7,5,7,6,6,6,6,6,6,6,6,4,5,5,5,2,5,5,5,4,5,5,5,5,5,6,6,6,2,3,5,6,6,2,5,6,5,6,4,7,5,4,6,5,4,5,6,7,5,5,5,5,5,5,6,5,6,6,5,4,4,6,5,6,5,5,6,5,5,1,1,3,2,3,4,5,5,2,1,7,5,7,7,3,2,3,2,4,6,4,4,6,6,4,2,6,5,7,6,6,1,6,5,5,5,6,6,6,7,5,6,6,6,7,7,20,Female,Asian American,3.7,Third year (Junior),YES,NA,730,790,33,174,8,37,8,38,8,36,8,40,8,44,10,49,10,56,10,50,10,40,6,35,6,35,5,30,5,21,3,15,5,24,4,23,3,10,3,14,12,37,12,54,12,60,TRUE,1,1,1,1,0,1,1,0,0,1,1,1,1,0,0,10,TRUE,1,1,1,1,0,0,1,1,1,1,0,0,0,0,0,0,0,0,0,0,1,0,0,0,1,0,0,0,0,0,0,0,0,0,1,1,0,1,1,0,0,0,0,0,0,0,0,0,4,244
386,100,2100,QPPQ,PRST,PWXQ,STWX,GFFG,QQBB,EGFH,BODQ,FUZG,CLXC,XDBK,CGVZ,VEBT,GKHM,HJMQ,"3,5,2","8,7,6,4,1","6,4,2","8,7,5,3,1","7,4,1","8,6,5,3,2","8,6,3,2","7,5,4,1","7,5,4,2","8,6,3,1","8,7,5,4,3,2,1",6,"3,2,1","8,7,6,5,4","7,5,4,1","8,6,3,2","5,3,1","7,4,2","8,6","3,1","7,4","8,6,5,2","6,4","5,3,1","2,7,8","2,7,5","1,4,3","6,8","7,8,1,6","2,4,5",3,"2,5","3,8,7","1,6,4",7,7,7,7,7,7,7,7,7,7,7,7,7,7,7,7,4,5,7,4,4,7,5,7,7,7,7,7,3,7,7,7,7,7,7,7,7,7,7,7,7,7,7,7,7,2,7,5,1,1,1,7,7,7,7,7,7,7,7,7,5,4,7,7,7,7,7,7,7,7,5,4,4,4,2,5,4,4,4,7,4,1,1,1,1,1,1,1,7,1,6,1,1,1,4,6,4,4,1,7,7,7,7,7,6,7,7,7,5,5,7,7,1,6,4,6,6,6,5,7,5,6,2,5,4,4,3,4,2,5,5,4,3,3,3,7,2,4,5,2,3,3,4,2,4,3,2,2,2,7,2,4,2,2,6,7,6,5,5,4,2,5,4,4,4,5,5,5,7,2,3,4,4,3,3,5,6,1,4,4,4,4,4,6,7,1,7,4,7,7,4,2,4,4,4,4,5,6,4,4,5,4,4,19,Male,Asian American,3.6,Second year (Sophomore),YES,NA,710,790,33,115,8,56,8,56,8,43,8,56,8,56,10,45,10,68,10,65,10,42,6,6,6,11,5,19,5,35,3,20,5,31,4,17,3,17,3,18,12,56,12,47,12,59,TRUE,1,1,1,1,1,1,1,1,1,1,1,1,1,1,0,14,TRUE,1,1,1,1,1,1,1,1,0,0,0,0,0,0,0,0,0,0,0,1,1,1,1,1,1,1,1,1,0,0,0,1,1,1,1,1,1,1,0,0,0,0,0,1,1,1,0,1,8,250
387,100,1645,QPPQ,VWXY,PWXQ,PQST,GFFG,DDSS,IJLK,CERT,COPD,CFCR,XDBK,CIOZ,XGDV,GKHM,LHEC,"3,5,2","1,7,4,6,8","6,4,2","8,7,5,3,1","7,4,3","8,6,5,2,1","8,6,3,2","7,5,4,1","5,1,8,4","3,7,2,6","7,5,3,1","8,6,4,2","6,4,7,5,1","8,3,2","7,6,8,2,1","5,4,3","1,4,5,3","6,2","8,7","6,4,7,1","5,2","8,3","6,4","3,1,5","2,7,8","2,7,5","1,4,3","6,8","1,7,8","5,6,2","3,4","2,5","3,7,8","4,1,6",7,4,6,1,7,6,4,6,4,7,6,7,7,6,6,6,5,4,6,7,7,7,6,7,7,7,7,5,3,6,7,6,5,5,7,5,4,4,5,7,6,7,7,7,7,2,7,4,4,3,4,7,7,6,7,6,6,5,6,7,4,5,6,7,6,4,6,5,7,7,5,5,4,6,4,5,5,1,5,5,5,5,7,6,6,5,5,6,7,3,6,6,7,6,5,5,3,5,3,2,2,2,2,3,5,5,5,5,6,5,3,6,6,7,5,7,4,5,6,6,6,5,6,7,3,6,7,7,6,6,6,6,5,5,5,5,7,6,5,7,6,5,6,6,6,6,7,5,5,7,7,6,6,7,7,6,5,2,2,5,3,2,2,2,2,2,2,5,2,5,5,5,3,6,7,5,5,5,6,5,6,6,5,5,3,7,7,6,6,6,6,7,2,5,5,5,6,6,6,2,5,5,5,18,Female,Asian,4,First year (Freshman),YES,NA,700,710,33,197,8,41,8,49,8,49,8,50,8,43,10,52,10,61,10,58,10,45,6,34,6,34,5,21,5,11,3,15,5,25,4,25,3,15,3,17,12,35,12,59,12,68,TRUE,1,0,1,0,1,0,0,0,0,0,1,0,0,1,0,5,TRUE,1,1,1,1,0,0,1,1,0,0,0,0,0,0,0,0,0,0,0,0,0,0,1,1,1,1,1,1,0,0,0,1,1,1,1,1,0,1,0,0,0,0,0,0,1,1,0,1,6,250
388,100,3207,TTTU,PRST,PWXQ,STWX,GFFG,QQBB,UVXW,FHXZ,PABQ,CLXC,PFCC,CGVZ,VEBT,PSQT,LHEC,"8,7,6,4,1","5,3,2","8,7,5,3,1","6,4,2","7,4,1","8,6,5,3,2","8,6,3,2","7,5,4,1","8,7,5,4,2","6,3,1","3,4,7,5,1","8,6,2","8,7,5,3,1","6,4,2","6,2,3,1","8,7,4,5","5,3,1","6,4,7,2",8,"3,1","7,8,5,4","6,2","5,6,3,2","4,1","8,7",NA,NA,NA,NA,NA,NA,NA,NA,NA,5,5,5,5,6,6,5,6,3,5,4,5,5,4,4,2,3,2,4,2,4,3,4,7,4,5,5,4,3,3,3,4,4,6,7,7,5,4,7,5,7,6,5,6,6,4,6,6,4,5,3,5,6,5,5,4,6,6,5,6,5,4,3,4,5,5,5,6,5,3,5,4,4,4,1,6,6,4,5,4,3,3,6,3,3,4,4,3,7,4,5,5,5,5,5,5,4,4,3,5,4,5,5,5,5,5,5,5,5,5,5,6,3,5,5,6,5,5,4,6,6,6,5,5,5,6,6,6,4,3,5,6,6,5,6,5,5,6,5,5,6,4,5,6,5,6,6,5,4,5,5,6,6,6,6,3,3,3,2,1,1,2,5,3,5,5,5,3,4,3,6,6,6,2,3,6,7,5,1,5,5,6,5,6,6,5,6,5,3,5,3,5,5,5,5,5,4,4,5,4,4,5,5,21,Female,Black or African American,3.98,Fourth year (Senior),NO,NA,NA,NA,33,175,8,43,8,32,8,29,8,32,8,48,10,51,10,53,10,45,10,41,6,23,6,27,5,21,5,24,3,15,5,26,4,19,3,14,3,18,12,38,12,52,12,60,TRUE,0,1,1,1,1,1,0,0,0,1,0,1,1,0,0,8,TRUE,0,0,0,0,1,1,1,1,1,1,0,0,1,1,0,0,0,0,0,1,0,0,0,0,0,0,0,0,0,0,0,0,0,0,0,0,1,1,1,0,1,0,0,0,0,0,0,0,4,241
389,100,2407,QPPQ,PRST,PWXQ,STWX,GFFG,QQBB,EGFH,BODQ,FUZG,CLXC,XDBK,CGVZ,VEBT,GKHM,HJMQ,"3,5,2","8,7,6,4,1","6,4,2","8,7,5,3,1","7,4,1","8,6,5,3,2","8,6,3,2","7,5,4,1","8,5,4,2","7,6,3,1","3,7,8,5,4,2","1,6","2,1,5,3","8,4,7,6","7,4,1,5","3,8,2,6","2,3","7,5,4","6,8,1","1,3","7,8,5,4","6,2",NA,"3,1",2,NA,NA,NA,NA,NA,NA,NA,NA,NA,6,5,4,1,7,4,7,4,5,6,5,5,5,2,5,5,6,7,3,7,6,4,7,7,6,6,7,7,3,5,7,6,5,7,6,7,7,6,7,7,7,6,3,3,4,4,5,5,3,3,4,6,6,6,7,4,4,6,6,6,6,6,7,5,7,7,6,6,5,6,7,6,4,7,2,5,4,2,5,5,7,7,5,6,6,6,7,2,7,3,5,7,5,5,7,7,7,6,7,1,2,2,2,2,1,1,1,1,1,1,1,1,7,7,6,7,5,2,3,6,5,7,7,7,5,7,6,7,6,6,7,7,6,5,2,6,2,5,7,2,5,6,5,6,5,6,5,3,6,7,1,6,5,1,3,7,2,3,2,3,5,5,2,5,5,3,3,7,7,5,6,5,6,6,7,7,7,7,7,3,6,5,2,6,3,7,7,6,5,6,6,7,5,7,7,7,7,7,7,6,7,7,7,21,Female,White or Caucasian,3.778,Third year (Junior),YES,35,530,590,33,170,8,38,8,38,8,47,8,49,8,54,10,40,10,57,10,62,10,47,6,37,6,27,5,34,5,9,3,3,5,5,4,27,3,10,3,18,12,45,12,77,12,62,TRUE,1,1,1,1,1,1,1,1,1,1,1,1,1,1,0,14,TRUE,1,1,1,1,1,1,1,1,0,0,0,0,0,0,0,0,0,0,0,1,0,0,0,0,0,0,0,0,0,0,0,0,0,0,1,1,1,1,0,0,0,0,0,0,0,0,0,0,4,240
390,100,2508,QPPQ,VWXY,PWXQ,STWX,GFFG,QQBB,EGFH,BODQ,FUZG,CLXC,XDBK,CGVZ,KXVH,RWSX,HJMQ,"2,5,3","1,4,6,7,8","6,4,2","8,7,5,3,1","7,4,1","8,6,5,3,2","8,6,3,2","7,5,4,1","4,7,8,5,2","1,3,6","8,5,4,2","7,6,3,1","8,5,3,1","7,6,4,2","6,5,1","8,7,4,3,2","6,1","4,7,5","8,3,2","1,3","7,4","5,8,6,2","4,6","5,1,3","2,8,7","5,7,2","1,4,3","6,8",NA,NA,NA,NA,NA,NA,5,5,5,5,6,6,5,5,5,5,5,5,5,5,5,5,4,4,5,4,4,4,5,5,5,5,5,5,3,6,5,5,5,3,2,4,5,4,3,6,2,6,6,5,6,2,5,5,2,3,2,6,6,6,6,5,6,6,5,6,5,5,5,6,5,5,5,4,5,5,5,6,2,5,2,5,4,3,5,4,6,6,6,6,6,6,6,4,7,6,6,5,6,6,5,6,5,6,5,2,2,2,2,2,2,1,2,2,3,2,3,3,6,6,6,6,3,2,4,5,5,5,5,5,6,6,5,5,6,6,6,6,6,3,6,6,5,6,5,6,6,5,3,6,5,5,6,4,4,6,5,6,4,6,6,5,2,5,5,3,1,3,2,5,3,2,3,3,5,6,7,6,6,6,6,5,6,3,6,5,6,6,5,6,7,6,6,6,3,6,6,5,6,5,6,6,6,6,6,6,7,6,6,19,Female,White or Caucasian,3.68,Second year (Sophomore),NO,NA,NA,NA,33,176,8,42,8,40,8,35,8,41,8,29,10,42,10,57,10,50,10,42,6,36,6,33,5,27,5,10,3,5,5,13,4,24,3,9,3,15,12,39,12,65,12,68,TRUE,1,0,1,1,1,1,1,1,1,1,1,1,0,0,0,11,TRUE,1,1,1,1,1,1,1,1,1,1,1,1,0,0,1,1,0,0,0,1,1,1,1,1,1,1,1,1,0,0,0,0,0,0,1,1,1,1,1,1,0,1,0,1,1,1,0,0,10,244
391,100,2081,QPPQ,PRST,PWXQ,STWX,GFFG,QQBB,EGFH,BODQ,FUZG,CLXC,XDBK,CGVZ,VEBT,PSQT,LHEC,"5,2,3","1,8,7,6,4","6,4,2","8,7,5,3,1","7,4,1","8,6,5,3,2","8,6,3,2","7,5,4,1","8,7,5,4,2","6,3,1","8,5,4,2","7,6,3,1","8,7,5,3,2,1","6,4","8,7,5,1","6,4,3,2","8,5","7,3","6,4,1,2","3,1","7,4","8,6,5,2","4,6","1,5,3","2,8,7","2,7,5","1,4,3","6,8","8,5,1","2,4,6","3,7","2,5","7,8,3","4,6,1",5,3,6,6,7,7,5,3,2,6,3,3,6,6,5,3,4,5,5,6,4,4,4,5,7,5,6,6,3,6,6,7,6,7,3,4,5,5,3,7,3,7,6,6,7,4,7,4,3,3,4,7,7,7,7,6,7,7,7,7,7,7,7,7,7,6,7,7,7,7,7,7,5,7,1,7,5,5,7,7,7,5,5,5,6,6,3,4,7,3,5,4,6,6,7,6,6,6,5,3,3,5,4,3,5,5,5,2,2,4,3,3,6,7,6,7,6,6,6,7,7,3,6,6,7,6,6,7,4,6,6,4,6,6,5,6,6,6,5,7,5,6,5,5,4,6,7,4,4,7,6,6,5,7,6,6,6,2,2,1,2,2,2,4,5,2,3,5,4,5,7,6,6,3,4,7,5,4,4,5,6,6,5,6,7,7,7,6,5,6,6,6,1,5,5,6,6,5,3,5,4,4,7,21,Female,White or Caucasian,3.92,Third year (Junior),YES,34,NA,NA,33,188,8,42,8,34,8,37,8,49,8,37,10,51,10,69,10,69,10,58,6,30,6,28,5,30,5,18,3,15,5,14,4,26,3,18,3,17,12,37,12,60,12,72,TRUE,1,1,1,1,1,1,1,1,1,1,1,1,1,0,0,13,TRUE,1,1,1,1,1,1,1,1,1,1,1,1,0,0,0,0,0,0,0,1,1,1,1,1,1,1,1,1,0,0,0,1,1,1,1,1,1,1,1,1,0,0,0,1,1,1,0,1,10,250
392,100,1337,QPPQ,PRST,PWXQ,CDFG,GFFG,QQBB,EGFH,FHXZ,VIJW,CLXC,PFCC,CGVZ,VEBT,GKHM,LHEC,"5,3,2","8,7,6,4,1","7,5,4,2","8,6,3,1","7,3,1,4","8,6,5,2","6,4,2","7,8,5,3,1","7,6,5,4,2","8,3,1","7,5,4,3,1","8,6,2","7,5,3,2,1","8,6,4","8,7,4,1","6,5,3,2","5,3","6,7,2","8,4,1","5,3,1","6,4","8,7,2","6,4","5,3,1","8,2,7","3,8,4","1,7,6","2,5","6,8,7","1,4,3","2,5","2,5","3,8,7","1,6,4",6,4,6,5,7,7,6,4,3,5,4,6,6,6,4,5,6,7,6,7,5,6,6,6,6,6,7,6,3,6,7,7,6,6,6,7,7,7,6,6,7,7,7,7,7,7,7,7,7,6,7,7,7,6,7,6,7,6,6,6,6,7,7,6,7,7,7,7,7,7,7,6,5,6,7,6,6,2,6,6,7,6,5,5,6,5,5,4,7,5,7,6,6,5,6,6,6,6,7,3,5,5,5,5,6,6,3,4,6,4,6,5,5,7,7,6,6,4,6,6,6,1,6,5,5,5,2,5,5,5,5,5,4,6,6,6,5,6,6,7,6,6,6,6,6,6,6,5,6,4,7,6,6,7,5,7,6,3,2,5,3,6,5,4,2,1,4,6,7,6,6,6,5,1,2,7,5,1,6,7,6,7,5,6,6,7,7,7,4,6,5,6,6,6,6,4,6,NA,6,5,6,6,6,19,Female,White or Caucasian,NA,Second year (Sophomore),NO,NA,NA,NA,33,182,8,45,8,39,8,49,8,51,8,52,10,69,10,64,10,69,10,57,6,32,6,33,5,31,5,23,3,15,5,25,4,25,3,16,3,13,12,48,12,58,12,73,TRUE,1,1,1,0,1,1,1,0,0,1,0,1,1,1,0,10,TRUE,1,1,0,0,0,0,0,0,0,0,0,0,0,0,0,0,0,0,0,0,0,0,1,1,1,0,0,0,0,0,0,1,1,1,1,0,0,0,0,0,0,0,0,0,1,0,0,1,3,249
393,100,1620,QPPQ,PRST,PWXQ,CDFG,WXXW,AAPP,IJLK,FHXZ,COPD,CLXC,VEGV,CIOZ,ZIFX,PSQT,KGDB,"2,5,3","1,4,7,6,8","6,4,2","8,7,5,3,1","7,4","5,8,3,6,1,2","6,8,2,3","7,5,4,1","7,6,5,4,2","8,3,1","5,4,3,1,2","7,8,6","5,3,2,1","6,8,7,4","4,3,2,1","8,6,7,5","4,1","6,5,2,7","8,3","3,1","8,7","6,5,4,2","6,4","5,3,1","7,8,2","1,4","5,6,8","7,2,3","8,1","2,5","3,7,6,4","2,5,3","8,7","6,1,4",6,5,7,5,7,7,6,5,6,6,5,4,6,6,5,6,5,5,5,5,4,4,4,6,6,5,7,5,3,6,5,6,6,5,6,6,5,6,6,6,6,7,7,7,7,5,7,6,5,5,5,7,6,6,7,7,7,7,6,7,6,6,6,6,7,6,6,6,6,6,6,6,4,6,5,7,6,5,5,5,6,3,5,3,3,3,3,2,7,6,6,5,3,6,6,5,3,3,3,3,6,7,6,6,6,6,6,2,2,2,2,2,5,7,6,7,3,5,4,6,6,6,6,3,5,5,6,6,3,5,5,4,2,3,2,5,2,5,5,6,6,6,5,3,6,6,6,3,3,5,5,6,5,6,5,7,7,3,3,5,4,6,6,6,5,3,3,6,6,6,7,5,6,3,5,5,5,6,7,3,6,5,2,6,5,6,6,6,2,5,5,6,3,3,6,5,5,5,7,7,7,7,7,20,Female,two or more races,4.09,Third year (Junior),YES,34,NA,NA,33,154,8,48,8,44,8,38,8,46,8,46,10,61,10,66,10,61,10,55,6,20,6,28,5,20,5,28,3,18,5,10,4,25,3,12,3,18,12,58,12,67,12,57,TRUE,1,1,1,0,0,0,0,0,0,1,0,0,0,0,0,4,TRUE,1,1,1,1,0,0,1,1,0,0,0,0,0,0,0,0,0,0,0,1,0,0,1,1,1,0,0,0,0,0,0,0,0,1,1,1,0,1,0,0,0,0,0,0,1,0,0,0,4,250
395,100,5329,QPPQ,PRST,PWXQ,CDFG,GFFG,QQBB,IJLK,BODQ,SEFT,CLXC,XDBK,CGVZ,VEBT,RWSX,KIFB,"2,5,3","8,7,6,4,1","6,4,2","8,7,5,3,1","4,7,1","6,5,3,2,8","8,6,3,2","7,5,4,1","8,7,5,4,2","6,3,1","5,4,3,1,2","8,7,6","6,8,3,4,1","7,2,5","8,7,6,3,1,2","5,4","6,1","5,7,4,3,2",8,"3,1","7,5,4","8,6,2","4,6","1,5,3","7,2,8","5,7,8,2","1,4,3",6,"3,8,7,6","2,1","4,5","2,5","7,8,3","1,4,6",6,7,7,6,7,7,4,6,6,5,6,6,6,7,6,5,6,5,5,4,7,7,7,6,7,7,7,6,3,7,6,7,7,5,4,4,6,7,1,6,7,5,7,6,6,6,7,7,5,5,6,7,6,6,7,7,7,7,6,7,4,6,6,7,7,6,6,6,7,7,7,7,6,7,4,7,6,6,6,7,6,5,5,3,5,4,2,1,7,4,2,2,3,5,6,3,5,4,2,3,4,6,6,4,6,6,6,2,3,2,2,2,5,6,5,6,3,3,4,7,5,5,6,5,3,7,6,7,3,7,6,5,7,5,4,6,6,6,6,7,6,5,3,6,4,6,7,7,5,5,7,7,5,7,6,7,7,1,1,5,5,3,6,6,6,3,3,6,7,7,7,6,6,3,6,6,6,7,7,2,3,3,2,6,7,4,6,3,1,3,5,7,6,4,4,4,4,4,6,7,7,7,7,18,Female,two or more races,3.6,Second year (Sophomore),YES,36,NA,NA,33,188,8,50,8,47,8,47,8,54,8,40,10,60,10,64,10,65,10,62,6,24,6,17,5,20,5,23,3,18,5,11,4,22,3,10,3,17,12,53,12,74,12,45,TRUE,1,1,1,0,1,1,0,1,0,1,1,1,1,0,1,11,TRUE,1,1,1,1,1,1,1,1,1,1,0,0,0,0,0,0,0,0,0,1,0,0,1,1,1,0,1,0,1,1,1,1,1,1,1,1,1,1,1,0,0,0,0,0,1,0,1,1,8,250
396,100,2618,QPPQ,PRST,PWXQ,STWX,GFFG,QQBB,EGFH,BODQ,FUZG,CLXC,TNLL,CGVZ,VEBT,RWSX,DFIM,"2,5,3","8,7,6,4,1","4,7,5,3,2,1","8,6","4,7,1","8,5,6,3,2","8,6,3,2","7,5,4,1","7,8,5,4","2,6,3,1","5,4,7,3,1","8,2,6","3,5,1","2,7,4,8,6","7,2,1,3","5,8,6,4","3,2,1","5,7","4,6,8","1,3","2,5,8","4,6,7","4,6","5,3,1","8,7,2","1,4,8,2","3,6","5,7","1,3","6,2,4","7,8,5","2,5","8,3,7","6,4,1",7,7,6,6,7,6,6,6,5,6,6,7,6,6,6,5,3,6,6,6,2,1,4,6,5,6,6,7,3,7,7,7,6,6,7,7,6,7,5,6,7,7,7,7,7,7,7,6,7,7,7,7,6,6,7,6,6,7,6,7,5,7,7,7,7,7,7,7,7,7,7,2,4,6,1,7,4,3,3,4,7,3,7,5,6,6,5,1,7,6,5,4,7,6,7,7,6,6,6,6,3,5,6,6,7,6,7,1,1,7,1,4,5,7,6,7,7,7,5,7,3,5,1,3,2,6,1,5,6,5,6,2,7,2,4,6,1,2,6,2,3,5,4,5,6,5,2,2,5,3,2,6,4,1,5,7,7,3,1,6,6,7,7,6,5,5,5,1,5,7,3,7,6,2,1,6,6,7,4,5,3,5,3,7,5,6,6,5,1,1,3,6,6,7,7,3,6,3,4,4,3,3,7,20,Female,Hispanic or Latino,2.44,Second year (Sophomore),YES,27,650,670,33,125,8,51,8,47,8,34,8,51,8,51,10,69,10,63,10,70,10,41,6,32,6,29,5,32,5,26,3,20,5,14,4,25,3,19,3,15,12,65,12,55,12,50,TRUE,1,1,1,1,1,1,1,1,1,1,0,1,1,0,0,12,TRUE,1,1,0,0,1,1,1,1,0,0,0,0,0,0,0,0,0,0,0,1,0,0,1,1,1,0,0,0,0,0,0,1,1,1,1,0,1,1,0,0,0,0,0,0,1,0,0,1,5,250
397,100,1795,QPPQ,PRST,PWXQ,STWX,GFFG,QQBB,EGFH,CERT,FUZG,CLXC,XDBK,CGVZ,KXVH,GKHM,KIFB,"3,5,2","7,6,8,4,1","6,4,2","8,7,5,3,1","7,4,1","8,6,5,3,2","8,6,3,2","7,5,4,1","7,5,8,4,2","1,3,6","7,5,3,4,2","8,6,1","5,6,8,1,2","7,4,3","6,5,1","8,7,4,3,2","5,1,8",7,"2,6,4,3","3,1","7,4","8,6,5,2","6,4","5,3,1","8,7,2","5,7,8,2","1,4,3",6,"7,3,6","1,2","4,5,8","2,5","8,3,7","4,1,6",7,6,6,5,6,7,6,6,6,7,7,5,6,7,6,5,5,6,6,4,5,6,4,7,6,7,7,7,3,6,5,6,6,7,5,6,7,7,7,6,5,7,7,6,7,4,6,5,4,4,5,7,6,5,7,4,6,7,6,6,6,5,7,7,7,6,7,5,6,6,6,6,3,7,2,6,5,3,5,5,6,5,6,5,5,5,6,4,7,5,5,5,6,6,6,5,6,6,6,3,3,5,4,3,5,4,5,4,5,5,5,5,5,7,6,6,3,3,4,5,5,3,5,6,5,4,5,7,4,6,5,5,3,3,4,5,5,5,4,5,4,4,4,4,5,6,5,3,4,6,5,6,5,5,6,6,6,5,4,4,3,5,2,4,4,3,4,3,4,4,5,6,6,3,5,4,4,6,6,6,5,6,5,6,6,7,7,6,3,7,7,6,6,6,6,5,6,4,7,7,7,7,7,19,Female,Hispanic or Latino,3.76,Third year (Junior),YES,26,NA,NA,33,158,8,49,8,49,8,43,8,50,8,50,10,55,10,60,10,62,10,48,6,32,6,31,5,29,5,18,3,14,5,24,4,24,3,10,3,13,12,50,12,56,12,71,TRUE,1,1,1,1,1,1,1,0,1,1,1,1,0,1,1,13,TRUE,1,1,1,1,1,1,1,1,1,1,0,0,0,0,1,1,0,0,0,1,1,1,1,1,1,0,1,0,0,1,0,1,1,1,1,1,1,1,1,0,0,1,0,1,1,0,0,1,9,250
398,100,2208,DDDE,FGHI,JVZK,BCEF,LMML,CCRR,ABDC,FHXZ,SEFT,CFCR,TNLL,CAEZ,XGDV,GKHM,DFIM,"5,3,2","8,7,6,4,1","6,4,2","8,7,5,3,1","7,4,1","8,5,3,6,2","6,8,3,2","7,5,4,1","8,2,5,1","7,6,4,3","7,4,2,1","8,6,5,3","5,3,2,1","8,7,4,6","7,5,3,2","8,6,4,1","6,8,5","3,2,1","4,7","3,1","7,4","8,6,5,2","6,4,3","5,1","8,7,2","4,7","3,8,6,1","2,5","5,7","1,2","3,8,6,4","2,5","3,8,7","1,6,4",4,5,5,4,5,5,5,5,4,5,4,4,5,5,5,5,5,5,5,3,5,5,5,5,5,5,5,5,3,5,5,6,5,5,5,4,5,5,5,4,5,7,7,5,5,4,5,5,4,4,5,4,5,5,5,4,5,5,5,5,5,5,5,5,4,5,5,5,5,5,5,5,5,5,4,5,4,4,3,5,5,4,5,5,4,4,3,3,7,4,5,4,5,5,3,5,5,5,5,4,2,6,5,5,5,5,5,5,6,5,5,5,4,5,5,6,3,2,3,5,5,2,5,5,5,5,6,NA,4,5,4,4,3,3,4,5,5,3,5,6,4,4,5,5,5,5,6,4,6,5,6,5,5,6,5,5,4,5,4,4,4,5,4,5,5,4,4,4,5,5,4,7,6,3,3,3,3,4,3,5,4,5,5,6,7,7,5,5,5,5,5,5,3,4,4,4,4,3,5,5,5,5,5,19,Female,Black or African American,NA,First year (Freshman),NO,NA,NA,NA,32,157.78125,8,38,8,37,8,38,8,41,8,38,10,51,10,48,10,49,10,45,6,25,6,26,5,23,5,22,3,15,5,26,4,20,3,8,3,12,12,53,12,50,12,64,TRUE,0,0,0,0,0,0,0,0,0,0,0,0,0,1,0,1,TRUE,1,1,1,1,1,1,1,1,0,0,0,0,0,0,0,0,0,0,0,1,1,1,0,0,1,0,0,0,0,1,0,1,1,1,1,1,1,1,0,0,0,0,0,1,0,0,0,1,6,249
400,100,2017,QPPQ,PRST,PWXQ,STWX,GFFG,QQBB,EGFH,KMTV,FUZG,CLXC,ZAGZ,CIOZ,VEBT,GKHM,DFIM,"2,5,3","6,8,1,7,4","4,6,2","5,1,3,7,8","1,4,7","5,6,8,3,2","6,2,3,8","7,5,4,1","2,8,7,5,4","1,6,3","3,1,5,2","7,4,8,6","5,8,1,3","7,2,4,6","1,7,5,6,2","3,8,4","5,3,8,2","4,7,6",1,"1,3","4,7","2,5,8,6","4,6","5,1,3","2,7,8","5,8,7,2","4,1,3",6,"7,1,8,3",2,"5,4,6","2,5","3,8,7","6,1,4",7,7,7,7,7,7,7,7,7,7,7,7,7,7,7,6,7,7,7,7,6,7,7,7,7,7,7,7,3,7,7,7,7,7,7,7,7,7,7,7,7,7,7,7,7,6,7,6,6,6,6,7,7,7,7,7,7,7,7,7,7,7,7,7,7,7,7,7,7,7,7,7,7,6,4,7,6,5,7,7,5,6,5,4,7,6,3,4,7,7,7,5,7,6,5,3,5,5,3,2,5,6,5,3,2,5,5,5,6,6,5,6,7,7,7,7,7,7,7,6,6,5,7,5,7,6,6,7,5,7,6,7,7,5,5,5,6,7,7,6,5,7,5,5,7,6,6,7,3,5,5,6,7,6,6,7,5,4,2,4,4,4,5,4,5,3,3,7,7,7,7,6,4,5,7,6,6,4,1,6,6,5,5,6,6,6,7,5,3,7,7,7,7,6,6,6,7,5,7,7,6,6,6,21,Female,prefer not to answer,3.694,Fourth year (Senior),NO,NA,NA,NA,33,197,8,56,8,55,8,55,8,56,8,56,10,65,10,70,10,70,10,61,6,31,6,36,5,21,5,21,3,12,5,28,4,28,3,21,3,17,12,50,12,67,12,69,TRUE,1,1,1,1,1,1,1,0,1,1,0,0,1,1,0,11,TRUE,1,1,1,1,1,1,1,1,1,1,0,0,0,0,0,0,0,0,0,1,1,1,1,1,1,0,1,0,0,0,0,1,1,1,1,1,1,1,1,0,0,0,0,1,1,0,0,1,8,250
401,100,2298,QPPQ,PRST,PWXQ,CDFG,GFFG,QQBB,EGFH,NA,FUZG,CLXC,PFCC,CGVZ,NA,GKHM,NA,"5,3,2","8,7,6,4,1","6,4,2","8,7,5,3,1","7,4,1","8,6,5,3,2","8,6,3,2","7,5,4,1","8,7,5,4,2","6,3,1","4,3,2,1","8,7,6,5",NA,NA,NA,NA,"2,5,1","6,4,7","3,8","3,1","7,4","8,6,5,2","6,4","1,5,3","2,8,7","2,8,7,5","1,4,3",6,"3,7,6","2,1","4,8,5","2,5","8,3,7","1,4,6",6,3,7,6,5,4,6,7,2,5,4,6,6,4,3,4,4,2,6,6,2,4,5,5,6,6,6,6,3,6,6,5,7,5,5,6,7,5,5,6,5,6,6,7,6,6,5,6,5,6,6,6,3,7,4,4,5,6,7,4,4,4,7,5,6,5,5,6,5,6,6,4,2,4,1,7,4,3,3,2,4,5,6,5,6,6,5,5,7,5,5,3,6,6,5,6,5,6,5,2,1,2,5,3,3,4,4,3,6,3,5,5,6,6,6,7,2,4,6,7,6,4,6,5,2,6,6,5,4,5,5,3,5,3,6,5,6,7,4,6,5,5,4,5,4,7,6,6,3,6,6,6,3,6,6,7,7,2,2,5,6,5,5,3,3,5,6,5,4,6,7,6,6,3,3,5,5,6,6,4,5,5,3,6,7,6,6,6,3,6,7,5,2,5,5,5,5,4,5,3,6,5,7,21,Female,Asian,4.05,Fourth year (Senior),YES,NA,780,800,33,167,8,44,8,34,8,34,8,48,8,44,10,59,10,50,10,55,10,34,6,33,6,30,5,27,5,13,3,11,5,22,4,25,3,12,3,17,12,56,12,62,12,64,TRUE,1,1,1,0,1,1,1,0,1,1,0,1,0,1,0,10,TRUE,1,1,1,1,1,1,1,1,1,1,0,0,0,0,0,0,0,0,0,1,1,1,1,1,1,0,1,0,0,1,0,1,1,1,1,1,1,1,1,0,0,0,0,1,1,0,0,1,8,243
402,100,3286,QPPQ,PRST,PWXQ,STWX,GFFG,QQBB,EGFH,BODQ,FUZG,CLXC,ZAGZ,CGVZ,VEBT,PSQT,HJMQ,"2,5,3","4,8,6,1","4,6,2","7,5,8,3,1","7,4,1","5,3,2,8,6","8,6,2,3","7,5,4,1","4,5,8,7,2","6,3,1","7,3,2,1","8,6,5,4","8,1,6,5,3","7,4,2","7,4,5,6","1,2,8,3","5,1,3","7,6,4","8,2","1,3","4,7","6,8,2,5","6,4","3,5,1","8,7,2","7,5,2","1,4,3","6,8","3,7","1,6,2","5,8,4",NA,NA,NA,5,3,5,3,5,5,5,6,4,4,3,6,6,5,3,4,4,3,2,1,4,4,4,5,5,6,5,6,3,3,6,6,7,6,6,5,7,6,5,5,6,5,5,6,6,2,6,4,5,3,2,7,7,6,6,7,7,7,7,7,7,4,6,5,6,4,7,5,5,7,6,6,4,5,4,6,4,3,5,7,5,5,5,5,4,5,5,4,7,3,5,3,5,6,6,5,3,7,3,2,2,7,3,6,5,5,5,3,6,6,3,7,6,6,7,7,4,3,4,6,6,7,5,5,3,5,6,3,4,6,5,6,5,5,3,7,6,6,4,7,5,5,6,5,4,6,6,3,3,7,6,7,3,6,6,6,4,1,1,1,1,1,1,7,6,3,2,7,6,6,7,4,5,5,2,6,6,6,7,6,6,6,6,6,6,7,7,7,3,6,5,6,6,6,5,4,5,4,7,6,7,7,7,18,Female,White or Caucasian,4.09,Third year (Junior),YES,NA,650,600,33,169,8,37,8,35,8,27,8,44,8,46,10,44,10,68,10,55,10,49,6,29,6,26,5,24,5,20,3,15,5,25,4,26,3,11,3,19,12,34,12,67,12,71,TRUE,1,1,1,1,1,1,1,1,1,1,0,1,1,0,0,12,TRUE,1,0,1,1,1,1,1,1,1,1,0,0,0,0,0,0,0,0,0,1,1,1,1,1,1,1,1,1,0,0,0,0,0,0,0,1,1,1,1,0,0,0,0,1,1,1,0,0,7,247
403,100,1662,QPPQ,PRST,PWXQ,STWX,GFFG,QQBB,EGFH,BODQ,FUZG,CLXC,XDBK,CGVZ,VEBT,GKHM,KIFB,"2,5,3","6,8,7,1,4","6,4,2","8,7,5,3,1","7,4,1","8,6,5,3,2","8,6,3,2","7,5,4,1",NA,NA,NA,NA,NA,NA,"6,5,1","8,7,4,3,2",NA,NA,NA,"3,1","7,4","5,8,2,6","4,6","1,5,3","8,7,2","2,7,5","1,4,3","6,8",NA,NA,NA,"2,5","8,7,3","4,6,1",6,7,6,3,5,6,5,6,6,6,6,6,7,7,7,6,5,5,6,5,4,4,4,6,5,5,7,5,3,7,6,7,6,4,4,4,5,5,2,7,3,5,6,6,7,3,6,6,4,4,4,7,7,7,7,6,7,7,7,7,7,5,6,7,6,6,6,6,6,6,5,5,5,5,3,7,6,2,3,6,6,5,7,3,5,6,5,3,7,5,6,5,6,6,6,6,6,6,5,2,3,7,5,5,5,5,5,2,6,6,3,5,6,7,7,7,4,5,6,7,7,7,6,5,6,7,7,7,3,2,6,3,7,3,6,3,6,6,5,7,5,4,3,6,7,7,7,5,3,5,6,7,4,6,7,7,7,2,2,5,7,2,6,2,5,3,7,3,5,3,4,7,7,2,2,6,6,6,4,6,6,7,6,7,7,7,7,6,2,7,7,3,2,3,5,6,3,5,6,7,6,7,6,18,Female,White or Caucasian,4.1,Second year (Sophomore),YES,NA,750,760,33,177,8,44,8,51,8,39,8,48,8,34,10,51,10,69,10,59,10,48,6,31,6,31,5,29,5,22,3,15,5,22,4,27,3,15,3,21,12,55,12,55,12,75,TRUE,1,1,1,1,1,1,1,1,1,1,1,1,1,1,1,15,TRUE,1,1,1,1,1,1,1,1,0,0,0,0,0,0,1,1,0,0,0,1,1,1,1,1,1,1,1,1,0,0,0,1,1,1,1,1,1,1,0,0,0,1,0,1,1,1,0,1,9,238
404,100,2923,QPPQ,PRST,PWXQ,STWX,GFFG,QQBB,EGFH,BODQ,FUZG,CLXC,XDBK,CGVZ,VEBT,GKHM,HJMQ,"5,3,2","8,7,6,4,1","6,4,2","8,7,5,3,1","7,4,1","8,6,5,3,2","8,6,3,2","7,5,4,1","8,7,5,4,2","6,3,1","8,5,4,2","7,6,3,1","8,5,3,1","7,6,4,2","6,5,1","8,7,4,3,2","2,1","4,3",5,"3,1","7,4","8,6,5,2","6,4","5,3,1","8,7,2","2,8,7,5","1,4,3",6,1,NA,NA,"5,2","8,3,7","4,6,1",5,4,5,4,6,5,7,4,4,6,3,6,5,5,4,5,4,4,4,3,4,3,3,4,3,4,4,3,3,5,4,4,4,3,3,4,5,6,5,3,3,5,5,2,4,2,4,2,2,2,2,5,4,5,6,5,6,6,5,4,1,4,4,2,2,1,5,4,4,4,4,2,2,4,1,6,5,1,4,5,4,6,7,6,7,7,6,5,7,5,6,6,6,6,6,6,6,6,6,1,2,5,3,2,2,1,2,1,2,2,2,1,6,6,3,6,5,2,2,6,3,2,5,6,6,4,4,7,5,5,5,5,5,5,6,5,5,6,6,5,6,6,6,5,6,6,3,6,6,6,5,6,5,6,6,5,4,1,1,5,2,6,5,5,5,4,5,6,6,5,5,4,5,6,7,6,6,7,7,5,5,5,5,6,6,6,6,4,3,6,7,7,6,5,6,5,6,5,7,6,6,7,7,21,Male,White or Caucasian,4.05,Fourth year (Senior),YES,NA,770,770,33,179,8,40,8,38,8,29,8,31,8,32,10,30,10,47,10,34,10,34,6,39,6,34,5,30,5,13,3,5,5,8,4,21,3,9,3,11,12,48,12,70,12,64,TRUE,1,1,1,1,1,1,1,1,1,1,1,1,1,1,0,14,TRUE,1,1,1,1,1,1,1,1,1,1,1,1,0,0,1,1,0,0,0,1,1,1,1,1,1,0,1,0,0,0,0,1,1,1,1,1,1,1,1,1,0,1,0,1,1,0,0,1,10,248
405,100,4875,QPPQ,PRST,PWXQ,STWX,GFFG,AAPP,EGFH,BODQ,FUZG,KCWC,TNLL,CGVZ,VEBT,GKHM,LHEC,"5,3,2","8,7,6,4,1","6,4,2","8,7,5,3,1","7,1,4,3","6,8,5,2","8,6,3,2","7,5,4,1","7,8,5,4,2","3,1,6","8,7,5,2,1","6,4,3","8,5,3,2,1","6,7,4","1,3,5","6,7,8,4,2",2,"7,6,5,4","8,3,1","3,1","4,7","6,8,5,2","4,6","5,1,3","7,8,2","4,1","7,3","8,2,6",NA,NA,NA,NA,NA,NA,7,7,5,3,5,5,5,7,5,7,5,7,7,6,6,7,6,4,7,5,4,4,7,5,5,5,5,5,3,6,5,6,5,5,6,4,6,6,5,7,7,5,6,6,7,3,6,4,2,3,4,7,7,5,7,4,6,7,7,7,7,4,6,6,4,5,4,5,6,5,6,7,4,7,4,7,5,4,5,6,6,6,7,6,6,6,5,5,7,4,7,5,7,5,6,6,6,6,6,2,2,3,4,3,4,5,5,3,3,5,3,5,7,6,6,7,4,5,7,6,7,4,7,5,4,7,6,5,4,6,6,3,5,5,5,6,6,6,5,5,6,6,5,5,5,7,6,5,4,5,4,7,6,6,6,7,7,1,2,5,1,5,2,5,5,5,5,6,7,7,7,6,6,4,5,6,6,7,7,5,7,7,7,6,7,7,7,6,3,5,5,7,6,7,7,7,7,7,7,7,7,7,7,21,Female,White or Caucasian,3.98,Third year (Junior),YES,32,NA,NA,33,179,8,44,8,50,8,42,8,42,8,46,10,46,10,64,10,51,10,55,6,36,6,33,5,30,5,14,3,14,5,19,4,26,3,16,3,17,12,50,12,74,12,72,TRUE,1,1,1,1,1,0,1,1,1,0,0,1,1,1,0,11,TRUE,1,1,1,1,0,0,1,1,1,1,0,0,0,0,0,0,0,0,0,1,1,1,1,1,1,0,0,0,0,0,0,0,0,0,1,1,0,1,1,0,0,0,0,1,1,0,0,0,6,244
406,100,3860,QPPQ,PRST,PWXQ,STWX,GFFG,QQBB,EGFH,BODQ,FUZG,CLXC,XDBK,CGVZ,VEBT,GKHM,DFIM,"5,3,2","8,7,6,4,1","6,4,2","8,7,5,3,1","7,4,1","8,6,5,3,2","8,6,3,2","7,5,4,1","8,7,5,4,2","6,3,1","8,7,5,4,2","6,3,1","8,7,5,3,1","6,4,2","6,5,1","8,7,4,3,2","6,5,3,2,1","7,4",8,"3,1","7,4","5,6,8,2","6,4","5,3,1","2,7,8","2,7,5","1,4,3","6,8","1,8,7","2,6","4,5,3","2,5","3,8,7","1,6,4",5,3,4,4,5,4,4,4,4,4,3,4,4,6,4,4,4,5,4,4,4,5,5,4,6,5,5,4,3,4,4,6,4,4,4,6,5,4,4,6,4,6,5,4,5,2,5,4,4,2,4,6,6,7,7,4,5,5,5,7,6,4,6,5,5,5,5,4,5,6,5,7,4,6,5,6,6,7,5,5,7,6,6,6,6,6,6,5,7,6,5,6,6,6,6,6,6,6,6,2,2,5,2,4,4,4,5,2,2,2,2,2,6,7,5,7,4,5,4,5,6,6,3,4,4,4,4,4,4,5,5,4,2,4,5,6,5,5,5,6,4,4,5,5,4,6,5,4,4,7,6,5,5,6,6,6,5,5,5,3,2,5,4,5,4,4,3,6,6,6,7,4,5,4,4,4,4,4,4,4,4,5,3,6,6,7,6,6,4,4,3,4,4,4,4,5,5,4,4,4,4,4,5,20,Female,prefer not to answer,4.1,Third year (Junior),YES,NA,750,800,33,155,8,33,8,33,8,35,8,38,8,37,10,41,10,58,10,50,10,58,6,36,6,34,5,30,5,15,3,13,5,10,4,25,3,13,3,17,12,51,12,58,12,58,TRUE,1,1,1,1,1,1,1,1,1,1,1,1,1,1,0,14,TRUE,1,1,1,1,1,1,1,1,1,1,0,0,1,1,1,1,0,0,0,1,1,1,1,1,1,1,1,1,0,0,0,1,1,1,1,1,1,1,1,0,1,1,0,1,1,1,0,1,11,250
407,100,1298,HGHH,JKLM,JVZK,FGIJ,GFFG,QQBB,OPRQ,KMTV,SEFT,CFCR,TNLL,CEIZ,ZIFX,EJFK,KIFB,"1,5,7","6,8,4","4,2,6","3,7,1","1,2,4","3,8,6","2,3,1","4,5,7","2,5,7","4,3,1","4,5,2","8,6,7","1,8,2","3,6,7","6,1,5","8,3,2","3,6,1","5,8,2","4,7","4,3,1","5,2,6","8,7","4,3,2","7,5,1","8,6","4,3,1","6,7",NA,NA,NA,NA,NA,NA,NA,5,5,5,7,5,5,5,5,4,5,5,5,5,5,6,5,4,4,5,5,4,5,5,5,5,5,5,5,3,5,5,5,5,5,5,5,5,5,5,5,5,5,5,5,5,5,5,5,5,5,5,4,4,4,4,4,4,4,4,4,4,4,4,4,4,4,4,4,4,4,4,4,4,4,4,4,4,4,4,4,4,4,4,4,4,4,4,4,7,4,4,4,4,4,4,4,4,4,4,4,4,5,5,5,5,4,4,4,4,4,4,4,4,4,4,4,4,4,4,7,4,4,4,5,4,4,4,4,4,4,5,5,4,4,4,4,4,5,4,4,4,4,4,4,4,4,4,4,4,4,4,4,4,4,4,5,5,1,1,3,4,3,2,4,4,4,3,5,4,4,4,5,3,3,3,4,4,4,4,5,5,5,5,5,7,5,7,5,3,5,3,4,4,4,4,4,4,4,4,4,4,4,4,20,Female,Asian,4,Third year (Junior),YES,NA,700,800,33,136,8,42,8,40,8,37,8,40,8,40,10,50,10,40,10,40,10,40,6,24,6,24,5,20,5,23,3,13,5,20,4,16,3,12,3,15,12,39,12,47,12,60,TRUE,0,0,0,0,1,1,0,0,0,0,0,0,0,0,1,3,TRUE,0,0,1,0,0,0,0,0,0,0,0,0,0,0,1,0,0,0,0,0,0,0,0,0,0,0,0,0,0,0,0,0,0,0,0,0,0,0,0,0,0,0,0,0,0,0,0,0,0,243
408,100,2089,QPPQ,PRST,PWXQ,STWX,GFFG,QQBB,IJLK,BODQ,COPD,CLXC,PFCC,CEIZ,XGDV,GKHM,KGDB,"3,2,5","8,1,7,6,4","6,4,2","3,7,8,5,1","7,4,1","8,6,5,3,2","2,6,8,3","4,5,7,1",NA,NA,"2,8,7,5,4,3,1",6,"4,7,3,2,1","5,8,6",NA,NA,NA,NA,NA,"1,3","5,7,8,4","6,2","4,6","3,5,1","8,7,2","2,7,5","4,3,1","8,6","1,7,5","4,6","3,2,8","2,5","3,8,7","1,6,4",6,2,5,3,7,7,6,2,2,4,2,5,4,4,5,3,3,6,6,5,7,7,7,7,7,7,7,7,3,7,7,7,7,7,7,7,7,7,7,7,7,6,7,7,7,7,5,7,6,7,7,5,3,4,5,5,6,7,4,4,1,7,7,5,7,5,7,7,7,7,7,3,4,7,7,7,3,7,7,7,7,5,7,3,5,3,3,1,7,7,6,2,7,5,5,5,6,5,3,3,4,7,5,4,1,4,7,1,1,2,2,3,4,7,3,7,7,3,7,7,5,2,3,5,2,7,3,7,1,3,2,3,2,2,7,5,2,4,5,7,2,7,2,3,7,7,4,7,3,4,7,7,5,7,7,7,7,4,3,7,7,5,7,5,5,1,1,7,7,7,7,7,7,1,1,3,2,7,7,4,5,3,2,4,5,5,7,5,1,4,4,3,2,7,4,7,7,7,3,3,7,4,7,19,Female,Asian,3.1,Second year (Sophomore),YES,NA,760,800,33,149,8,38,8,29,8,48,8,56,8,56,10,66,10,44,10,66,10,59,6,26,6,28,5,24,5,23,3,12,5,9,4,21,3,17,3,14,12,59,12,63,12,49,TRUE,1,1,1,1,1,1,0,1,0,1,0,0,0,1,0,9,TRUE,1,1,1,1,1,1,1,1,0,0,0,0,0,0,0,0,0,0,0,1,0,0,1,1,1,1,1,1,0,0,0,1,1,1,1,1,1,1,0,0,0,0,0,0,1,1,0,1,7,243
409,100,1945,QPPQ,FGHI,PWXQ,FGIJ,GFFG,QQBB,EGFH,BODQ,VIJW,CLXC,XDBK,CGVZ,XGDV,PSQT,KGDB,"3,5,2","1,8,7,6,4","6,4,2","8,7,5,3,1","7,4,1","8,6,5,3,2","8,6,3,2","7,5,4,1","7,2,5,4","8,1,3,6","6,8,4,1","5,7,3,2","8,5,2,3,1","7,6,4","4,3,1","8,7,6,5,2","2,1","6,7,4","8,3,5","6,1","5,2,3","8,7,4","1,2,6","4,5,7","3,8","3,5,7,6","1,8","2,4","4,2","1,5,7,3","8,6","2,6,5","3,7","1,8,4",5,5,5,7,7,7,7,5,3,3,3,5,5,5,5,4,7,5,5,5,5,5,5,5,5,5,5,5,3,5,5,5,5,5,5,5,5,5,5,5,5,7,7,7,7,7,7,7,7,7,7,7,7,7,7,7,7,7,7,7,7,7,7,7,7,7,7,7,7,7,7,7,4,4,2,7,7,4,7,7,7,3,5,3,3,3,3,5,7,3,6,3,4,6,5,5,5,5,4,5,5,5,5,5,5,5,5,3,5,3,5,4,4,7,5,7,5,5,5,7,5,2,5,7,7,7,6,6,7,5,7,7,5,5,7,7,6,6,7,7,6,6,6,7,7,7,7,5,4,5,5,7,6,7,6,5,2,1,1,2,3,2,2,5,5,3,3,4,4,6,7,2,5,3,5,6,6,3,6,5,6,5,5,5,3,5,7,6,2,3,3,6,3,2,7,1,3,1,7,7,7,7,7,18,Male,Asian,4,First year (Freshman),YES,NA,750,770,33,205,8,48,8,33,8,42,8,40,8,40,10,70,10,70,10,70,10,56,6,20,6,27,5,24,5,25,3,15,5,20,4,23,3,15,3,14,12,34,12,57,12,55,TRUE,1,0,1,0,1,1,1,1,0,1,1,1,0,0,0,9,TRUE,1,1,1,1,1,1,1,1,0,0,0,0,0,0,0,0,0,0,0,0,0,0,0,0,0,0,0,0,0,0,0,0,0,0,1,1,1,1,0,0,0,0,0,0,0,0,0,0,4,250
410,100,1563,QPPQ,PRST,PWXQ,STWX,GFFG,QQBB,EGFH,BODQ,FUZG,CLXC,VEGV,CGVZ,VEBT,GKHM,KGDB,"5,3,2","8,6,7,4,1","4,6,2","8,7,5,1,3","7,4,1","8,6,5,3,2","8,6,3,2","7,5,4,1","7,4,8,5,2","6,3,1","4,1,5,8,7,2","6,3","8,7,5,3,1","6,4,2","7,3,1","8,6,5,4,2","3,1","4,5,7,2","8,6","3,1","7,4","5,8,6,2","6,4","3,5,1","7,2,8","2,5,7","4,3,1","6,8","3,8,7,6","1,2","4,5","5,2","7,8,3","1,4,6",5,5,5,5,7,6,4,5,2,5,6,6,6,4,6,5,4,2,5,4,5,5,4,3,5,5,6,5,3,5,7,6,5,4,4,4,4,3,4,4,4,7,7,6,6,6,7,6,6,6,6,6,4,4,6,6,6,5,3,4,4,5,6,4,7,5,5,6,5,6,4,4,6,5,6,2,3,3,3,6,5,3,2,2,2,2,1,2,7,3,5,3,3,5,5,5,5,5,5,5,5,6,5,5,3,3,5,3,2,3,3,5,2,6,5,5,4,3,5,5,4,4,4,3,5,4,3,3,2,3,5,3,5,2,3,4,3,4,5,3,6,3,2,3,6,3,5,2,3,3,3,5,2,5,3,6,5,5,5,5,5,6,6,6,7,6,7,6,7,3,6,6,7,2,2,6,6,5,7,4,3,3,1,5,3,5,5,3,1,5,5,4,5,5,6,3,6,1,5,5,6,6,3,18,Female,Asian,NA,First year (Freshman),YES,NA,750,800,33,118,8,42,8,40,8,32,8,44,8,31,10,63,10,48,10,53,10,43,6,12,6,21,5,25,5,26,3,11,5,16,4,18,3,12,3,13,12,69,12,63,12,43,TRUE,1,1,1,1,1,1,1,1,1,1,0,1,1,1,0,13,TRUE,1,1,1,1,1,1,1,1,1,1,0,0,1,1,0,0,0,0,0,1,1,1,1,1,1,1,1,1,1,1,1,1,1,1,1,1,1,1,1,0,1,0,0,1,1,1,1,1,11,250
411,100,31261,QPPQ,PRST,PWXQ,BCEF,GFFG,QQBB,EGFH,BODQ,FUZG,KCWC,XDBK,CGVZ,VEBT,GKHM,LHEC,"3,5,2","4,1,6,7,8","4,6,2","7,8,5,3,1","1,4,7","8,6,5,3,2","2,3,6,8","7,4,5,1","8,7,2,5,4","1,3,6","4,5,2,7,1","6,8,3","1,5,8,7,3","6,4,2","3,2,1","5,7,8,6,4",1,"7,4,5,6,3","2,8",3,"4,7,8","1,5,6,2","4,6","1,3,5","2,7,8","4,3,2,7","6,5,8,1",NA,"1,7",6,3,NA,NA,NA,5,4,6,4,5,7,4,6,3,4,3,4,5,5,4,2,5,3,4,3,4,3,5,4,6,4,4,5,3,5,5,6,6,6,4,6,5,5,5,4,5,6,4,5,4,4,6,4,4,4,4,6,5,6,6,6,6,6,5,5,5,5,6,4,6,5,5,6,5,6,5,4,3,5,3,5,3,3,4,4,4,4,5,4,5,4,5,2,7,2,3,4,4,5,6,5,5,6,6,3,5,5,6,6,5,5,5,4,4,5,3,2,4,6,5,5,5,5,5,6,6,5,5,5,5,5,6,5,4,5,6,6,5,4,3,5,5,6,4,5,5,3,3,4,5,5,5,5,4,4,5,5,5,6,3,6,6,4,4,5,2,6,5,5,3,6,5,6,5,5,7,6,6,3,4,6,4,6,7,4,6,5,3,4,6,5,6,5,2,3,3,6,4,4,5,5,5,4,6,5,4,5,6,20,Female,Asian,3.707,Third year (Junior),YES,33,730,750,33,156,8,41,8,30,8,31,8,41,8,40,10,45,10,56,10,53,10,38,6,27,6,20,5,28,5,25,3,15,5,18,4,20,3,15,3,17,12,57,12,65,12,52,TRUE,1,1,1,0,1,1,1,1,1,0,1,1,1,1,0,12,TRUE,1,1,1,1,1,1,1,1,1,1,0,0,1,1,0,0,0,0,0,0,0,0,1,1,1,0,0,0,0,0,0,0,0,0,1,1,1,1,1,0,1,0,0,0,1,0,0,0,7,246
412,100,1939,QPPQ,VWXY,PWXQ,STWX,GFFG,QQBB,EGFH,HJPR,VIJW,CLXC,XDBK,CGVZ,XGDV,GKHM,KIFB,"5,3,2","8,7,6,4,1","6,4,2","8,7,5,3,1","7,4,1","8,6,5,3,2","8,6,3,2","7,5,4,1","8,7,5,4,2","6,3,1","8,7,4,5,3,2,1",6,"8,6,5,3,1","7,4,2","6,1,7","2,4,3,5,8","5,7,2","3,6,4","8,1","3,1","7,4","8,6,5,2",NA,1,NA,NA,NA,NA,NA,NA,NA,NA,NA,NA,5,6,7,7,6,7,5,4,4,7,5,7,4,7,7,5,4,4,5,3,4,4,4,5,5,5,7,5,3,5,4,7,7,7,7,7,7,7,7,7,7,7,6,6,6,6,7,6,5,6,5,7,7,7,7,7,7,7,7,7,7,5,7,4,7,6,7,7,4,5,5,4,4,7,1,7,5,3,3,7,7,4,3,3,4,4,4,5,7,2,4,2,4,5,5,5,5,5,5,5,5,5,5,5,7,7,7,4,5,3,3,5,5,7,4,5,3,3,5,7,7,4,3,3,5,4,3,5,3,5,3,4,5,2,4,6,3,5,3,3,3,4,2,3,5,6,3,5,3,6,3,5,3,3,3,7,5,5,5,7,7,6,7,7,7,3,5,4,4,6,6,6,6,5,3,6,6,5,7,5,5,2,1,3,5,7,7,4,1,3,3,5,3,6,6,5,7,5,5,6,7,7,7,18,Female,two or more races,3,Second year (Sophomore),YES,32,740,770,33,126,8,47,8,46,8,33,8,45,8,56,10,60,10,70,10,57,10,48,6,22,6,22,5,25,5,25,3,21,5,20,4,21,3,11,3,18,12,71,12,64,12,46,TRUE,1,0,1,1,1,1,1,0,0,1,1,1,0,1,1,11,TRUE,1,1,1,1,1,1,1,1,1,1,0,0,0,0,0,0,0,0,1,1,1,1,0,0,0,0,0,0,0,0,0,0,0,0,1,1,1,1,1,0,0,0,0,1,0,0,0,0,6,239
413,100,1303,QPPQ,PRST,PWXQ,PQST,LMML,CCRR,ABDC,KMTV,FUZG,CLXC,VEGV,CEIZ,VEBT,AFBG,KIFB,"3,5,2","8,7,6,4,1","4,6,2","7,8,5,3,1","7,4,1","8,5,6,3,2","6,8,3,2","7,5,4,1","3,7,2,4","6,8,5,1","7,8,5,4,3,2,1",6,"7,8,5,3,1","4,6,2","6,5,4,1","8,7,3,2","8,1","7,5,3,4","6,2","3,1","7,4","2,8,6,5","4,6","1,5,3","8,2,7","2,8,7,5","3,1","4,6","4,1",3,"8,5,6",NA,NA,NA,7,7,7,7,7,7,7,7,7,7,7,7,7,7,7,7,7,7,7,7,7,7,6,7,7,7,7,7,3,7,7,7,7,7,7,7,7,7,7,7,7,7,7,7,7,7,7,7,7,7,7,7,7,7,7,7,7,7,7,7,7,7,7,7,7,7,7,7,7,7,7,7,7,7,6,7,7,7,7,7,7,7,7,7,7,7,7,7,7,7,7,7,7,7,7,7,7,7,7,1,1,3,2,1,1,1,1,1,2,3,2,1,7,7,7,7,7,7,7,7,7,7,7,7,7,7,1,7,7,7,7,7,7,7,7,7,7,7,7,7,7,7,7,7,7,7,7,7,7,7,7,7,7,7,1,1,1,1,1,2,1,1,1,3,2,1,1,7,7,7,7,2,3,3,6,6,6,2,4,5,6,6,7,4,2,6,5,6,3,2,3,7,7,7,7,7,7,7,7,7,7,7,7,20,Male,Asian,3.6,Second year (Sophomore),YES,NA,750,790,33,219,8,56,8,56,8,55,8,56,8,56,10,70,10,70,10,70,10,69,6,42,6,42,5,35,5,8,3,3,5,9,4,28,3,21,3,21,12,16,12,60,12,55,TRUE,1,1,1,0,0,0,0,0,1,1,0,0,1,0,1,7,TRUE,1,1,1,1,1,1,1,1,0,0,0,0,1,1,0,0,0,0,0,1,1,1,1,1,1,0,0,0,0,0,0,0,0,0,1,1,1,1,0,0,1,0,0,1,1,0,0,0,7,247
414,100,2162,QPPQ,PRST,PWXQ,STWX,GFFG,QQBB,EGFH,BODQ,FUZG,CLXC,ZAGZ,CGVZ,VEBT,GKHM,KGDB,"5,3,2","8,7,6,4,1","6,4,2","8,7,5,3,1","8,6,3,2","7,5,4,1","8,6,3,2","7,5,4,1","8,5,2","7,6,4,3,1","8,5,4,2","1,7,6,3","8,5,3,2,1","7,6,4","6,3,2,1","7,8,5,4",2,"7,6,5,4","8,3,1","3,1",4,"5,2",NA,NA,NA,NA,NA,NA,NA,NA,NA,NA,NA,NA,5,6,4,3,4,5,5,5,5,5,5,3,4,3,5,4,3,4,5,4,4,3,3,6,6,4,4,6,3,5,6,4,4,4,3,3,4,3,5,5,5,4,5,4,6,2,5,3,2,4,3,6,3,5,7,6,6,6,5,5,2,4,5,6,5,5,7,3,6,6,5,3,5,7,3,7,6,2,4,3,6,4,5,3,5,2,4,2,7,1,2,4,3,5,6,7,6,2,6,2,2,6,5,5,5,5,6,1,3,5,1,4,3,6,7,5,5,6,7,3,6,3,6,5,5,6,7,7,4,6,7,1,6,2,3,5,7,7,4,6,6,4,6,7,6,5,7,5,4,7,6,5,2,5,7,7,7,3,3,5,1,3,2,2,2,3,5,2,2,5,5,6,6,3,3,6,5,7,7,6,7,7,7,7,6,7,7,5,3,6,6,7,7,1,5,1,2,NA,7,7,7,7,7,21,Female,White or Caucasian,3.9,Fourth year (Senior),YES,NA,780,720,33,176,8,37,8,34,8,32,8,39,8,32,10,38,10,51,10,52,10,46,6,23,6,17,5,27,5,20,3,16,5,14,4,21,3,18,3,12,12,43,12,57,12,74,TRUE,1,1,1,1,1,1,1,1,1,1,0,1,1,1,0,13,TRUE,1,1,1,1,0,0,1,1,0,0,1,1,0,0,0,0,0,0,0,1,0,0,0,0,0,0,0,0,0,0,0,0,0,0,1,1,0,1,0,1,0,0,0,0,0,0,0,0,4,237
415,100,1850,QPPQ,PRST,JVZK,STWX,GFFG,AAPP,ABDC,BODQ,FUZG,CLXC,PFCC,CGVZ,NA,GKHM,HJMQ,"7,8,6,4,1","5,3,2","8,7,5,3,1","6,4,2","7,4,1","8,6,5,3,2","7,5,4,1","8,6,3,2","7,8,5,4,2","6,3,1","7,8,5,4,3,1","6,2","8,5,3,1","7,6,4,2",NA,NA,NA,NA,NA,NA,NA,NA,"1,5,3","6,4","2,7,8","1,5,8","2,3,7","4,6","4,5","2,1,3","8,7,6","2,5","3,7,8","1,6,4",7,6,7,7,7,7,7,7,7,7,7,7,7,7,7,7,7,6,7,7,7,7,7,6,7,7,7,7,3,7,7,7,7,7,7,7,7,7,7,6,7,7,7,7,7,4,7,1,1,1,4,7,7,7,7,7,7,7,7,7,7,7,7,7,7,7,7,7,7,7,7,7,5,7,5,7,4,7,6,7,6,7,7,6,7,7,7,6,7,4,7,7,7,7,6,6,6,5,4,1,1,5,2,2,1,1,1,5,7,5,5,6,7,7,6,7,5,5,6,7,7,4,7,6,1,7,7,7,4,7,6,5,6,4,6,6,7,7,6,7,6,7,5,6,5,7,7,7,6,3,6,7,1,6,7,7,7,2,2,6,7,1,7,2,1,2,2,7,6,7,7,7,7,7,7,7,7,6,7,4,7,6,6,7,7,7,7,7,3,5,7,7,3,7,6,7,6,6,7,3,7,5,7,21,Female,White or Caucasian,4.047,Fourth year (Senior),YES,NA,680,800,33,192,8,55,8,56,8,54,8,56,8,55,10,46,10,70,10,70,10,61,6,41,6,38,5,27,5,11,3,3,5,28,4,27,3,16,3,18,12,46,12,82,12,73,TRUE,1,1,0,1,1,0,0,1,1,1,0,1,0,1,0,9,TRUE,0,0,0,0,1,1,0,0,1,1,0,0,0,0,0,0,0,0,0,0,0,0,0,0,1,0,0,0,0,0,0,1,1,1,0,0,1,0,1,0,0,0,0,0,0,0,0,1,3,241
416,100,1214,DDDE,PRST,PWXQ,CDFG,LMML,EETT,EGFH,FHXZ,COPD,CGCS,VEGV,CEIZ,XGDV,RWSX,HJMQ,"2,3,5","7,1,4,8,6","2,6,4","1,3,7,5,8","5,4,1,3","7,8,2,6","3,8,2,6","5,7,1,4","7,3,4,2","8,6,5,1","3,2,6,4,1","5,8,7","8,5,3,1","6,7,4,2","4,8,2,1","7,6,5,3","7,6,2","1,3","5,8,4","8,5,3,1","6,2","7,4","4,6,3","1,5","2,8,7","1,2","4,7,3,6","8,5","1,3,8,2","4,6","5,7","2,5","7,3,8","6,4,1",6,3,7,6,7,7,5,5,5,5,5,5,3,5,4,6,5,6,6,7,5,3,6,5,5,5,5,4,3,5,5,5,4,4,4,2,5,3,5,5,1,5,6,5,7,5,6,3,4,5,5,7,5,4,7,6,7,7,7,4,7,4,3,4,5,5,5,5,6,5,4,5,3,6,2,5,5,1,7,4,5,3,5,5,2,3,4,5,7,4,6,6,5,3,7,7,7,5,5,5,5,7,6,6,5,5,5,2,3,4,5,4,4,5,6,6,3,3,4,4,3,2,2,6,5,5,5,7,6,5,6,5,4,4,3,5,6,4,6,5,6,6,5,6,6,7,7,4,4,4,4,5,5,5,6,7,7,5,4,5,4,6,5,4,5,5,5,5,2,6,6,5,5,5,3,7,7,6,6,5,6,7,3,6,6,5,5,6,5,7,7,6,5,5,6,4,5,4,6,7,7,7,7,19,Female,Asian American,3.71,Second year (Sophomore),YES,33,790,640,33,169,8,46,8,38,8,43,8,38,8,29,10,51,10,61,10,46,10,43,6,22,6,29,5,31,5,29,3,15,5,18,4,21,3,10,3,9,12,62,12,63,12,68,TRUE,0,1,1,0,0,0,1,0,0,0,0,0,0,0,0,3,TRUE,1,1,1,1,0,0,1,1,0,0,0,0,0,0,0,0,0,0,0,0,0,0,0,0,1,0,0,0,0,0,0,1,1,1,1,1,0,1,0,0,0,0,0,0,0,0,0,1,4,250
421,100,1252,QPPQ,PRST,PWXQ,STWX,GFFG,QQBB,EGFH,BODQ,VIJW,CGCS,XDBK,CGVZ,VEBT,GKHM,HJMQ,"2,3,5","8,7,6,4,1","6,4,2","8,7,5,3,1","7,4,1","8,6,5,3,2","8,6,3,2","7,5,4,1","8,7,5,4,2","6,3,1","8,7,6,1,3","5,4,2","8,7,5,3,1","6,4,2","6,5,1","8,7,4,3,2","4,6,1","7,2,5","8,3","3,1","7,8,5,4","6,2","6,4","1,5,3","2,8,7","2,7,5","1,3,4","6,8","3,6,7","1,2","4,8,5","2,5","3,8,7","1,6,4",6,6,7,7,7,7,4,7,5,7,5,3,7,7,5,6,7,4,7,3,4,7,7,7,7,7,7,7,3,6,6,6,7,7,7,6,6,6,7,6,7,7,6,7,7,5,7,6,5,7,7,7,7,4,6,7,7,7,6,7,7,6,7,7,7,6,7,7,7,7,6,7,5,6,7,4,7,5,6,7,7,5,6,4,5,4,4,3,7,3,4,6,4,5,5,6,7,5,7,2,3,5,4,4,3,2,4,1,1,1,1,2,5,7,6,7,3,3,7,6,5,3,2,2,7,4,6,7,6,6,5,2,4,3,2,6,5,6,5,7,4,5,5,6,5,5,7,6,4,6,6,5,7,6,6,7,7,5,5,6,5,2,4,5,4,5,4,5,7,4,2,6,6,3,2,5,6,5,4,6,6,5,4,7,6,7,7,5,5,6,6,4,3,6,6,7,6,5,5,6,6,4,6,18,Female,White or Caucasian,3.86,Second year (Sophomore),YES,NA,750,780,33,168,8,51,8,45,8,46,8,53,8,52,10,64,10,65,10,67,10,61,6,28,6,25,5,30,5,18,3,9,5,6,4,25,3,13,3,14,12,59,12,55,12,70,TRUE,1,1,1,1,1,1,1,1,0,0,1,1,1,1,0,12,TRUE,1,1,1,1,1,1,1,1,1,1,0,0,1,1,1,1,0,0,0,1,0,0,1,1,1,1,1,1,0,1,0,1,1,1,1,1,1,1,1,0,1,1,0,0,1,1,0,1,10,250
426,100,1353,QPPQ,FGHI,PWXQ,STWX,GFFG,QQBB,EGFH,BODQ,PABQ,CLXC,VEGV,CIOZ,XGDV,GKHM,KIFB,"2,5,3","1,8,7,6,4","6,4,2","8,7,5,3,1","7,4,1","8,6,5,3,2","8,6,3,2","7,5,4,1","8,5,4,2","7,6,3,1","8,6,5,4,3,2,1",7,"6,4,3,2,1","8,7,5","8,6,3,2,1","7,5,4","6,1","8,7,5","3,4,2","3,1","7,5","8,6,4,2","6,4","5,3,1","7,8,2","4,7,6,5","1,3,8",2,"1,8,7","2,6","3,5,4","2,5","1,7,8","3,4,6",6,4,4,6,7,7,4,6,4,6,6,6,6,6,4,6,5,6,5,5,5,5,6,6,6,5,5,6,3,6,5,6,5,5,4,6,4,4,4,4,4,7,7,7,7,7,7,7,4,6,4,7,7,7,7,7,7,7,7,7,7,7,7,7,7,7,7,7,7,7,7,7,3,7,2,7,7,4,7,5,7,3,4,3,3,3,2,3,7,2,5,4,3,3,3,2,2,2,4,3,6,6,6,7,6,5,6,6,6,3,5,1,5,7,6,5,2,3,7,6,7,3,3,5,5,5,6,6,5,5,6,5,3,5,5,5,5,5,5,6,6,5,5,6,5,6,6,3,5,6,5,5,5,7,6,7,7,2,2,3,4,6,6,6,5,6,5,5,4,1,7,5,5,3,3,6,7,5,3,6,5,7,3,7,5,6,7,7,1,7,7,6,4,6,6,6,6,5,6,3,6,6,6,19,Female,White or Caucasian,3.75,Second year (Sophomore),YES,33,NA,NA,33,171,8,44,8,44,8,43,8,44,8,35,10,63,10,70,10,70,10,56,6,18,6,20,5,13,5,28,3,17,5,21,4,23,3,12,3,16,12,59,12,54,12,68,TRUE,1,0,1,1,1,1,1,1,0,1,0,0,0,1,1,10,TRUE,1,1,1,1,1,1,1,1,0,0,0,0,0,0,0,0,0,0,0,1,0,0,1,1,1,0,0,0,0,0,0,1,0,0,1,1,1,1,0,0,0,0,0,0,1,0,0,0,5,250
429,100,7985,QPPQ,PRST,PWXQ,STWX,GFFG,EETT,EGFH,BODQ,FUZG,CLXC,ZAGZ,CIOZ,NA,NA,NA,"2,5,3","8,7,6,4,1","6,4,2","8,7,5,3,1","7,4,1","8,6,5,3,2","8,6,3,2","7,5,4,1","8,7,5,4,2","6,3,1","8,5,4,2","7,6,3,1","8,7,5,3,1","6,4,2",NA,NA,NA,NA,NA,"3,1","4,7","8,6,5,2","4,6","1,5,3","7,8,2","5,7,2","1,4,3","6,8","3,8,7,6","1,2","4,5","2,5",3,"1,6,4",7,6,6,6,7,6,7,7,6,7,5,7,7,6,7,6,5,4,6,2,2,2,3,6,4,5,5,7,3,4,5,7,6,5,4,5,3,4,4,4,4,5,5,6,5,3,6,6,4,6,5,7,7,7,7,7,7,7,7,7,7,6,6,5,6,6,6,6,6,6,6,6,4,6,4,7,5,5,6,6,6,2,3,2,2,1,2,1,7,1,5,4,3,1,2,2,3,2,2,6,6,6,6,6,1,6,6,2,2,2,6,3,5,6,6,6,4,4,5,7,6,6,5,5,2,6,6,6,5,6,6,4,5,2,6,5,6,6,3,7,5,5,3,7,5,6,7,7,7,3,7,7,5,7,7,6,7,1,1,6,7,6,7,3,5,2,4,7,7,7,7,7,7,2,3,3,3,6,6,3,5,3,1,5,7,3,5,6,1,6,4,5,3,2,5,5,5,4,5,2,5,3,6,18,Female,Asian,3.4,Second year (Sophomore),YES,NA,770,780,33,179,8,52,8,51,8,30,8,43,8,33,10,51,10,70,10,59,10,55,6,12,6,15,5,11,5,30,3,13,5,15,4,23,3,13,3,19,12,55,12,65,12,49,TRUE,1,1,1,1,1,0,1,1,1,1,0,0,0,0,0,9,TRUE,1,1,1,1,1,1,1,1,1,1,1,1,1,1,0,0,0,0,0,1,1,1,1,1,1,1,1,1,1,1,1,1,0,1,1,1,1,1,1,1,1,0,0,1,1,1,1,0,11,242
431,100,1696,QPPQ,PRST,FVZG,FGIJ,LMML,QQBB,OPRQ,BODQ,VIJW,JCVC,VEGV,CEIZ,KXVH,EJFK,KGDB,"2,3,5","1,6,8,7,4","4,2","8,7,5,6,3,1","7,4,1","8,3,6,5,2","8,6,3,2","7,5,4,1","8,7,5,4,2","6,3,1","5,4,3,2,1","8,7,6","8,6,2,1","7,5,4,3","7,5,1,2","6,8,4,3","3,1,6","4,5,7,2",8,"3,1","7,4","6,8,5,2","5,6,3,2","1,4","7,8","3,4,7","1,8,5","2,6","7,6","1,2","3,8,4,5","2,5","3,8,4,7","1,6",7,7,7,7,7,6,7,6,4,6,5,5,3,7,7,5,6,6,7,4,4,3,7,6,7,5,5,7,3,7,3,7,7,5,2,3,7,6,3,6,6,7,7,7,7,7,7,7,7,7,7,7,7,7,7,5,7,7,7,7,7,7,6,7,5,7,6,6,7,7,7,7,7,7,5,6,7,3,7,7,7,7,7,7,6,7,5,7,7,5,6,3,7,5,6,5,5,5,5,1,2,7,2,4,5,3,2,3,3,5,3,5,6,7,7,7,6,3,7,6,7,2,5,7,6,7,1,6,7,7,6,7,7,5,5,7,7,7,7,4,6,6,6,5,6,7,6,6,5,7,5,6,7,5,6,2,2,1,1,1,1,2,2,7,6,2,2,5,5,5,7,3,2,4,6,7,4,7,7,7,7,7,7,5,6,6,7,7,4,7,6,7,4,7,7,5,4,4,7,5,5,5,2,18,Male,White or Caucasian,3.92,Second year (Sophomore),YES,NA,750,780,33,197,8,54,8,42,8,43,8,48,8,38,10,70,10,68,10,65,10,63,6,39,6,33,5,26,5,16,3,10,5,19,4,27,3,16,3,15,12,29,12,62,12,76,TRUE,1,1,0,0,0,1,0,1,0,0,0,0,0,0,0,4,TRUE,1,1,0,0,1,1,1,1,1,1,0,0,0,0,0,0,0,0,0,1,1,1,0,0,0,0,0,0,0,1,0,1,0,0,1,0,1,1,1,0,0,0,0,1,0,0,0,0,5,250
434,100,1940,QPPQ,PRST,PWXQ,STWX,GFFG,QQBB,EGFH,BODQ,FUZG,JCVC,TNLL,CGVZ,KXVH,PSQT,DFIM,"3,5,2","8,4,6,7,1","6,4,2","8,7,5,3,1","7,4,1","8,6,5,3,2","8,6,3,2","7,5,4,1",NA,1,"8,6,5,4,3,2,1",7,NA,NA,NA,NA,"6,7,2,1","5,3,8",4,3,"8,1,5,4","6,2,7","2,6,4","3,1,5","8,7","2,8,7,6","1,4,3",5,"8,7,1","6,3,2","4,5","2,5","7,8,3","1,6,4",5,4,5,1,5,6,6,5,5,6,5,7,7,7,7,5,5,4,6,5,4,4,5,6,6,5,5,5,3,5,5,6,5,5,3,5,5,6,5,5,3,5,5,5,6,1,6,5,3,1,4,6,6,4,5,3,5,7,5,7,7,4,5,6,5,6,4,4,6,6,5,5,5,7,6,7,5,2,5,6,7,7,7,5,5,6,7,2,7,7,7,6,6,6,3,5,3,3,3,1,1,5,1,1,1,3,5,5,6,6,5,5,6,7,7,6,1,3,3,5,6,3,5,5,5,7,6,5,4,4,5,5,7,4,6,6,6,5,4,6,5,6,5,5,5,7,6,5,4,6,5,6,4,6,7,7,7,2,5,3,2,6,5,5,3,5,5,5,6,7,6,6,6,2,3,7,7,7,3,6,7,6,5,6,6,6,7,6,6,6,6,5,3,5,6,5,6,6,3,4,6,6,5,20,Female,White or Caucasian,3.65,Third year (Junior),YES,NA,760,720,33,177,8,37,8,49,8,39,8,42,8,37,10,41,10,55,10,51,10,55,6,37,6,34,5,17,5,9,3,9,5,27,4,26,3,7,3,14,12,55,12,65,12,73,TRUE,1,1,1,1,1,1,1,1,1,0,0,1,0,0,0,10,TRUE,1,1,1,1,1,1,1,1,0,0,0,0,0,0,0,0,0,0,0,0,0,0,0,1,0,0,1,0,0,0,1,1,1,1,1,1,1,1,0,0,0,0,0,0,0,0,0,1,5,245
436,100,1951,QPPQ,PRST,PWXQ,STWX,GFFG,QQBB,EGFH,BODQ,FUZG,CLXC,XDBK,CAEZ,MZXJ,GKHM,HJMQ,"5,3,2","8,7,6,4,1","6,4,2","8,7,5,3,1","7,4,1","8,6,5,3,2","8,6,3,2","7,5,4,1","8,7,5,4,2","6,3,1","8,7,6,3,2","5,4,1","8,7,5,3,1","6,4,2","7,4,2,1","8,6,5,3","5,3,1","7,4,2","8,6","3,1","8,5,7,4","6,2","6,4","5,3,1","8,7,2","2,7,5","1,4,3","6,8","2,5","1,6,4","8,3,7","2,5","3,8,7","1,4,6",5,5,6,6,6,5,3,6,4,4,4,5,5,5,5,5,3,4,5,4,4,5,3,5,5,6,5,5,3,5,5,4,5,3,5,4,3,3,4,4,2,6,5,5,5,2,6,5,3,3,4,5,3,5,5,5,5,5,3,5,2,5,5,5,5,5,5,5,5,5,5,3,3,6,4,3,4,5,4,5,4,4,5,4,3,4,3,5,7,5,3,3,4,4,3,3,3,3,3,3,3,5,5,4,6,5,5,3,5,5,3,6,4,5,5,4,5,5,5,6,6,6,6,6,4,5,5,5,3,5,6,5,6,4,5,5,6,4,4,5,6,3,4,5,5,6,5,3,3,5,6,5,3,6,5,4,4,2,2,3,2,2,3,6,5,3,3,3,4,3,4,4,3,3,5,5,5,6,5,5,5,5,5,6,4,5,5,3,3,4,5,6,5,3,4,3,4,5,6,5,6,6,5,21,Female,Asian,3.96,Third year (Junior),YES,NA,730,800,33,159,8,42,8,37,8,33,8,40,8,28,10,44,10,43,10,50,10,41,6,23,6,24,5,15,5,20,3,16,5,22,4,18,3,15,3,18,12,39,12,50,12,55,TRUE,1,1,1,1,1,1,1,1,1,1,1,0,0,1,0,12,TRUE,1,1,1,1,1,1,1,1,1,1,0,0,1,1,0,0,0,0,0,1,0,0,1,1,1,1,1,1,0,0,0,1,1,1,1,1,1,1,1,0,1,0,0,0,1,1,0,1,9,250
437,100,1441,HGHH,BCDE,JVZK,STWX,LMML,CCRR,EGFH,KMTV,VIJW,CLXC,PFCC,CAEZ,VEBT,GKHM,DFIM,"5,3,2","1,8,7,6,4","6,4,2","7,8,3,5,1","7,4,1","8,6,5,3,2","8,6,3,2","7,5,4,1","8,5,2","6,7,4,3,1","7,8,5,4,3,2,1",6,"2,1","8,7,6,5,4,3","8,7,3,2,1","6,5,4",NA,"6,5,4,7,3,2","8,1","3,1","7,4","8,6,5,2","4,6","1,5,3","2,7,8","2,7,5","1,4,3","6,8","8,7,1","2,4,6","3,5","2,5","7,8,3","1,6,4",4,3,6,5,6,6,4,4,2,5,3,5,4,4,3,3,5,5,6,5,3,3,2,5,4,4,4,3,3,4,4,4,4,3,4,5,4,3,4,4,5,6,7,6,7,5,6,6,3,3,3,7,7,4,7,6,7,5,5,7,7,6,6,5,5,5,7,7,5,6,4,7,4,6,3,5,6,5,6,5,6,5,4,4,4,5,4,5,7,4,4,3,5,6,5,5,5,5,5,2,5,6,5,6,6,6,6,6,6,6,2,6,6,7,6,7,4,5,5,7,7,3,3,5,6,6,6,5,5,6,5,4,2,5,5,5,5,6,5,6,5,6,5,4,3,6,6,4,5,6,6,6,5,6,5,7,6,1,1,3,3,6,5,5,3,2,2,4,2,6,7,5,5,4,4,6,6,3,7,5,7,6,6,6,7,6,7,6,3,6,6,7,6,5,6,6,6,5,7,6,7,7,7,23,Female,White or Caucasian,4,Fourth year (Senior),YES,NA,750,780,33,168,8,38,8,29,8,34,8,31,8,32,10,52,10,62,10,56,10,53,6,26,6,27,5,25,5,24,3,18,5,26,4,26,3,14,3,17,12,44,12,59,12,71,TRUE,0,0,0,1,0,0,1,0,0,1,0,0,1,1,0,5,TRUE,1,1,1,1,1,1,1,1,0,0,0,0,0,0,0,0,0,0,1,1,1,1,1,1,1,1,1,1,0,0,0,1,1,1,1,1,1,1,0,0,0,0,0,1,1,1,0,1,8,249
439,100,1097,QPPQ,PRST,PWXQ,STWX,GFFG,QQBB,EGFH,BODQ,PABQ,CLXC,PFCC,CGVZ,VEBT,GKHM,KGDB,"5,3,2","8,7,6,4,1","6,4,2","8,7,5,3,1","7,4,1","8,6,5,3,2","8,6,2,3","7,5,4,1","8,4,5,2","6,7,3,1","3,5,2,1","4,6,7,8","5,3,2,1","7,8,6,4","8,5,3,4,1","6,7,2","3,8,1","7,5,2","6,4","3,1","8,7,5","4,6,2","6,4","5,3,1","8,7,2","5,4","1,2,3","7,6,8","2,7,5,4","1,8","3,6","5,2","7,3,8","6,1,4",3,5,5,3,6,5,4,4,4,5,4,4,5,5,5,5,6,6,5,4,6,4,5,6,6,6,6,6,3,5,5,5,6,5,5,6,6,4,6,5,4,6,5,5,4,3,6,5,5,5,5,5,6,6,6,4,5,5,5,6,6,5,6,6,4,4,5,6,5,4,7,5,6,6,6,5,6,5,5,5,6,5,5,4,5,4,5,5,7,3,5,3,5,6,4,5,5,4,3,3,4,4,5,5,4,6,6,3,3,5,3,3,5,6,6,5,4,2,4,3,5,5,5,5,5,5,3,6,5,6,5,4,3,5,4,6,4,5,4,5,4,5,6,6,5,5,5,4,5,3,2,5,5,5,5,3,2,2,1,2,3,2,3,4,2,3,3,3,2,5,5,2,2,3,6,5,3,4,4,5,6,6,7,6,6,4,5,7,5,6,5,6,5,2,5,4,5,5,6,6,5,6,6,19,Male,Asian,3.92,Second year (Sophomore),YES,NA,770,800,33,155,8,35,8,37,8,42,8,45,8,41,10,49,10,54,10,52,10,55,6,28,6,27,5,21,5,21,3,16,5,17,4,22,3,10,3,13,12,30,12,44,12,68,TRUE,1,1,1,1,1,1,1,1,0,1,0,1,1,1,0,12,TRUE,1,1,1,1,1,1,1,1,0,0,0,0,0,0,0,0,0,0,0,1,0,0,1,1,1,0,0,0,0,0,0,1,1,1,1,1,1,1,0,0,0,0,0,0,1,0,0,1,6,250
440,100,1927,QPPQ,PRST,PWXQ,STWX,GFFG,EETT,EGFH,BODQ,COPD,CLXC,NA,CGVZ,ZIFX,PSQT,DFIM,"2,5,3","8,7,1,4,6","6,4,2","8,7,5,3,1","7,4,1","8,6,5,3,2","8,6,3,2","7,5,4,1","8,7,5,4,2","6,3,1","2,4,5,8","7,6,3,1",NA,NA,NA,NA,NA,NA,NA,"3,1","7,4","8,6,5,2","4,6","1,5,3","2,8,7","7,2,5","4,1,3","8,6","1,8",2,"5,7",NA,NA,NA,5,5,6,4,6,5,5,4,4,5,5,5,4,5,5,4,6,5,5,5,5,5,6,5,5,5,5,5,3,5,5,5,6,4,1,2,5,2,3,2,1,5,4,6,5,2,7,5,3,2,3,5,5,6,6,4,6,6,5,6,6,4,5,3,4,3,4,4,5,5,5,6,2,5,2,5,2,5,4,5,6,5,5,4,4,5,5,4,7,5,5,2,4,5,5,5,5,5,5,2,2,1,1,1,5,1,1,2,5,5,5,3,6,6,5,6,5,4,4,5,5,4,3,1,6,3,6,2,4,6,5,4,5,4,2,6,5,4,5,5,5,5,3,5,5,4,5,3,4,4,5,3,5,5,5,6,5,5,5,1,4,5,5,6,5,5,6,3,5,6,6,6,6,5,5,6,2,4,6,5,5,4,6,4,3,3,5,5,3,3,5,5,3,5,6,4,5,6,6,3,6,7,5,19,Male,Asian,4.23,Second year (Sophomore),YES,NA,770,790,33,142,8,40,8,37,8,42,8,41,8,20,10,42,10,55,10,42,10,42,6,28,6,25,5,25,5,7,3,7,5,20,4,23,3,13,3,14,12,58,12,60,12,51,TRUE,1,1,1,1,1,0,1,1,0,1,0,1,0,0,0,9,TRUE,1,1,1,1,1,1,1,1,1,1,1,1,0,0,0,0,0,0,0,1,1,1,1,1,1,1,1,1,0,0,0,0,0,0,1,1,1,1,1,1,0,0,0,1,1,1,0,0,9,239
441,100,1896,QPPQ,PRST,PWXQ,STWX,GFFG,QQBB,EGFH,BODQ,FUZG,JCVC,XDBK,CGVZ,KXVH,PSQT,KGDB,"2,5,3","4,8,6,7,1","6,4,2","8,7,5,3,1",3,"8,7,6,5,4,2,1","8,6,3,2","7,5,4,1","8,6,4","7,5,3,2,1","8,7,5,4,3,2,1",6,"8,6,5,3,1","7,4,2","7,6,3","8,5,4,2,1","3,2,1","6,4,5","8,7","3,5,1","4,8,7","2,6","6,4","1,3,5","8,2,7","1,4","3,7,6","2,8,5","7,1","2,6,4","3,5,8","2,5","3,8,7","1,6,4",6,6,6,7,6,6,6,6,4,6,4,6,6,6,6,5,6,6,6,6,5,6,6,6,6,6,7,6,3,6,6,6,6,6,6,6,6,6,6,6,6,7,6,7,7,4,7,5,4,5,4,7,7,7,7,6,7,7,7,7,6,6,6,6,6,6,6,6,6,6,6,6,5,5,4,7,6,4,6,5,6,4,5,4,5,3,3,5,7,3,3,5,5,5,5,5,6,5,3,3,3,6,6,6,6,6,6,5,5,5,6,6,3,6,6,5,4,5,5,7,6,5,5,5,5,6,5,5,5,5,5,5,4,5,4,6,6,6,5,5,5,6,6,6,6,6,6,5,5,5,5,6,5,5,6,6,5,2,2,2,2,5,5,3,4,3,4,5,5,5,6,3,4,3,3,4,4,4,6,6,6,6,4,6,6,6,6,6,5,5,5,7,5,6,6,6,6,6,6,6,6,6,7,19,Female,White or Caucasian,4.1,Second year (Sophomore),YES,33,NA,NA,33,175,8,49,8,43,8,47,8,49,8,48,10,56,10,68,10,60,10,54,6,24,6,26,5,24,5,24,3,18,5,27,4,20,3,14,3,18,12,43,12,52,12,67,TRUE,1,1,1,1,1,1,1,1,1,0,1,1,0,0,0,11,TRUE,1,1,1,1,0,0,1,1,0,0,0,0,0,0,0,0,0,0,0,0,0,0,1,1,1,0,0,0,0,0,0,1,1,1,1,1,0,1,0,0,0,0,0,0,1,0,0,1,5,250
442,100,2532,QPPQ,PRST,PWXQ,STWX,GFFG,QQBB,EGFH,KMTV,FUZG,CLXC,XDBK,CGVZ,KXVH,GKHM,KGDB,"2,3,5","1,4,6,8,7","6,4,2","8,7,5,3,1","7,4,1","8,6,5,2,3","8,6,3,2","7,5,4,1","7,8,5,4,2","6,3,1","7,4,3,1","8,6,5,2","8,5,3,2,1","7,6,4","7,8,5","4,6,3,2,1","4,3","7,5,6,2","8,1","3,1","7,5,4","8,6,2","4,6","1,5,3","2,8,7","2,7,5","1,4,3","6,8","1,7","2,6","3,5,4,8","2,5","3,8,7","1,6,4",6,6,6,5,6,6,5,7,5,7,6,6,7,6,5,7,5,5,5,6,5,5,6,6,6,7,7,6,3,5,7,7,7,6,6,5,6,6,5,5,6,6,7,7,7,2,6,7,3,5,3,7,7,7,7,5,7,7,5,7,7,6,6,7,5,7,7,6,7,7,6,7,6,5,1,7,6,6,6,7,7,5,5,5,6,5,4,2,7,2,5,5,7,4,6,6,6,5,6,2,1,5,1,1,6,5,5,3,5,3,2,2,6,7,7,7,3,3,3,7,6,4,3,6,7,7,6,7,5,7,6,6,6,5,6,7,6,6,5,6,6,6,5,6,5,6,6,5,4,7,6,7,6,6,6,6,6,2,1,1,1,2,2,3,3,3,3,5,5,7,7,6,6,5,7,5,5,5,2,6,7,5,6,6,7,7,7,6,6,6,6,7,7,4,5,5,6,6,7,7,6,6,6,21,Female,White or Caucasian,3.606,Fourth year (Senior),YES,34,NA,NA,33,194,8,47,8,49,8,43,8,52,8,45,10,53,10,66,10,64,10,58,6,30,6,25,5,29,5,10,3,16,5,15,4,27,3,9,3,17,12,33,12,65,12,75,TRUE,1,1,1,1,1,1,1,0,1,1,1,1,0,1,0,12,TRUE,1,1,1,1,1,1,1,1,1,1,0,0,0,0,0,0,0,0,1,1,0,0,1,1,1,1,1,1,0,0,0,1,1,1,1,1,1,1,1,0,0,0,0,0,1,1,0,1,8,250
445,100,2342,QPPQ,PRST,PWXQ,STWX,WXXW,QQBB,IJLK,HJPR,PABQ,CLXC,XDBK,CGVZ,ZIFX,GKHM,KGDB,"5,3,2","8,7,6,4,1","6,4,2","8,7,5,3,1","7,4,1","8,6,5,3,2","8,6,3,2","7,5,4,1","8,5,4,2","7,6,3,1","7,5,4,2,1","8,6,3","8,2,3,1","7,6,5,4","8,3,1,2","7,6,5,4",3,"7,5,4,2","8,6,1","3,1","8,4,7","6,5,2","4,6","3,5,1","2,7,8","4,6,5","8,3,1","2,7","7,8,1,4","6,3,2",5,"5,2","3,8,7","1,6,4",7,6,5,3,4,4,6,7,5,6,4,6,6,6,4,5,5,4,6,3,4,4,7,5,4,4,5,3,3,3,4,6,3,6,4,2,5,4,2,6,3,5,6,5,6,5,4,5,4,3,4,7,7,7,7,7,7,7,6,7,5,4,6,5,4,6,5,7,6,7,6,5,7,6,5,6,4,6,6,5,6,5,6,5,5,5,3,6,7,6,5,5,6,5,5,2,2,6,3,3,3,3,5,5,5,5,5,7,7,6,5,7,3,7,5,7,7,7,6,7,7,6,3,7,2,7,7,7,4,7,7,3,7,5,5,6,7,6,5,7,6,7,3,7,7,6,7,5,5,6,7,6,7,7,6,7,6,3,2,4,2,3,5,6,2,3,5,7,7,6,5,7,6,3,3,7,7,7,7,5,6,2,1,6,6,5,5,6,3,4,4,7,6,7,5,6,7,7,6,5,7,6,7,18,Female,two or more races,4.036,Second year (Sophomore),NO,NA,NA,NA,33,194,8,42,8,42,8,38,8,32,8,32,10,47,10,67,10,56,10,56,6,29,6,33,5,18,5,19,3,15,5,32,4,22,3,20,3,20,12,48,12,72,12,53,TRUE,1,1,1,1,0,1,0,0,0,1,1,1,0,1,0,9,TRUE,1,1,1,1,1,1,1,1,0,0,0,0,0,0,0,0,0,0,0,1,0,0,1,1,1,0,0,0,0,0,0,1,1,1,1,1,1,1,0,0,0,0,0,0,1,0,0,1,6,250
447,100,2219,QPPQ,PRST,PWXQ,STWX,GFFG,QQBB,EGFH,BODQ,FUZG,CLXC,XDBK,CGVZ,VEBT,GKHM,DFIM,"5,3,2","8,7,6,1,4","6,4,2","8,7,5,3,1","7,1,4","8,6,5,3,2","8,6,3,2","7,5,4,1","7,8,5,4,2","6,3,1",NA,NA,1,NA,NA,NA,NA,NA,NA,"3,1","7,4","8,5,6,2","4,6","1,5,3","7,2,8","2,7,5","3,1,4","6,8","3,8,6,7","1,2","4,5","5,2","3,7,8","1,4,6",5,6,5,5,6,5,6,6,3,3,5,3,4,4,4,3,4,4,4,4,4,4,5,6,4,5,5,4,3,5,5,3,5,7,3,4,5,5,5,4,6,7,7,6,7,4,6,5,5,4,5,6,6,6,7,3,6,7,7,6,7,6,6,4,6,6,5,5,4,5,5,5,3,5,2,6,3,2,4,6,4,4,5,4,5,4,4,5,7,5,6,5,5,5,6,5,3,4,5,3,6,3,6,5,2,4,4,5,5,5,2,5,2,6,3,6,4,4,3,6,5,2,5,6,6,6,5,6,4,5,5,5,6,3,3,6,4,5,4,5,3,4,6,3,4,4,5,3,3,3,4,7,4,2,5,6,6,1,1,5,5,5,4,6,6,5,3,4,5,6,7,5,5,2,5,5,6,5,3,5,5,5,3,4,3,5,6,5,2,3,3,5,3,4,5,5,5,5,5,4,6,6,6,20,Female,Black or African American,3.3,Fourth year (Senior),YES,NA,660,780,33,149,8,44,8,29,8,35,8,36,8,39,10,56,10,61,10,52,10,40,6,26,6,31,5,23,5,23,3,10,5,22,4,17,3,11,3,13,12,53,12,58,12,49,TRUE,1,1,1,1,1,1,1,1,1,1,1,1,1,1,0,14,TRUE,1,1,1,1,1,1,1,1,1,1,0,0,0,0,0,0,0,0,0,1,1,1,1,1,1,1,1,1,1,1,1,1,1,1,1,1,1,1,1,0,0,0,0,1,1,1,1,1,10,242
448,100,3956,QPPQ,PRST,PWXQ,STWX,GFFG,QQBB,EGFH,BODQ,FUZG,CLXC,XDBK,CGVZ,VEBT,GKHM,KGDB,"3,5,2","8,6,7,4,1","6,4,2","8,7,5,3,1","7,4,1","8,6,5,3,2","8,6,3,2","7,5,4,1","8,7,5,4,2","6,3,1","8,7,4,2,5","6,3,1",NA,NA,NA,NA,NA,NA,NA,"3,1","7,4","8,6,5,2","4,6","1,3,5","7,2,8","2,7,5,8","1,4,3",6,NA,NA,NA,NA,NA,NA,5,5,5,5,6,7,6,6,6,7,6,7,7,7,6,5,6,6,6,4,4,4,5,6,5,5,6,4,3,5,6,6,6,5,5,5,5,7,5,5,5,6,5,6,6,2,6,4,2,2,4,7,7,7,7,6,7,7,7,7,5,6,6,5,7,7,7,7,6,5,6,7,4,6,4,7,6,7,6,7,7,6,7,5,6,6,6,5,7,6,5,5,6,6,7,6,5,6,6,3,2,5,3,4,5,5,5,2,6,4,5,3,7,7,7,7,4,5,6,7,7,7,6,5,3,7,7,7,6,7,6,3,6,6,7,7,7,6,6,7,7,7,5,6,5,7,7,7,6,6,5,7,6,6,7,7,7,3,5,2,3,2,5,2,3,3,3,7,7,6,6,7,7,5,6,6,5,7,7,5,6,5,3,6,6,7,7,6,3,3,5,5,5,6,5,6,5,5,7,7,7,7,7,19,Female,White or Caucasian,4,Second year (Sophomore),YES,NA,750,760,33,203,8,45,8,51,8,41,8,43,8,42,10,43,10,67,10,62,10,61,6,36,6,33,5,30,5,17,3,15,5,20,4,28,3,15,3,21,12,45,12,76,12,62,TRUE,1,1,1,1,1,1,1,1,1,1,1,1,1,1,0,14,TRUE,1,1,1,1,1,1,1,1,1,1,0,0,0,0,0,0,0,0,0,1,1,1,1,1,1,0,1,0,0,0,0,0,0,0,1,1,1,1,1,0,0,0,0,1,1,0,0,0,7,237
450,100,7291,QPPQ,PRST,PWXQ,STWX,GFFG,QQBB,EGFH,BODQ,VIJW,CLXC,PFCC,CAUZ,KXVH,EJFK,HJMQ,"3,5,2","8,7,6,4,1","5,7,3,2,4","8,6,1","8,7,3","6,5,4,1,2","8,6,3","7,5,4,2,1","7,5,4,2","8,6,3,1","7,8,5,4,3,2,1",6,"6,5,4,2,1","8,7,3","7,6,2,1","8,5,4,3","6,3","7,5,4,2","8,1","3,4","7,1","5,6,8,2","4,6","1,3,5","7,2,8","4,6,7","1,8,3,2",5,"1,4","2,6","3,5,8,7","2,5","8,3,7","1,4,6",7,7,7,6,6,5,7,7,6,6,6,7,7,6,6,6,7,6,6,5,5,5,5,5,6,6,5,5,3,6,5,5,4,4,4,4,4,6,4,4,4,7,6,7,6,6,7,6,6,6,6,6,6,7,7,5,7,6,6,6,5,6,6,7,6,7,7,7,6,6,5,6,6,7,5,7,5,4,7,7,7,5,5,5,4,4,5,3,7,5,5,5,5,6,5,5,5,5,3,5,5,6,5,5,5,5,5,6,6,6,6,6,4,5,5,5,4,5,5,6,5,4,5,5,5,6,6,5,5,5,5,6,5,4,5,5,5,6,5,5,6,6,5,6,5,5,6,6,3,3,5,6,5,5,3,7,3,5,4,4,4,3,5,3,5,2,4,5,5,6,7,6,5,3,3,5,4,7,7,5,6,6,6,5,6,5,5,6,4,4,3,5,3,5,5,5,5,5,5,4,6,5,6,18,Male,Asian American,3.21,First year (Freshman),YES,NA,620,700,33,168,8,52,8,50,8,44,8,42,8,34,10,63,10,61,10,63,10,61,6,28,6,29,5,23,5,26,3,15,5,30,4,19,3,14,3,15,12,49,12,63,12,61,TRUE,1,1,1,1,1,1,1,1,0,1,0,0,0,0,0,9,TRUE,1,1,0,0,0,0,0,0,0,0,0,0,0,0,0,0,0,0,1,0,0,1,1,1,1,0,0,0,0,0,0,1,1,1,1,0,0,0,0,0,0,0,0,0,1,0,0,1,3,250
451,100,1878,QPPQ,PRST,PWXQ,STWX,GFFG,QQBB,EGFH,HJPR,FUZG,CLXC,XDBK,CGVZ,VEBT,GKHM,HJMQ,"2,5,3","1,8,7,6,4","6,4,2","8,7,5,3,1","7,4,1","8,6,5,3,2","6,8,3,2","7,5,4,1","8,7,5,4,2","6,3,1","8,7,5,4,2,1","6,3","5,4,3,2,1","8,7,6",NA,NA,"8,1","5,7","6,4,3,2","3,1","7,4","8,6,5,2","4,6","1,3,5","2,8,7","8,2,7,5","1,4","3,6","8,7,1","4,2,6","5,3","5,2","8,7,3","6,4,1",6,5,6,6,6,5,5,5,5,5,6,5,6,5,5,6,5,4,5,5,4,4,5,6,4,5,5,5,3,4,5,5,5,5,4,4,4,4,4,5,4,5,6,5,6,6,5,5,5,5,5,6,5,6,6,4,6,7,6,6,5,5,5,4,5,5,5,5,4,5,5,5,5,5,3,5,5,4,4,5,4,3,4,3,4,3,3,2,7,2,5,3,4,4,5,3,3,3,5,5,5,6,5,5,5,5,5,3,6,5,3,6,4,6,6,5,2,3,5,6,6,6,5,5,5,6,5,6,4,6,6,3,5,5,5,6,5,5,6,5,3,5,3,6,6,6,5,3,4,3,4,5,4,5,6,7,7,6,5,5,3,6,5,5,5,7,6,5,5,6,6,7,7,2,4,4,5,6,6,5,5,6,6,6,6,6,6,6,2,5,6,6,5,4,5,5,5,6,6,6,6,6,6,22,Female,Asian,4.014,Fourth year (Senior),YES,NA,750,730,33,161,8,44,8,43,8,38,8,38,8,34,10,53,10,57,10,48,10,45,6,20,6,20,5,19,5,26,3,15,5,23,4,21,3,10,3,18,12,67,12,63,12,65,TRUE,1,1,1,1,1,1,1,0,1,1,1,1,1,1,0,13,TRUE,1,1,1,1,1,1,1,1,1,1,0,0,0,0,0,0,0,0,0,1,1,1,1,1,1,0,0,0,0,0,0,1,1,1,1,1,1,1,1,0,0,0,0,1,1,0,0,1,8,248
452,100,2773,QPPQ,PRST,PWXQ,STWX,GFFG,QQBB,EGFH,NA,NA,NA,NA,NA,NA,NA,NA,"3,5,2","8,7,6,4,1","6,4,2","8,7,5,3,1","7,4,1","8,6,5,3,2","8,6,3,2","7,5,4,1","8,7,5,4,2","3,6,1","7,5,4,3,1","8,6,2","6,5,3,1","2,4,7,8","7,6,3,2","8,5,4,1","6,2","7,5,4","8,3,1","3,1","8,7,4,5","6,2","6,4","7,5,3,1","2,8",4,"8,1","5,7,2,3,6","5,1,8","2,4,6","3,7","5,2","3,8,7","4,6,1",6,3,7,7,7,7,3,6,1,6,4,5,6,6,3,2,5,4,5,6,4,5,5,5,6,5,6,7,3,7,7,7,7,6,7,7,7,7,6,7,7,7,6,6,7,6,7,6,4,6,7,7,7,6,7,7,7,7,7,7,7,7,7,6,7,5,6,7,6,7,7,5,6,6,2,6,7,4,6,5,6,5,6,6,4,5,6,4,7,5,7,6,6,6,5,4,4,6,7,2,3,5,4,3,5,3,6,4,3,5,1,1,4,7,7,7,2,5,6,7,7,2,3,6,7,6,6,6,5,5,6,6,2,5,4,3,7,7,6,6,6,6,5,6,5,6,7,4,4,5,6,7,4,6,6,7,7,5,5,6,5,4,2,2,6,3,4,4,1,7,7,6,6,4,2,6,5,6,2,5,7,6,6,5,6,7,7,6,5,6,7,6,1,6,5,7,6,6,6,1,6,6,7,19,Female,Asian American,4.103,Second year (Sophomore),YES,NA,770,760,33,179,8,46,8,33,8,39,8,52,8,54,10,62,10,69,10,65,10,53,6,32,6,34,5,26,5,17,3,14,5,14,4,25,3,13,3,16,12,56,12,56,12,73,TRUE,1,1,1,1,1,1,1,0,0,0,0,0,0,0,0,7,TRUE,1,1,1,1,1,1,1,1,1,1,0,0,0,0,0,0,0,0,0,1,0,0,1,0,0,0,0,0,0,0,0,1,1,1,1,1,1,1,1,0,0,0,0,0,0,0,0,1,6,242
454,100,1475,QPPQ,PRST,PWXQ,FGIJ,GFFG,QQBB,OPRQ,BODQ,PABQ,CLXC,TNLL,CEIZ,VEBT,GKHM,HJMQ,"5,3,2","8,7,6,4,1","6,4,2","8,7,5,3,1","7,4,3","8,6,5,2,1","8,6,3,2","7,5,4,1","8,7,5,4,2","6,3,1","7,4,3,2,1","8,6,5","8,7,5,4,1","6,3,2","5,3,1","8,7,6,4,2","6,1","7,5,4,3","8,2","3,1","7,4","6,5,8,2","4,6","1,5,3","7,2,8","4,6","1,3,7","2,8,5","1,8,7","6,5,2","3,4","2,5","3,7,8","1,6,4",4,6,5,5,4,6,6,7,6,4,7,6,5,5,6,6,4,7,5,4,2,4,3,4,6,5,6,6,3,4,5,7,5,6,4,5,5,5,5,5,5,5,6,5,5,7,5,5,6,7,6,7,7,7,7,6,7,7,6,7,7,5,7,5,6,7,5,6,5,7,6,6,4,7,5,7,5,4,5,4,6,4,6,3,3,3,2,5,7,4,4,5,5,3,4,3,3,3,4,6,5,7,5,4,6,6,5,5,4,4,5,6,4,5,5,6,3,3,5,7,5,6,5,5,3,6,4,7,4,6,5,2,6,5,6,6,5,5,4,6,6,6,4,6,5,7,5,5,5,2,3,6,3,6,4,7,6,4,3,5,5,6,6,4,5,5,5,5,6,5,5,6,5,3,2,3,5,7,6,5,5,5,4,5,6,6,6,6,3,6,6,6,5,5,5,5,5,5,6,NA,5,5,5,20,Female,White or Caucasian,3.7,Third year (Junior),YES,NA,650,700,33,163,8,43,8,45,8,33,8,44,8,40,10,57,10,68,10,59,10,53,6,21,6,26,5,17,5,27,3,17,5,24,4,20,3,11,3,18,12,61,12,58,12,63,TRUE,1,1,1,0,1,1,0,1,0,1,0,0,1,1,0,9,TRUE,1,1,1,1,0,0,1,1,1,1,0,0,0,0,0,0,0,0,0,1,1,1,1,1,1,0,0,0,0,0,0,1,1,1,1,1,0,1,1,0,0,0,0,1,1,0,0,1,7,249
456,100,4487,QPPQ,VWXY,PWXQ,FGIJ,LMML,CCRR,OPRQ,FHXZ,FUZG,JCVC,TNLL,CIOZ,ZIFX,EJFK,DFIM,"5,3,2","8,7,6,4","6,4","8,7,5,3,1","3,2,1","8,7,6,5","8,6,3,2","7,5,4,1","8,7,5,4,2","6,3,1","8,7,5,4,2,1","6,3","8,5,3,1","7,6,4,2","1,5","8,7,4,6,3,2",1,"7,3,2","8,5,6,4",3,"7,4,1","8,6,5,2","4,1","6,8,5,2","3,7","3,6","1,8,4","2,5","2,7,5","1,6,4","3,8",2,"3,8,5,7","1,4,6",5,3,6,4,5,5,3,4,2,6,6,2,3,6,7,2,7,6,5,3,6,4,5,6,5,6,5,7,3,4,7,6,3,3,3,3,4,2,2,2,5,3,4,3,3,5,6,5,3,2,6,5,3,4,3,5,5,4,3,7,5,5,4,5,4,3,4,5,5,6,5,5,3,5,5,2,4,6,6,5,6,4,2,4,4,3,5,4,7,3,1,4,2,4,7,6,5,6,3,2,2,5,3,2,2,3,3,3,5,3,1,3,5,5,5,7,3,3,4,3,2,2,2,2,5,3,6,5,6,5,3,5,1,4,4,6,5,3,4,5,3,4,5,2,3,4,5,2,5,5,5,1,5,6,4,3,2,1,1,2,1,4,2,5,4,3,3,6,2,7,7,3,6,5,5,6,2,1,7,5,7,6,3,2,5,3,5,2,1,2,2,6,5,7,6,7,7,7,3,4,6,6,7,19,Female,Asian,3.75,Second year (Sophomore),NO,NA,NA,NA,33,133,8,35,8,34,8,42,8,43,8,24,10,40,10,44,10,46,10,47,6,22,6,18,5,27,5,14,3,8,5,15,4,22,3,10,3,7,12,31,12,57,12,43,TRUE,1,0,1,0,0,0,0,0,1,0,0,0,0,0,0,3,TRUE,1,0,0,1,0,0,1,1,1,1,0,0,0,0,0,0,0,0,0,0,0,1,0,0,0,0,0,0,0,0,0,0,0,1,0,0,0,1,1,0,0,0,0,0,0,0,0,0,2,250
457,100,116962,QPPQ,PRST,PWXQ,STWX,GFFG,QQBB,ABDC,BODQ,FUZG,CLXC,XDBK,CIOZ,VEBT,GKHM,KGDB,"5,3,2","8,6,7,1,4","7,4,5,2","8,6,3,1","7,4,1","8,6,5,3,2","8,6,3,2","7,5,4,1","7,5,4,2","8,6,3,1","8,7,4,3,2,1","6,5","7,5,4,3,2,1","8,6","8,6,4,1","7,5,3,2","6,3","7,5,4,2","8,1","3,1","7,4","8,6,5,2","6,4","3,1,5","7,8,2","3,4","1,6,7,8","2,5","2,8,7,6",1,"3,5,4","2,5","3,8,7","1,6,4",6,5,7,6,7,7,5,6,4,5,6,7,7,6,6,6,5,2,5,2,3,4,6,7,7,6,6,7,3,7,6,7,5,4,3,6,5,4,5,6,2,7,7,6,6,3,6,4,3,5,5,7,6,7,7,7,7,7,7,7,7,6,6,6,6,7,6,7,6,6,6,5,6,7,1,7,7,5,6,7,6,6,6,6,6,6,5,2,7,2,3,6,3,6,5,5,5,6,3,2,2,6,5,3,2,6,6,3,5,3,5,5,6,6,3,6,7,7,3,7,6,4,1,2,6,6,3,7,5,6,5,3,2,3,6,5,6,6,5,6,5,6,5,5,7,5,6,3,1,6,6,6,3,6,6,6,7,1,1,3,2,5,6,5,3,5,5,3,5,7,6,6,6,3,3,6,6,7,7,6,6,1,2,6,6,6,7,5,2,7,7,6,3,6,6,6,6,5,5,3,6,6,6,21,Male,White or Caucasian,4.11,Fourth year (Senior),YES,NA,710,730,33,159,8,49,8,47,8,34,8,51,8,35,10,52,10,69,10,62,10,57,6,35,6,22,5,24,5,18,3,14,5,21,4,21,3,17,3,17,12,49,12,65,12,61,TRUE,1,1,1,1,1,1,0,1,1,1,1,0,1,1,0,12,TRUE,1,1,0,0,1,1,1,1,0,0,0,0,0,0,0,0,0,0,1,1,1,1,1,1,1,0,0,0,0,0,0,1,1,1,1,0,1,1,0,0,0,0,0,1,1,0,0,1,6,250
460,100,95604,QPPQ,VWXY,PWXQ,STWX,GFFG,QQBB,EGFH,BODQ,SEFT,CLXC,XDBK,CGVZ,VEBT,NA,HJMQ,"2,3,5","4,6,8,7,1","6,4,2","8,5,7,3,1","1,7,4","6,5,8,3,2","8,6,3,2","7,5,4,1","8,7,5,4,2","6,3,1","5,4,7,8,1","3,6,2","3,6,2,1","5,7,8,4","7,3,2,5","8,6,4,1",NA,NA,NA,"3,1","8,5,4","7,6,2","6,4","5,3,1","8,7,2","2,8,5","1,3,4","6,7","3,8,7","2,1","4,5,6",NA,NA,NA,7,7,4,2,6,6,7,6,5,5,6,6,7,6,5,6,6,6,4,6,5,5,5,7,7,7,7,6,3,6,6,7,6,7,7,5,6,4,6,5,6,6,4,5,5,4,5,6,6,6,5,7,7,6,7,6,5,7,6,7,5,6,7,6,6,6,6,6,5,7,6,6,3,5,3,6,6,4,6,7,6,5,5,6,2,5,2,2,7,2,3,5,4,4,5,6,5,5,6,5,6,6,6,6,6,6,6,2,2,2,2,2,5,7,6,7,5,6,7,6,6,3,3,6,6,5,5,5,3,4,3,5,4,4,6,5,1,6,6,6,4,6,6,3,6,6,5,5,3,6,5,5,6,6,6,6,5,2,2,2,2,3,3,5,6,3,5,6,5,5,4,2,5,2,2,6,6,7,7,6,6,5,7,6,6,6,6,5,2,5,3,6,3,5,6,6,5,6,7,7,7,7,7,19,Female,White or Caucasian,4.1,Second year (Sophomore),YES,35,NA,NA,33,161,8,45,8,46,8,44,8,52,8,46,10,52,10,63,10,61,10,52,6,25,6,20,5,27,5,29,3,18,5,10,4,25,3,18,3,15,12,44,12,57,12,63,TRUE,1,0,1,1,1,1,1,1,0,1,1,1,1,0,0,11,TRUE,1,1,1,1,1,1,1,1,1,1,0,0,0,0,0,0,0,0,0,1,0,0,1,1,1,0,1,0,0,1,0,0,0,0,1,1,1,1,1,0,0,0,0,0,1,0,0,0,6,243
461,100,2095,QPPQ,PRST,PWXQ,STWX,GFFG,QQBB,EGFH,BODQ,FUZG,CLXC,XDBK,CGVZ,VEBT,GKHM,LHEC,"2,3,5","1,7,6,8,4","6,4,2","8,7,5,3,1","7,4,1","6,8,5,3,2","6,8,3,2","5,7,4,1","8,7,5,4,2","6,3,1","8,5,4,2","7,6,3,1","8,7,5,3,1","6,4,2","6,5,1","8,7,4,3,2",NA,NA,NA,"3,1","7,4","8,6,5,2","6,4","5,3,1","7,2,8","2,7,5","6,8","1,4,3","6,8,3,7","1,2","4,5","2,5","3,7,8","1,6,4",4,4,6,3,5,6,3,5,4,4,4,5,5,5,4,4,3,4,5,1,2,3,2,3,5,5,4,5,3,4,4,6,5,3,2,4,4,5,4,3,3,5,5,5,5,3,5,4,3,3,4,5,6,4,5,5,4,7,5,7,5,4,3,3,3,3,3,4,5,5,5,3,5,3,1,4,5,3,3,5,3,5,6,6,6,6,6,6,7,4,7,6,6,6,7,6,5,6,7,2,2,3,2,2,4,3,2,3,5,4,5,5,5,6,3,6,5,3,3,5,6,2,5,5,7,4,3,2,4,5,6,6,3,5,2,6,3,6,6,5,6,3,6,6,6,5,3,1,4,6,5,5,3,3,3,2,2,2,2,2,2,6,5,2,2,3,3,2,2,2,3,2,3,2,2,6,4,5,2,6,6,6,7,6,6,6,5,6,5,6,6,5,6,6,6,6,6,6,7,6,6,7,7,20,Male,two or more races,4.17,Third year (Junior),YES,35,750,800,33,148,8,36,8,35,8,23,8,38,8,28,10,42,10,53,10,38,10,35,6,35,6,35,5,31,5,11,3,9,5,22,4,20,3,11,3,13,12,33,12,35,12,71,TRUE,1,1,1,1,1,1,1,1,1,1,1,1,1,1,0,14,TRUE,1,1,1,1,1,1,1,1,1,1,1,1,1,1,1,1,0,0,0,1,1,1,1,1,1,1,0,0,1,1,1,1,1,1,1,1,1,1,1,1,1,1,0,1,1,0,1,1,12,247
462,100,5685,QPPQ,PRST,PWXQ,FGIJ,GFFG,QQBB,IJLK,BODQ,COPD,JCVC,XDBK,CGVZ,VEBT,GKHM,DFIM,"5,3,2","8,7,6,4,1","6,4,2","8,7,5,3,1","7,4,1","8,6,5,3,2","8,6,3,2","7,5,4,1","6,5,4,2","8,7,3,1","8,5,4,2,1","7,6,3","8,7,5,4,3,2,1",6,"8,7,3,1","6,5,4,2","6,5,2,3","7,4","8,1","3,1","7,4","8,6,5,2","6,4","5,3,1","7,2,8","3,7,5","4,8,1","2,6","7,1","2,6,4","5,8,3","5,2","3,7,8","6,1,4",4,5,7,6,6,5,4,6,3,5,6,5,5,3,5,6,2,3,5,3,6,5,3,4,6,6,5,4,3,5,5,6,5,5,5,4,5,5,5,6,4,6,5,6,7,5,7,6,4,4,3,7,7,6,7,7,7,7,6,7,6,7,7,6,6,5,7,7,6,6,5,5,4,3,2,6,6,3,4,6,6,4,6,5,4,4,3,6,7,5,3,4,5,5,5,4,4,4,3,2,3,5,3,5,4,5,5,6,6,6,5,6,3,6,4,7,5,6,3,7,6,5,6,6,6,6,6,6,3,6,5,3,4,4,6,5,6,6,6,6,5,5,5,4,5,7,6,3,3,6,6,6,6,7,7,7,6,4,3,3,3,6,5,4,3,3,5,5,6,4,5,6,6,3,3,6,6,4,7,6,6,6,3,6,6,6,7,6,4,6,6,6,4,2,5,6,5,NA,7,6,7,7,7,18,Female,two or more races,3.5,First year (Freshman),YES,32,NA,NA,33,177,8,43,8,38,8,31,8,42,8,39,10,53,10,67,10,62,10,45,6,26,6,28,5,20,5,18,3,14,5,29,4,20,3,14,3,18,12,52,12,61,12,68,TRUE,1,1,1,0,1,1,0,1,0,0,1,1,1,1,0,10,TRUE,1,1,1,1,1,1,1,1,0,0,0,0,0,0,0,0,0,0,1,1,1,1,1,1,1,0,0,0,0,0,0,1,1,1,1,1,1,1,0,0,0,0,0,1,1,0,0,1,7,249
463,100,1839,QPPQ,FGHI,PWXQ,STWX,GFFG,QQBB,EGFH,NA,FUZG,CLXC,NA,NA,XGDV,GKHM,DFIM,"5,3,2","8,7,6,4,1","6,4,2","8,7,5,3,1","4,7,6,3","1,5,8,2","3,8,6","4,5,7,2,1","8,7,2,4","3,1,5,6","2,3,6,8,7,5,1,4",NA,"8,3,2,1","7,4,5,6","1,4,8,6","3,7",NA,NA,NA,NA,NA,NA,NA,NA,NA,NA,NA,NA,NA,NA,NA,NA,NA,NA,6,7,7,7,7,7,3,6,4,5,5,5,5,6,3,5,5,6,6,6,4,5,4,5,6,6,7,7,3,6,6,6,6,5,4,3,2,3,3,3,3,7,7,7,7,6,7,4,4,6,5,7,5,6,7,7,6,7,5,7,6,6,6,6,6,6,7,6,7,6,7,3,5,5,2,3,6,3,4,4,4,2,4,2,2,2,2,2,7,3,2,2,2,2,3,3,6,3,3,5,5,7,7,6,5,5,6,5,5,5,6,7,3,6,5,3,7,6,6,5,5,2,5,6,6,4,5,6,5,4,6,6,3,4,4,6,5,6,5,5,5,5,2,6,6,5,6,1,5,6,5,5,5,5,4,4,5,2,2,2,1,4,2,4,4,2,2,3,4,2,2,2,2,2,2,5,4,2,2,5,5,3,3,6,4,5,7,4,2,5,6,5,6,4,5,4,5,5,6,6,5,5,4,23,Male,Asian,4.02,Fourth year (Senior),YES,NA,370,800,33,162,8,50,8,38,8,41,8,50,8,26,10,60,10,63,10,63,10,39,6,14,6,13,5,18,5,30,3,16,5,28,4,17,3,19,3,12,12,34,12,32,12,55,TRUE,1,0,1,1,1,1,1,0,1,1,0,0,0,1,0,9,TRUE,1,1,1,1,0,0,0,0,0,0,0,0,0,0,0,0,0,0,0,0,0,0,0,0,0,0,0,0,0,0,0,0,0,0,1,1,0,0,0,0,0,0,0,0,0,0,0,0,2,228
466,100,2703,QPPQ,PRST,PWXQ,BCEF,GFFG,CCRR,EGFH,CERT,COPD,CFCR,VEGV,CEIZ,XGDV,PSQT,KGDB,"3,5,2","1,8,6,7,4","6,4,2","7,8,5,3,1","6,3,1,2","8,7,4,5","8,6,3,2","7,5,4,1","8,7,4,5,2","6,3,1","8,6,3,2,1","5,7,4","8,4,3,1","6,7,5,2","3,4,1,2","7,8,5,6","3,6,2","4,5,1","8,7","3,1","7,4","8,5,6,2","6,4","5,3,1","8,7,2","2,5,7,8","1,4,3",6,"1,5,6","3,8,2","4,7","2,5,3","8,7","4,1,6",5,5,6,6,7,5,6,6,4,6,6,5,7,7,6,2,4,6,6,5,5,4,6,5,6,6,6,5,3,5,7,6,6,7,4,6,6,6,6,7,5,7,7,7,7,4,7,6,4,4,5,6,7,6,7,6,7,7,6,7,4,5,7,6,6,5,7,5,5,6,5,5,4,7,1,6,4,1,5,6,6,6,5,5,6,2,6,2,7,1,6,5,6,7,6,6,5,6,6,2,2,6,6,3,6,6,6,2,3,2,2,2,6,7,7,7,3,5,7,6,6,2,6,6,6,6,6,5,5,7,6,6,7,6,5,6,5,6,6,6,6,6,6,6,7,7,7,5,5,6,5,6,7,6,5,7,7,2,2,3,2,6,5,5,3,3,5,2,5,5,3,6,6,1,2,3,1,5,5,6,7,7,6,5,5,7,6,6,5,6,6,6,5,6,6,7,6,6,7,7,7,7,7,21,Female,Hispanic or Latino,3.6,Fourth year (Senior),YES,32,NA,NA,33,196,8,46,8,43,8,41,8,47,8,47,10,58,10,63,10,57,10,45,6,30,6,27,5,29,5,19,3,18,5,11,4,27,3,15,3,14,12,50,12,44,12,72,TRUE,1,1,1,0,1,0,1,0,0,0,0,0,0,0,0,5,TRUE,1,1,1,1,0,0,1,1,1,1,0,0,0,0,0,0,0,0,0,1,1,1,1,1,1,0,1,0,0,0,0,0,0,1,1,1,0,1,1,0,0,0,0,1,1,0,0,0,6,250
468,100,1791,QPPQ,PRST,PWXQ,STWX,GFFG,QQBB,EGFH,BODQ,FUZG,CLXC,XDBK,CGVZ,NA,GKHM,NA,"2,3,5","4,8,7,6,1","6,4,2","8,7,5,3,1","7,4,1","8,6,5,3,2","8,6,3,2","7,5,4,1","8,5,2,7,4","3,1,6",NA,NA,"8,7,5,3,1","6,4,2","6,5,1","8,7,4,3,2","8,1","3,2,5",6,"3,1","7,4","8,6,5,2","4,6","1,5,3","2,8,7","2,7,5","1,4,3","6,8","3,8,7,6","1,2","4,5","2,5","3,7,8","1,6,4",7,6,5,6,5,5,7,6,7,7,7,7,7,7,7,6,7,6,7,6,6,6,6,5,6,5,5,7,3,6,5,7,6,7,7,6,7,7,7,7,7,4,5,7,7,7,4,5,7,7,7,7,7,6,6,6,6,7,7,7,7,7,7,7,7,7,7,7,7,7,7,7,4,5,2,7,6,4,7,5,4,5,5,3,5,6,5,2,7,3,5,3,3,7,7,7,6,7,7,4,5,7,6,5,3,3,5,2,7,2,2,2,1,7,3,6,1,1,7,7,1,1,2,3,5,3,3,6,1,5,5,2,2,1,5,5,5,7,6,3,3,6,3,2,2,6,5,3,1,3,3,6,2,5,3,7,7,2,2,6,7,7,7,6,6,6,5,2,5,5,6,2,6,1,1,2,3,4,1,5,6,5,3,6,6,7,7,5,2,7,7,3,3,2,2,1,2,NA,6,7,7,7,7,21,Female,Asian,4.24,Third year (Junior),NO,NA,NA,NA,33,122,8,47,8,55,8,49,8,47,8,55,10,60,10,66,10,70,10,51,6,29,6,23,5,34,5,27,3,11,5,15,4,17,3,9,3,9,12,68,12,38,12,66,TRUE,1,1,1,1,1,1,1,1,1,1,1,1,0,1,0,13,TRUE,1,1,1,1,1,1,1,1,1,1,0,0,1,1,1,1,0,1,0,1,1,1,1,1,1,1,1,1,1,1,1,1,1,1,1,1,1,1,1,0,1,1,0,1,1,1,1,1,12,245
469,100,2666,QPPQ,PRST,PWXQ,STWX,GFFG,QQBB,EGFH,BODQ,SEFT,CLXC,VEGV,CAUZ,VEBT,GKHM,KGDB,"2,5,3","4,8,6,7,1","4,6,2","5,8,7,3,1","7,4,1","5,8,6,3,2","8,6,3,2","5,7,4,1","6,8,4,5","1,7,3,2","5,8,7,4,2","6,1,3","8,7,5,1","4,6,3,2","7,6,5,1","8,4,3,2","2,3,5","6,7,4","1,8","1,3","4,7","5,8,6,2","4,6","1,5,3","8,7,2","2,5,7","4,3,1","8,6","3,1,6","4,2","8,5,7","1,4,8","5,6,7","2,3",6,5,5,4,6,6,5,5,4,6,6,6,6,6,6,6,6,5,5,4,4,5,6,6,5,5,5,6,3,6,6,5,6,6,3,3,5,6,4,5,5,6,7,4,7,3,6,6,5,3,5,6,7,2,7,4,3,6,5,6,4,3,5,5,5,4,3,5,6,5,5,4,6,4,1,6,3,2,5,3,6,5,7,5,6,5,5,2,7,3,6,5,6,5,6,5,6,6,6,2,2,4,2,2,5,2,6,2,2,2,3,2,5,6,5,5,5,5,4,5,6,1,6,6,6,6,3,6,2,7,6,5,6,4,1,6,3,4,6,5,6,5,6,6,2,6,3,2,6,6,3,6,3,6,6,3,2,2,2,2,2,6,2,5,4,2,2,7,6,7,7,2,5,2,4,6,6,7,7,6,6,5,6,6,6,5,6,5,3,6,6,2,2,4,6,4,3,5,5,5,6,6,6,20,Male,Asian,3.95,Third year (Junior),YES,34,780,780,33,160,8,42,8,46,8,41,8,44,8,37,10,52,10,50,10,46,10,40,6,33,6,27,5,29,5,12,3,13,5,11,4,21,3,14,3,12,12,34,12,66,12,66,TRUE,1,1,1,1,1,1,1,1,0,1,0,0,1,1,0,11,TRUE,1,1,1,1,1,1,1,1,0,0,0,0,0,0,0,0,0,0,1,1,1,1,1,1,1,1,1,1,0,0,0,0,0,0,1,1,1,1,0,0,0,0,0,1,1,1,0,0,7,250
470,100,1760,QPPQ,PRST,PWXQ,PQST,GFFG,QQBB,OPRQ,BODQ,SEFT,CLXC,XDBK,CGVZ,VEBT,RWSX,KGDB,"2,5,3","4,6,8,7,1","6,4,2","8,7,5,3,1","7,1,4","6,8,5,3,2","3,6,2,8","5,4,7,1","2,4,8,7,5","6,3,1","8,6,5,4,2,1","7,3","8,5,4,1","6,7,2,3","7,1,5","2,8,3,6,4","1,2,3","7,5,4","6,8","1,3","4,7","2,6,5,8","6,4","3,5,1","7,2,8","1,4","5,6","2,7,8,3","1,8,2","6,5","3,7,4","2,5","3,7,8","6,1,4",4,3,7,2,7,5,5,2,3,4,4,6,3,3,3,5,4,5,6,4,4,4,4,3,5,6,6,5,3,5,5,4,5,5,4,4,4,3,3,5,4,5,3,3,4,4,2,3,3,3,4,5,3,5,2,3,5,3,4,5,5,4,3,2,3,3,4,3,4,4,3,4,5,5,4,4,5,3,6,6,5,3,3,4,4,3,2,3,7,3,5,3,3,5,5,5,5,6,5,3,5,5,6,5,5,5,5,5,5,5,5,5,3,5,3,3,3,5,3,5,5,3,5,5,5,5,4,4,4,5,5,5,5,5,2,6,3,5,3,5,3,3,6,5,5,5,4,3,3,4,5,3,5,5,5,5,2,1,1,2,4,5,3,6,5,2,3,5,5,6,7,3,3,3,5,6,6,7,5,3,5,5,3,5,5,4,6,6,3,6,6,2,5,5,3,4,3,6,2,2,5,6,6,20,Male,Asian,3.86,Fourth year (Senior),YES,NA,710,790,33,145,8,35,8,31,8,34,8,41,8,32,10,34,10,40,10,33,10,47,6,19,6,22,5,26,5,24,3,15,5,25,4,14,3,11,3,13,12,39,12,61,12,57,TRUE,1,1,1,0,1,1,0,1,0,1,1,1,1,0,0,10,TRUE,1,1,1,1,1,1,1,1,1,1,0,0,0,0,0,0,0,0,0,1,1,1,1,1,1,0,0,0,0,0,0,1,1,1,1,1,1,1,1,0,0,0,0,1,1,0,0,1,8,250
472,100,1438,QPPQ,PRST,PWXQ,STWX,GFFG,QQBB,EGFH,BODQ,FUZG,CLXC,XDBK,CGVZ,KXVH,GKHM,HJMQ,"3,5,2","1,8,7,4,6","6,4,2","7,8,5,3,1","7,4,1","6,8,5,3,2","6,8,3,2","7,5,4,1","8,7,5,4,2","6,3,1","5,4,3,1","8,7,6,2","8,7,5,3,1","6,4,2","6,5,3,2,1","7,8,4","6,2,3,1","5,7,4",8,3,"7,4","8,6,5,2,1","6,4","5,3,1","8,7,2","5,7","2,4,3","1,8,6","3,8,7,6","1,2","5,4","5,2","3,8,7","1,6,4",7,7,7,7,7,7,7,7,5,7,7,7,7,7,7,6,7,6,7,7,4,7,7,7,7,7,7,7,3,7,7,7,7,6,4,7,6,4,7,5,5,7,7,7,7,6,7,7,6,4,4,7,7,7,7,7,7,7,7,7,7,7,7,7,7,7,7,7,7,7,7,5,4,7,2,7,6,2,6,6,7,4,6,4,4,3,3,5,7,4,5,5,6,6,5,5,4,2,5,3,3,5,5,4,5,7,7,5,7,7,6,6,3,7,6,6,5,3,4,7,6,7,5,3,4,4,6,5,4,4,6,5,4,4,5,7,6,6,5,7,5,5,6,5,7,7,7,3,4,6,6,6,6,7,6,7,7,3,1,2,4,6,5,4,5,5,5,3,4,5,5,4,5,2,1,3,4,6,1,6,7,4,2,6,6,7,7,6,3,5,5,5,2,1,3,3,3,3,5,6,5,6,6,21,Female,White or Caucasian,4.047,Fourth year (Senior),YES,34,NA,NA,33,176,8,56,8,53,8,52,8,56,8,44,10,62,10,70,10,70,10,52,6,24,6,31,5,21,5,20,3,19,5,31,4,22,3,12,3,20,12,54,12,43,12,64,TRUE,1,1,1,1,1,1,1,1,1,1,1,1,0,1,0,13,TRUE,1,1,1,1,1,1,1,1,1,1,0,0,1,1,0,0,0,0,0,0,1,0,1,1,1,0,0,0,1,1,1,1,1,1,1,1,1,1,1,0,1,0,0,0,1,0,1,1,9,250
473,100,1952,QPPQ,PRST,PWXQ,STWX,GFFG,QQBB,EGFH,BODQ,FUZG,CLXC,XDBK,CAEZ,VEBT,GKHM,LHEC,"3,5,2","1,4,6,7,8","6,4,2","5,8,7,3,1","7,4,1","8,6,5,3,2","8,6,3,2","7,5,4,1","8,7,5,4,2","6,3,1","5,2",NA,NA,NA,NA,NA,1,NA,NA,"1,3","7,4","2,6,8,5","6,4","5,1,3","2,8,7","2,7,5","1,4,3","6,8","6,7,8","2,1","4,5,3","2,5","8,3,7","4,6,1",6,7,6,6,7,7,6,7,6,6,7,6,7,7,7,6,7,5,5,6,2,5,4,3,6,7,7,7,3,6,6,7,7,7,6,7,7,6,7,6,5,7,7,7,7,4,7,5,4,5,5,7,7,7,7,5,7,7,7,7,7,5,7,7,7,7,7,7,6,7,7,6,4,7,4,7,7,7,6,5,7,5,7,5,3,2,1,6,7,6,6,3,4,5,4,3,5,2,2,4,3,7,5,5,6,5,6,6,6,7,6,6,3,7,6,7,5,3,5,7,6,1,4,5,1,3,3,4,4,4,3,4,6,4,7,6,5,5,5,3,4,4,3,3,6,6,5,4,4,5,3,4,5,5,5,3,5,4,3,4,3,5,6,5,5,5,5,3,3,6,7,7,7,2,6,3,3,2,1,5,5,5,2,7,5,7,7,6,2,3,5,6,4,6,6,5,7,6,6,6,7,6,6,19,Female,Asian,4.1,Second year (Sophomore),YES,NA,NA,NA,33,142,8,52,8,52,8,37,8,53,8,51,10,58,10,68,10,67,10,60,6,23,6,30,5,16,5,24,3,17,5,31,4,23,3,13,3,14,12,53,12,50,12,59,TRUE,1,1,1,1,1,1,1,1,1,1,1,0,1,1,0,13,TRUE,1,1,1,1,1,1,1,1,1,1,0,0,0,0,0,0,0,0,0,1,1,1,1,1,1,1,1,1,0,1,0,1,1,1,1,1,1,1,1,0,0,0,0,1,1,1,0,1,9,243
474,100,1267,QPPQ,PRST,PWXQ,STWX,GFFG,QQBB,EGFH,KMTV,VIJW,CFCR,XDBK,CGVZ,VEBT,GKHM,KIFB,"2,5,3","8,7,6,4,1","6,4,2","8,7,5,3,1","7,4,1","8,6,5,3,2","8,6,3,2","7,5,4,1","8,3,4,2,1","5,7,6","4,5,2,1","8,6,7,3","3,8,7,5","2,1,4,6","7,3,2,1","5,8,6,4","7,2,1,6","5,4","8,3","3,1","7,4","2,8,5,6","4,6","3,5,1","2,8,7","2,7,5","1,4,3","6,8","4,6,3,7,8,2",1,5,"2,5","3,7,8","1,6,4",7,5,6,6,7,6,6,6,4,5,5,7,5,6,5,5,6,5,6,6,5,4,4,6,6,6,6,4,3,5,5,6,7,5,3,5,6,6,6,5,5,6,7,5,6,3,6,5,2,2,2,7,6,7,7,7,6,7,7,7,5,5,6,5,6,5,7,7,6,6,6,7,5,6,4,7,5,5,5,7,7,6,5,5,6,6,6,4,7,4,5,3,6,6,4,5,6,5,4,2,3,5,4,4,3,4,5,4,6,5,4,6,6,7,7,7,4,5,6,7,7,4,5,4,6,6,6,5,4,4,5,6,5,3,7,6,5,6,4,6,4,6,5,5,7,7,6,6,4,5,5,7,5,6,6,6,6,3,5,4,3,4,5,6,5,4,5,5,5,5,6,5,6,4,4,4,4,4,7,5,5,6,3,6,6,6,7,6,3,4,4,6,4,4,6,4,6,5,5,4,6,6,6,19,Female,White or Caucasian,4.1,Second year (Sophomore),YES,34,NA,NA,33,177,8,49,8,42,8,42,8,45,8,41,10,44,10,66,10,59,10,58,6,34,6,28,5,24,5,18,3,12,5,25,4,27,3,15,3,18,12,56,12,59,12,61,TRUE,1,1,1,1,1,1,1,0,0,0,1,1,1,1,1,12,TRUE,1,1,1,1,1,1,1,1,0,0,0,0,0,0,0,0,0,0,0,1,1,1,1,1,1,1,1,1,0,0,0,1,1,1,1,1,1,1,0,0,0,0,0,1,1,1,0,1,8,250
475,100,51843,QPPQ,PRST,PWXQ,STWX,GFFG,QQBB,EGFH,BODQ,FUZG,CFCR,XDBK,CGVZ,VEBT,NA,KIFB,"2,5,3","1,8,7,6,4","6,4,2","8,7,5,3,1","7,4,1","8,6,5,3,2","8,6,3,2","7,5,4,1","8,7,5,4,2","6,3,1","5,4,3,1","6,2","7,5,4,2,1","8,6,3",NA,NA,"6,3,2","5,4,7","1,8","3,1","7,4","6,8,5,2","6,4","5,1,3","7,8,2","2,8,7,5","1,4","3,6",7,NA,"6,3,5,2,4",NA,NA,NA,6,5,6,3,6,7,4,7,4,6,6,3,4,5,5,5,5,4,6,4,5,5,4,5,5,3,4,6,3,6,4,5,5,1,1,2,6,3,1,2,1,4,4,3,3,1,3,4,1,1,1,7,6,7,7,7,6,7,6,6,6,7,6,6,6,4,6,7,5,5,5,5,2,6,2,6,1,7,5,5,6,6,6,6,5,3,6,5,7,6,6,6,6,7,3,6,2,3,5,3,1,2,2,3,2,2,2,3,3,2,1,2,5,7,6,6,5,6,3,7,7,7,5,3,3,6,6,3,5,7,1,5,3,6,7,7,2,5,5,5,2,5,3,1,6,6,6,5,5,6,5,6,7,5,4,2,2,3,3,2,3,1,2,6,6,1,2,6,7,7,7,4,6,2,6,7,6,7,7,4,6,2,1,3,3,6,5,5,1,2,2,5,3,6,6,5,7,6,6,2,6,6,5,19,Male,White or Caucasian,3.75,First year (Freshman),YES,NA,750,750,33,156,8,44,8,38,8,38,8,38,8,17,10,25,10,65,10,57,10,45,6,32,6,36,5,19,5,11,3,6,5,11,4,24,3,14,3,21,12,33,12,72,12,40,TRUE,1,1,1,1,1,1,1,1,1,0,1,1,1,0,1,13,TRUE,1,1,1,1,1,1,1,1,1,1,0,0,0,0,0,0,0,0,1,1,1,1,1,1,1,0,0,0,0,0,0,0,0,0,1,1,1,1,1,0,0,0,0,1,1,0,0,0,7,243
476,100,1989,QPPQ,PRST,PWXQ,STWX,GFFG,QQBB,EGFH,CERT,SEFT,JCVC,PFCC,CGVZ,XGDV,PSQT,KGDB,"2,5,3","1,4,6,7,8","2,4,6","5,8,7,3,1","1,4,7","8,6,5,3,2","2,3,6,8","7,4,5,1","2,6,4,5,7","1,8,3","5,3,4,1","2,6,7,8","8,5,3,1","2,7,6,4","1,5","4,2,3,6,8,7","1,3","4,7","5,6,2,8","5,1","4,3,7,8","6,2","1,3,6,7","8,4,5",2,"4,2,5,1","3,6","7,8","7,2","4,1,6","8,3,5","5,2","8,3,7","6,4,1",7,6,7,7,7,7,6,6,6,7,7,7,7,5,7,7,5,4,7,5,6,6,5,6,7,6,7,7,3,5,5,6,7,6,6,6,5,4,7,7,7,6,6,6,7,4,7,7,3,3,6,7,7,7,7,6,7,7,7,7,5,7,6,7,7,7,7,7,7,7,7,7,5,6,5,7,7,7,7,7,7,5,6,7,5,5,5,5,7,4,5,5,6,6,6,7,5,5,5,3,5,5,5,4,4,5,5,5,5,5,5,6,5,7,6,7,7,5,4,7,7,7,6,6,6,7,6,5,4,7,7,6,7,6,5,6,6,6,5,6,6,6,5,7,6,6,7,6,4,6,6,7,5,6,6,5,5,3,3,2,3,5,5,7,7,5,5,6,5,5,6,7,6,5,5,7,7,4,4,5,5,7,7,7,7,7,7,6,3,3,3,7,5,2,3,2,3,1,7,3,7,7,7,18,Female,White or Caucasian,NA,First year (Freshman),YES,NA,NA,NA,33,196,8,53,8,53,8,44,8,50,8,48,10,55,10,67,10,69,10,65,6,33,6,31,5,28,5,22,3,14,5,26,4,25,3,16,3,21,12,55,12,67,12,67,TRUE,1,1,1,1,1,1,1,0,0,0,0,1,0,0,0,8,TRUE,1,1,1,1,1,1,1,1,0,0,0,0,0,0,0,0,0,0,0,0,0,0,0,0,0,0,0,0,0,0,0,1,1,1,1,1,1,1,0,0,0,0,0,0,0,0,0,1,5,250
477,100,3244,QPPQ,PRST,PWXQ,STWX,GFFG,QQBB,EGFH,BODQ,SEFT,CLXC,XDBK,CGVZ,VEBT,RWSX,DFIM,"5,3,2","8,7,4,1,6","4,6,2","8,7,5,3,1","7,4,1","8,6,5,3,2","8,6,3,2","7,5,4,1","8,5,4,2","6,7,3,1",NA,NA,"8,3,1,2","6,7,5,4",NA,"5,4",NA,NA,NA,NA,NA,NA,NA,NA,NA,NA,NA,NA,NA,NA,NA,NA,NA,NA,7,7,7,7,7,7,7,7,7,7,7,7,7,7,7,7,7,7,7,7,7,7,7,7,7,7,7,7,3,7,7,7,6,7,7,7,7,7,7,7,7,6,7,7,7,2,7,6,3,2,4,7,7,7,7,7,7,7,7,7,7,6,6,7,7,7,7,6,7,7,7,5,4,7,4,7,5,5,5,5,7,6,7,7,7,7,4,7,7,6,7,6,7,7,7,7,7,7,7,3,2,4,4,4,2,4,1,2,2,3,2,3,4,6,6,6,2,1,2,5,7,6,7,7,7,7,5,6,4,7,7,7,7,6,5,7,7,7,6,5,6,6,7,6,7,7,5,5,4,7,5,7,7,5,5,2,2,1,1,1,1,2,2,4,3,3,3,5,5,6,3,3,5,4,5,5,4,4,2,6,6,6,5,7,7,6,4,5,4,6,7,7,7,6,7,6,7,6,7,7,6,7,6,18,Male,White or Caucasian,NA,First year (Freshman),YES,NA,710,800,33,203,8,56,8,56,8,56,8,55,8,56,10,51,10,70,10,67,10,54,6,38,6,40,5,35,5,17,3,7,5,12,4,22,3,5,3,18,12,25,12,51,12,69,TRUE,1,1,1,1,1,1,1,1,0,1,1,1,1,0,0,12,TRUE,1,1,1,1,1,1,1,1,0,0,0,0,0,0,0,0,0,0,0,0,0,0,0,0,0,0,0,0,0,0,0,0,0,0,1,1,1,1,0,0,0,0,0,0,0,0,0,0,4,229
479,100,1573,QPPQ,PRST,PWXQ,STWX,GFFG,EETT,ABDC,HJPR,FUZG,CLXC,XDBK,CIOZ,XGDV,PSQT,DFIM,"2,5,3","1,7,6,8,4","4,6,2","1,7,8,5,3","7,4,1","6,8,5,3,2","8,2,3,6","5,7,4,1","2,7,4,8","6,5,3,1","7,1","8,3,4,5,6,2","8,7,3,5,1","6,4,2","6,8,1,5","7,4,3,2","2,6,1","5,3,4","8,7","3,1",7,"2,5,8,6,4","6,4","1,3,5","7,8,2","5,2,7","4,3,1","8,6","7,1,8","2,5,4,6",3,"2,5","8,7,3","6,4,1",5,5,5,6,7,6,5,4,5,6,5,5,5,5,5,5,5,5,6,5,6,6,6,6,6,5,6,6,3,6,6,6,6,6,5,6,6,6,6,6,6,7,6,6,6,5,6,5,4,6,6,7,7,7,7,6,7,7,7,7,6,7,6,6,7,7,6,6,6,7,7,7,6,7,6,6,6,6,5,5,6,7,7,5,7,7,7,7,7,6,6,7,7,6,6,4,2,6,3,3,4,6,5,5,3,5,5,3,7,5,3,4,7,7,7,7,5,6,6,7,7,7,6,7,5,7,6,7,7,7,6,6,6,7,6,7,5,7,7,7,6,6,6,6,5,7,6,6,7,5,5,6,7,7,5,6,6,1,2,2,2,4,3,2,2,2,2,6,6,6,6,5,3,5,5,6,6,5,4,6,6,5,2,5,6,7,7,6,3,4,3,7,6,6,6,6,6,6,5,6,6,6,7,20,Female,two or more races,3.85,Third year (Junior),YES,34,NA,NA,33,206,8,43,8,41,8,45,8,47,8,47,10,57,10,68,10,65,10,60,6,40,6,39,5,21,5,23,3,13,5,22,4,28,3,17,3,21,12,34,12,63,12,60,TRUE,1,1,1,1,1,0,0,0,1,1,1,0,0,0,0,8,TRUE,1,1,1,1,1,1,1,1,0,0,0,0,1,1,0,0,0,0,0,1,0,0,1,1,1,1,1,1,0,0,0,1,1,1,1,1,1,1,0,0,1,0,0,0,1,1,0,1,8,250
480,100,1405,QPPQ,PRST,PWXQ,CDFG,GFFG,QQBB,EGFH,BODQ,FUZG,CLXC,XDBK,CGVZ,VEBT,GKHM,HJMQ,"3,5,2","8,6,7,4,1","6,4,2","8,7,5,3,1","7,4,1","8,6,5,3,2","8,6,3,2","7,5,4,1","8,7,5,4,2","6,3,1","5,7,4,2,1","8,6,3","8,7,5,3,1","6,4,2","6,5,3,2,1","8,7,4","6,5,3,2","7,4","1,8","1,3","4,7","6,5,2,8","6,4","5,3,1","2,7,8","2,7,5","3,1,4","6,8","3,8,6,7","1,2","4,5","5,2","3,8,7","1,6,4",5,5,5,6,5,7,5,5,4,5,5,5,5,5,4,4,3,5,5,3,5,5,4,4,4,4,4,5,3,4,4,4,4,5,4,5,4,4,5,5,5,4,4,4,4,4,7,4,6,4,4,6,5,5,6,6,6,6,4,5,5,5,6,4,6,3,5,4,5,4,5,5,5,4,3,5,6,3,4,6,6,5,5,4,5,5,4,4,7,4,4,5,5,4,5,4,4,4,4,4,4,5,4,5,4,6,4,3,3,3,3,3,5,4,5,5,4,4,3,4,4,3,5,5,5,5,3,5,5,5,5,4,5,5,5,5,5,5,5,6,6,6,6,6,4,5,6,4,5,4,6,6,4,6,2,6,4,2,2,3,4,3,2,2,3,3,2,4,4,4,4,4,4,4,4,4,4,4,4,5,6,3,3,5,7,5,6,5,3,6,6,3,4,4,6,2,4,4,6,6,4,6,6,20,Male,White or Caucasian,3.8,Third year (Junior),NO,NA,NA,NA,33,164,8,43,8,37,8,34,8,33,8,37,10,45,10,54,10,47,10,47,6,28,6,26,5,21,5,22,3,14,5,15,4,19,3,11,3,11,12,36,12,48,12,60,TRUE,1,1,1,0,1,1,1,1,1,1,1,1,1,1,0,13,TRUE,1,1,1,1,1,1,1,1,1,1,0,0,1,1,0,0,0,0,1,1,1,1,1,1,1,1,1,1,1,1,1,1,1,1,1,1,1,1,1,0,1,0,0,1,1,1,1,1,11,250
481,100,1981,QPPQ,PRST,PWXQ,STWX,GFFG,QQBB,EGFH,BODQ,FUZG,CLXC,XDBK,CGVZ,KXVH,GKHM,KIFB,"3,5,2","8,6,7,4,1","6,4,2","7,8,5,3,1","7,4,1","8,6,5,3,2","8,6,3,2","7,5,4,1",NA,NA,NA,NA,NA,NA,"6,5,1","7,8,4,3,2",NA,NA,NA,"3,1","7,4","5,8,6,2","4,6","1,5,3","8,7,2",NA,NA,NA,NA,NA,NA,"2,5","7,3,8","4,1,6",5,5,6,6,5,6,4,7,4,6,3,5,5,5,6,5,4,5,5,5,6,6,5,7,5,6,6,7,3,5,6,7,6,6,4,5,6,6,6,5,6,6,5,5,5,6,6,5,6,6,7,7,7,7,7,7,6,7,6,7,5,6,6,5,6,5,7,7,5,6,6,6,5,5,4,7,4,3,4,6,5,6,6,5,6,6,5,5,7,5,5,5,6,6,6,5,6,6,5,3,4,6,5,5,5,5,6,2,3,2,6,6,6,6,6,7,4,2,5,7,5,3,2,6,5,6,3,5,6,5,5,6,5,3,7,6,5,6,6,6,3,6,5,5,5,6,6,5,5,5,6,6,5,6,5,7,7,5,6,5,5,6,5,6,6,5,5,6,7,5,5,6,5,2,2,3,5,5,6,5,6,6,3,6,7,6,7,5,2,3,4,5,3,5,5,6,6,6,6,5,5,6,6,22,Male,Asian,4.11,Fourth year (Senior),YES,NA,750,800,33,172,8,44,8,39,8,43,8,48,8,44,10,57,10,66,10,59,10,49,6,34,6,32,5,28,5,23,3,16,5,19,4,25,3,11,3,15,12,68,12,57,12,60,TRUE,1,1,1,1,1,1,1,1,1,1,1,1,0,1,1,14,TRUE,1,1,1,1,1,1,1,1,0,0,0,0,0,0,1,1,0,0,0,1,1,1,1,1,1,0,0,0,0,0,0,1,1,1,1,1,1,1,0,0,0,1,0,1,1,0,0,1,8,235
482,100,1632,HGHH,PRST,PWXQ,STWX,GFFG,QQBB,ABDC,BODQ,NA,CLXC,NA,NA,NA,NA,NA,"5,3,2","8,7,6,4,1","6,4,2","8,7,5,3,1","7,4,1","8,5,6,3,2","8,6,3,2","7,5,4,1","8,7,5,4,2","6,3,1",NA,NA,"8,5,6,3,1","4,7",NA,NA,NA,NA,NA,"3,1","5,4,7","8,6,2","4,6","1,5,3","2,7,8","2,5,7","3,4,1","6,8",NA,"1,2",NA,"2,5","3,7,8","1,6,4",7,7,7,6,7,7,5,7,3,7,7,7,6,6,6,5,3,7,7,5,3,6,7,7,7,6,7,7,3,7,7,7,7,6,5,6,6,6,6,6,5,7,7,7,6,3,7,7,2,7,6,7,7,5,7,5,7,7,6,7,5,7,7,6,7,7,7,7,7,7,7,4,6,7,2,7,7,2,7,7,6,7,7,7,7,5,7,7,7,7,7,7,7,6,7,6,6,6,6,1,1,6,1,2,1,2,2,5,5,5,5,6,7,7,6,7,2,5,5,7,7,2,6,5,6,5,5,3,5,2,5,6,5,6,2,6,5,6,6,5,6,6,5,5,7,7,7,5,3,6,5,6,6,5,5,5,6,5,5,5,2,6,2,7,7,6,6,5,5,7,7,5,6,1,1,7,7,7,4,7,7,6,6,5,6,7,7,7,6,6,6,7,6,6,6,6,7,7,6,5,6,6,6,22,Female,White or Caucasian,4.095,Fourth year (Senior),YES,35,NA,NA,33,173,8,53,8,47,8,45,8,55,8,46,10,59,10,63,10,69,10,55,6,40,6,41,5,31,5,11,3,5,5,26,4,27,3,12,3,16,12,62,12,62,12,76,TRUE,0,1,1,1,1,1,0,1,0,1,0,0,0,0,0,7,TRUE,1,1,1,1,1,1,1,1,1,1,0,0,0,0,0,0,0,0,0,1,0,0,1,1,1,1,1,1,0,1,0,1,1,1,1,1,1,1,1,0,0,0,0,0,1,1,0,1,8,235
484,100,6501,QPPQ,PRST,PWXQ,STWX,GFFG,QQBB,EGFH,NA,NA,NA,XDBK,CGVZ,NA,NA,NA,"3,5,2","6,1,8,7,4","6,4,2","8,7,5,3,1","7,4,1","8,6,5,3,2","8,6,3,2","7,5,4,1","7,8,5,4,2","6,3,1","4,5,3,1","8,6,7,2","8,5,3,1","7,4,6,2",NA,NA,NA,NA,NA,"3,1","7,4","6,8,5,2","4,6","1,5,3","2,7,8","2,5,7","1,3,4","6,8",NA,NA,NA,"2,5","3,7,8","1,6,4",6,4,7,6,7,7,6,4,3,5,6,5,6,7,5,5,5,4,4,7,3,4,5,6,5,6,7,6,3,6,5,5,5,4,4,3,5,3,4,5,4,3,7,5,6,5,5,6,6,4,4,7,7,7,7,7,6,7,7,7,7,5,5,5,6,6,6,4,6,5,6,6,6,6,4,7,5,5,6,6,7,4,4,5,3,4,2,5,7,5,6,3,5,5,4,3,5,3,4,4,3,6,6,5,5,5,6,2,4,3,4,2,5,6,6,6,4,4,5,6,6,4,3,4,5,5,6,6,5,4,7,5,6,4,5,6,6,6,5,6,7,5,5,6,5,7,6,4,4,4,5,6,6,6,6,4,3,1,1,4,4,2,3,3,5,3,3,7,7,7,7,6,5,5,5,6,6,6,6,5,6,7,4,6,6,5,5,6,2,6,6,6,6,6,5,5,5,5,6,6,5,4,7,19,Female,two or more races,3.68,Second year (Sophomore),YES,NA,690,550,33,176,8,47,8,42,8,38,8,45,8,32,10,51,10,69,10,54,10,58,6,22,6,29,5,19,5,24,3,16,5,15,4,23,3,13,3,16,12,36,12,73,12,64,TRUE,1,1,1,1,1,1,1,0,0,0,1,1,0,0,0,9,TRUE,1,1,1,1,1,1,1,1,1,1,0,0,0,0,0,0,0,0,0,1,1,1,1,1,1,1,1,1,0,0,0,1,1,1,1,1,1,1,1,0,0,0,0,1,1,1,0,1,9,236
486,100,1579,DDDE,PRST,PWXQ,FGIJ,WXXW,QQBB,ABDC,CERT,VIJW,KCWC,VEGV,CGVZ,VEBT,AFBG,KIFB,"2,5,3","8,7,6,4,1","4,2,6","8,7,5,3,1","7,4,1","8,6,5,3,2","8,6,3,2","7,5,4,1","8,6,5,4,2","7,3,1","5,4,3,1","7,6,2,8","8,7,5,3,1","6,4,2","8,7,3,1","6,5,4,2","2,3","7,6,5,4","1,8","3,1","7,5,4","8,6,2","4,6","5,3,1","2,7,8","2,5,7","1,3,4","6,8","3,8,7,6","1,2","4,5","2,5","3,7,8","1,6,4",5,4,5,5,5,6,4,5,3,5,5,5,5,4,5,5,4,4,5,3,3,3,3,4,3,4,5,4,3,3,3,4,5,5,5,4,5,5,4,3,4,6,6,6,6,6,6,6,6,6,6,5,4,5,6,5,5,5,5,5,4,4,6,6,6,7,4,6,5,6,6,6,4,5,2,6,5,3,4,5,6,4,5,4,4,4,4,4,7,3,5,4,4,5,5,4,4,5,4,3,4,6,5,5,5,6,6,4,5,5,5,5,4,5,5,5,4,4,5,6,6,5,3,4,4,5,6,5,4,4,4,4,6,4,5,6,3,5,4,5,4,4,4,4,4,6,6,4,5,3,5,6,5,5,4,2,5,4,4,4,4,3,5,5,5,4,5,5,5,5,7,4,5,5,3,5,6,5,4,5,5,5,4,6,5,6,6,5,3,4,4,4,3,4,4,4,5,4,4,3,5,5,5,20,Female,White or Caucasian,3.95,Third year (Junior),YES,34,NA,NA,33,150,8,39,8,37,8,29,8,31,8,35,10,60,10,49,10,56,10,46,6,25,6,25,5,22,5,23,3,17,5,24,4,19,3,13,3,17,12,50,12,59,12,58,TRUE,0,1,1,0,0,1,0,0,0,0,0,1,1,0,1,6,TRUE,1,1,1,1,1,1,1,1,0,0,0,0,1,1,0,0,0,0,1,1,0,0,1,1,1,1,1,1,1,1,1,1,1,1,1,1,1,1,0,0,1,0,0,0,1,1,1,1,9,250
487,100,2110,QPPQ,PRST,PWXQ,STWX,GFFG,QQBB,EGFH,BODQ,FUZG,CLXC,XDBK,CGVZ,VEBT,AFBG,KGDB,"2,5,3","4,8,7,6,1","8,6,4,2","7,5,3,1","7,4,1","8,6,5,3,2","8,6,3,2","7,5,4,1","8,7,6,5,4,2","3,1","7,5,4,3,1","2,8,6","8,5,2,1","6,7,4,3",1,"8,7,6,5,4,3,2","6,2",8,"4,3,5,7,1",1,NA,2,NA,NA,NA,NA,NA,NA,NA,NA,NA,NA,NA,NA,6,5,6,5,6,6,5,6,4,7,4,5,4,5,4,4,5,5,5,5,5,6,6,7,6,7,7,6,3,6,7,5,5,6,7,7,7,6,7,7,7,6,7,7,7,4,5,5,5,4,5,7,7,7,7,5,7,7,7,7,7,6,5,6,6,6,6,5,6,5,5,5,4,7,2,7,5,5,4,5,7,2,7,5,5,3,5,6,7,3,7,5,6,5,5,5,5,5,3,2,2,6,5,2,5,6,6,5,5,7,4,4,5,7,7,7,4,3,5,5,6,5,6,6,4,5,5,6,4,5,6,5,3,5,4,6,6,5,5,6,5,6,6,5,5,7,6,5,4,6,5,5,6,6,6,5,6,3,2,2,3,5,5,5,3,3,3,7,7,7,7,5,5,6,7,5,6,3,1,5,6,6,5,6,5,7,7,5,5,6,6,6,3,4,6,6,6,5,5,3,5,5,7,21,Female,White or Caucasian,3.4,Fourth year (Senior),YES,NA,730,700,33,175,8,45,8,37,8,44,8,49,8,54,10,55,10,68,10,56,10,51,6,27,6,32,5,23,5,17,3,17,5,25,4,26,3,12,3,16,12,45,12,66,12,69,TRUE,1,1,1,1,1,1,1,1,1,1,1,1,1,0,0,13,TRUE,1,1,0,0,1,1,1,1,0,0,0,0,0,0,0,0,0,0,0,0,0,0,0,0,0,0,0,0,0,0,0,0,0,0,1,0,1,1,0,0,0,0,0,0,0,0,0,0,3,237
488,100,286240,QPPQ,PRST,PWXQ,STWX,GFFG,CCRR,EGFH,BODQ,PABQ,CLXC,XDBK,CGVZ,VEBT,EJFK,KIFB,"2,5,3","7,6,8,4,1","2,6,4","7,5,3,8,1","7,4,1","8,6,5,3,2","8,6,3,2","7,5,4,1","7,8,5,4,2","6,3,1",NA,NA,NA,NA,NA,NA,5,"1,7","4,3,2,6,8",NA,NA,NA,NA,NA,NA,NA,NA,NA,NA,NA,NA,NA,NA,NA,5,5,4,5,5,5,3,5,5,4,5,5,5,5,5,5,3,4,5,3,4,4,5,4,5,4,3,3,3,4,4,5,5,4,3,3,2,3,4,4,3,7,7,7,7,5,7,2,5,2,7,7,7,7,7,1,7,7,4,7,4,5,5,5,5,5,6,6,5,6,4,7,7,7,7,7,7,7,7,7,7,3,5,3,5,1,3,3,7,3,5,5,3,5,5,5,5,5,6,6,5,7,5,4,5,6,2,3,4,5,3,3,1,7,7,7,2,1,7,7,7,5,1,2,5,7,3,5,7,1,6,1,1,1,4,7,7,5,7,3,1,5,3,5,5,7,3,3,5,5,3,6,5,5,5,7,7,4,7,5,6,3,4,3,6,7,7,7,7,7,6,7,6,1,5,6,6,7,6,5,5,5,5,5,6,5,5,5,7,6,5,7,5,5,5,5,5,5,7,7,7,7,7,19,Female,Black or African American,2.3,Second year (Sophomore),YES,20,570,600,33,139,8,37,8,39,8,32,8,33,8,26,10,56,10,58,10,52,10,70,6,20,6,24,5,26,5,27,3,13,5,18,4,22,3,10,3,19,12,66,12,71,12,64,TRUE,1,1,1,1,1,0,1,1,0,1,1,1,1,0,1,12,TRUE,1,1,1,1,1,1,1,1,1,1,0,0,0,0,0,0,0,0,0,0,0,0,0,0,0,0,0,0,0,0,0,0,0,0,1,1,1,1,1,0,0,0,0,0,0,0,0,0,5,229
489,100,2187,QPPQ,PRST,PWXQ,PQST,GFFG,QQBB,EGFH,BODQ,VIJW,CLXC,XDBK,CGVZ,VEBT,NA,NA,"3,5,2","7,8,4,6,1","4,6,2","8,7,5,3,1","1,7,4","8,6,3,5,2","8,3,6,2","7,5,4,1","5,8,2","7,6,3,1,4","7,4,3,2","8,6,5,1","8,2,5,1","7,4,3,6","7,4,1,2","8,6,5,3","2,8,6","3,5,7,4",1,"3,1","7,4","6,8,5,2","6,4","3,5,1","7,8,2","2,8,7,5","4,3,1",6,"3,4","1,2",NA,NA,NA,NA,6,7,7,7,7,7,7,6,6,6,7,7,6,6,7,6,5,6,6,5,5,7,5,7,6,7,4,4,3,6,7,7,7,4,4,4,5,5,4,5,4,7,7,5,7,6,5,5,5,4,7,7,6,7,7,5,4,7,7,7,4,5,4,4,4,4,7,7,4,5,4,7,2,5,4,6,4,2,4,7,7,1,4,1,1,1,1,5,7,1,2,1,1,1,5,4,3,1,1,6,5,7,7,7,7,7,7,7,7,7,7,7,1,5,6,7,1,6,5,6,6,4,5,1,4,4,3,5,1,4,6,4,5,2,5,6,1,6,5,2,5,5,1,5,4,6,1,1,3,3,2,4,2,5,5,7,7,7,7,5,4,5,5,5,4,5,4,7,7,7,7,6,7,3,4,5,3,7,4,4,5,7,6,4,6,6,5,5,4,6,4,6,5,4,6,6,7,7,5,4,6,6,6,23,Prefer not to say,prefer not to answer,3.655,Fourth year (Senior),NO,NA,NA,NA,33,121,8,54,8,51,8,46,8,48,8,35,10,58,10,61,10,48,10,48,6,9,6,11,5,14,5,32,3,21,5,35,4,19,3,12,3,16,12,65,12,67,12,62,TRUE,1,1,1,0,1,1,1,1,0,1,1,1,1,0,0,11,TRUE,1,1,1,1,1,1,1,1,0,0,0,0,0,0,0,0,0,0,0,1,1,1,1,1,1,0,1,0,0,1,0,0,0,0,1,1,1,1,0,0,0,0,0,1,1,0,0,0,6,244
490,100,2172,NA,NA,NA,NA,NA,NA,NA,NA,NA,NA,NA,NA,NA,NA,NA,"5,3,2","8,7,6,4,1","6,4,2","8,7,5,3,1","7,4,1","8,6,5,3,2","6,8,3,2","7,5,4,1","7,8,5,4,2","6,3,1",NA,NA,"8,3,5,1","7,6,4,2","5,6,1","3,8,7,4,2",NA,NA,NA,"3,1","7,4","6,8,5,2","4,6","1,5,3","2,7,8","2,7,5","1,3,4","8,6",NA,NA,NA,"2,5","3,8,7","1,6,4",6,6,6,6,7,7,6,6,6,7,6,6,7,7,7,6,7,6,6,7,6,6,6,7,7,6,7,7,3,7,7,7,7,7,7,7,7,7,6,7,7,7,7,7,7,3,7,7,5,3,3,7,6,7,7,7,7,7,7,7,6,7,7,7,7,7,7,7,7,7,7,7,5,6,2,5,6,6,6,4,6,6,7,6,7,6,6,6,7,6,6,6,6,6,6,6,6,6,6,4,3,5,3,4,4,2,3,2,5,3,2,5,6,7,6,7,5,5,5,7,6,5,5,4,7,5,3,7,7,6,3,6,5,5,5,7,4,5,6,5,5,6,3,2,6,6,5,3,6,6,4,5,6,6,3,7,7,5,5,6,5,5,5,4,5,6,6,3,5,6,6,5,7,2,6,5,3,5,3,5,6,5,2,7,6,6,7,5,5,5,4,4,5,5,5,5,5,5,4,5,5,5,5,19,Female,Asian,4.1,Second year (Sophomore),YES,NA,770,800,33,167,8,50,8,52,8,51,8,55,8,55,10,56,10,68,10,70,10,53,6,38,6,36,5,30,5,19,3,9,5,17,4,26,3,15,3,18,12,66,12,56,12,63,FALSE,NA,NA,NA,NA,NA,NA,NA,NA,NA,NA,NA,NA,NA,NA,NA,NA,TRUE,1,1,1,1,1,1,1,1,1,1,0,0,0,0,1,1,0,0,0,1,1,1,1,1,1,1,1,1,0,0,0,1,1,1,1,1,1,1,1,0,0,1,0,1,1,1,0,1,10,227
491,100,2623,QPPQ,PRST,PWXQ,STWX,GFFG,QQBB,EGFH,BODQ,FUZG,CLXC,VEGV,CGVZ,ZIFX,PSQT,LHEC,"5,3,2","1,4,6,7,8","4,6,2","8,3,7,5,1","7,4,1","2,5,6,8,3","8,3,6,2","4,7,5,1","8,5,4,2","6,7,3,1","5,4,1,2","7,6,8,3","2,3,5,1","6,7,8,4","1,3,6,8","2,5,7,4","1,8,6","5,4,3","2,7","3,1","2,8","5,6,7,4",NA,NA,NA,NA,NA,NA,NA,NA,NA,NA,NA,NA,6,7,5,6,4,6,3,6,5,4,4,3,5,4,5,3,6,6,5,4,4,4,6,5,6,6,7,6,3,7,7,6,7,2,2,4,3,4,3,2,3,5,5,5,4,2,5,5,2,5,2,6,7,3,5,5,5,6,6,7,7,5,6,7,4,6,3,5,7,6,7,7,4,6,7,6,5,7,7,7,5,5,5,6,5,5,4,6,7,5,7,5,6,6,6,3,6,6,6,4,5,6,4,4,5,4,3,2,2,6,1,5,3,7,6,6,3,3,3,6,2,1,6,6,6,5,6,7,7,7,4,7,4,3,4,6,6,5,5,6,5,6,4,4,6,7,6,7,5,7,6,5,5,6,7,6,5,2,2,4,1,5,2,5,7,2,3,5,7,6,7,6,5,5,6,7,7,6,6,2,6,2,1,4,3,3,6,3,1,5,5,6,4,3,6,5,6,4,5,6,6,7,7,18,Female,White or Caucasian,3.9,First year (Freshman),YES,NA,720,720,33,186,8,43,8,33,8,40,8,52,8,23,10,40,10,57,10,56,10,61,6,30,6,35,5,27,5,23,3,12,5,16,4,22,3,9,3,9,12,44,12,73,12,41,TRUE,1,1,1,1,1,1,1,1,1,1,0,1,0,0,0,11,TRUE,1,1,1,1,1,1,1,1,0,0,0,0,0,0,0,0,0,0,0,1,0,0,0,0,0,0,0,0,0,0,0,0,0,0,1,1,1,1,0,0,0,0,0,0,0,0,0,0,4,238
492,100,1613,QPPQ,PRST,PWXQ,STWX,GFFG,QQBB,EGFH,BODQ,FUZG,CLXC,XDBK,CGVZ,VEBT,GKHM,NA,"6,7,8","5,3,2","5,3,1","4,6,2","4,7,1","5,2,3","8,3,6","7,5,1",NA,NA,NA,NA,NA,NA,NA,NA,NA,NA,NA,NA,NA,NA,NA,NA,NA,NA,NA,NA,NA,NA,NA,NA,NA,NA,7,5,7,4,6,7,7,7,5,6,7,7,7,5,6,6,6,6,6,7,6,6,6,6,6,7,7,6,3,6,7,6,7,6,6,5,6,5,5,5,6,6,6,6,6,4,6,6,4,3,3,7,7,7,7,6,7,7,7,7,7,7,6,6,7,6,7,7,6,7,7,6,6,7,2,7,5,5,5,7,7,5,5,4,5,6,4,6,7,1,4,2,5,5,6,5,6,3,6,3,3,5,6,4,6,6,6,2,5,5,2,6,5,7,7,7,2,5,2,7,7,5,6,6,6,7,7,6,4,6,2,5,5,6,6,7,7,6,5,6,7,5,6,3,4,6,7,4,4,6,6,7,6,5,7,5,5,2,2,2,2,3,5,4,3,3,3,5,3,5,5,3,2,2,3,4,6,6,6,6,6,2,1,6,6,6,7,5,3,6,6,7,7,6,6,6,5,6,7,7,7,7,7,19,Female,White or Caucasian,3.88,Second year (Sophomore),YES,35,NA,NA,33,186,8,50,8,49,8,49,8,52,8,44,10,50,10,69,10,66,10,57,6,29,6,23,5,26,5,21,3,18,5,20,4,26,3,9,3,19,12,39,12,50,12,60,TRUE,1,1,1,1,1,1,1,1,1,1,1,1,1,1,0,14,TRUE,0,0,0,0,1,0,0,0,0,0,0,0,0,0,0,0,0,0,0,0,0,0,0,0,0,0,0,0,0,0,0,0,0,0,0,0,0,0,0,0,0,0,0,0,0,0,0,0,0,223
493,100,1669,QPPQ,VWXY,PWXQ,CDFG,WXXW,NA,EGFH,BODQ,FUZG,JCVC,VEGV,CIOZ,KXVH,EJFK,DFIM,"7,5,2","1,8,3,6,4","4,3,2,7,5","6,8,1","3,7,1,4","2,8,6,5","6,7,8","5,1,4,2,3","7,8,4,5","1,6,3,2","1,4,2,8","5,3,6,7","1,6,2","3,8,5,4,7","6,1,5,7,3","2,4,8",NA,NA,NA,NA,NA,NA,NA,NA,NA,NA,NA,NA,"7,6,1","2,8,5",NA,2,NA,NA,7,7,7,6,7,7,7,7,5,7,7,7,7,7,7,7,7,7,7,7,7,7,7,7,7,7,7,7,3,7,7,7,7,7,7,7,7,7,7,7,7,7,7,7,7,5,7,7,3,5,7,7,7,7,7,7,7,7,7,7,7,7,7,7,7,7,7,7,7,7,7,6,6,7,6,7,7,6,6,7,6,7,7,7,7,7,7,7,7,7,7,7,7,7,7,7,7,7,7,2,2,7,4,6,6,5,6,6,6,3,5,6,7,7,7,7,3,2,7,3,7,1,7,7,4,7,6,4,6,6,7,6,4,4,5,7,5,6,7,7,4,7,5,7,7,6,7,7,4,5,4,7,7,5,4,7,6,3,2,2,2,2,3,2,2,3,2,5,5,5,3,5,6,3,3,4,4,7,4,6,7,6,6,7,6,7,7,6,6,6,6,5,5,7,7,2,2,1,7,7,7,7,7,21,Female,Hispanic or Latino,3.6,Fourth year (Senior),YES,NA,700,700,33,191,8,55,8,54,8,56,8,56,8,56,10,62,10,70,10,70,10,64,6,42,6,42,5,35,5,21,3,17,5,26,4,28,3,12,3,11,12,36,12,54,12,76,TRUE,1,0,1,0,0,0,1,1,1,0,0,0,0,0,0,5,TRUE,0,0,0,0,0,0,0,0,0,0,0,0,0,0,0,0,0,0,0,0,0,0,0,0,0,0,0,0,0,0,0,0,0,0,0,0,0,0,0,0,0,0,0,0,0,0,0,0,0,234
495,100,69233,HGHH,FGHI,FVZG,FGIJ,LMML,QQBB,ABDC,FHXZ,SEFT,JCVC,TNLL,CIOZ,VEBT,EJFK,DFIM,"1,8,4","7,5,2","1,3","6,8,5","3,1,6","4,7,8","6,3,8","7,5,1","3,5,1","7,8,6","5,3,1","4,7,6","5,4,2","3,6,7","3,4,2","8,7,6","7,5,3","2,6,4","1,8","3,5,1","6,7,2","8,4",1,3,5,3,2,5,1,3,5,2,4,5,5,5,5,5,5,5,5,5,5,5,4,5,5,5,5,5,5,5,4,5,6,5,5,6,6,5,6,6,3,6,5,6,6,6,6,5,6,6,5,5,5,5,5,6,6,6,5,6,6,6,6,6,5,5,6,6,6,5,6,6,6,6,6,5,6,6,5,6,5,6,6,5,7,7,2,5,5,5,5,5,5,6,4,4,6,4,4,6,7,6,6,6,6,6,4,4,4,6,4,5,5,5,6,5,5,5,5,3,4,4,5,3,6,5,6,6,5,5,5,6,6,5,6,5,6,5,3,6,5,5,6,5,5,5,5,6,5,5,6,6,6,6,6,6,6,6,6,6,6,2,6,6,6,6,2,7,5,5,5,6,5,5,5,2,2,3,3,6,7,5,7,5,3,3,1,3,2,6,7,5,6,5,3,6,3,5,5,6,3,3,3,6,6,6,6,6,6,6,6,6,6,6,6,19,Female,Asian,3.8,Second year (Sophomore),YES,NA,750,800,33,177,8,40,8,39,8,41,8,46,8,44,10,57,10,57,10,57,10,51,6,28,6,36,5,22,5,26,3,15,5,19,4,23,3,15,3,17,12,53,12,55,12,53,TRUE,0,0,0,0,0,1,0,0,0,0,0,0,1,0,0,2,TRUE,0,0,0,0,0,0,0,0,0,0,0,0,0,0,0,0,0,0,1,0,0,0,0,0,0,0,0,0,0,0,0,0,0,0,0,0,0,0,0,0,0,0,0,0,0,0,0,0,0,250
497,100,1747,DDDE,PRST,PWXQ,STWX,GFFG,QQBB,EGFH,BODQ,COPD,CLXC,XDBK,CGVZ,XGDV,RWSX,DFIM,"5,3,2","8,7,6,4,1","6,4,2","8,7,5,3,1","7,4,1","8,6,5,3,2","8,6,3,2","7,5,4,1","6,8,4","7,5,3,2,1","3,5,4,2,1","6,7,8","5,3,2,1","4,7,8,6","8,7,5,4,3","6,1,2","8,3,2","7,5,4","6,1","1,3","7,4","8,6,5,2","6,4","5,3,1","7,8,2","3,4,8","1,7,5","6,2","3,7,6","1,2","4,8,5","2,5","3,8,7","1,6,4",4,4,5,6,7,7,6,5,5,5,6,5,6,6,5,5,5,4,4,6,4,4,6,5,5,5,4,6,3,4,6,5,6,6,4,4,5,4,5,5,4,7,6,6,6,6,7,7,5,5,5,6,2,5,5,4,5,6,6,2,3,4,4,5,4,4,5,3,5,5,5,5,4,7,4,6,5,2,3,5,6,4,4,4,6,5,5,2,7,3,5,3,4,3,3,5,4,5,3,3,4,6,5,4,4,5,5,3,5,2,4,5,5,6,4,6,4,3,4,5,5,5,3,4,3,5,2,6,5,4,5,3,5,4,5,6,3,3,3,4,4,4,4,5,5,6,3,3,5,3,3,5,3,5,4,7,7,6,6,6,5,6,5,5,5,5,6,4,6,6,5,6,3,3,3,6,6,6,7,4,4,3,2,6,5,5,6,5,1,5,5,6,5,6,4,7,7,5,5,6,6,6,7,21,other,two or more races,3.4,Third year (Junior),NO,NA,NA,NA,33,135,8,44,8,43,8,38,8,41,8,37,10,60,10,44,10,44,10,47,6,28,6,20,5,20,5,22,3,14,5,19,4,21,3,11,3,15,12,69,12,61,12,51,TRUE,0,1,1,1,1,1,1,1,0,1,1,1,0,0,0,10,TRUE,1,1,1,1,1,1,1,1,0,0,0,0,0,0,0,0,0,0,0,1,1,1,1,1,1,0,0,0,0,1,0,1,1,1,1,1,1,1,0,0,0,0,0,1,1,0,0,1,7,250
498,100,1601,QPPQ,PRST,PWXQ,STWX,GFFG,QQBB,EGFH,BODQ,VIJW,CLXC,XDBK,CGVZ,XGDV,GKHM,HJMQ,"3,5,2","6,1,4,8,7","6,4,2","8,7,5,3,1","7,4,1","8,6,5,3,2","8,6,3,2","7,5,4,1","3,2,4,5","7,1,8,6","7,5,8,4,1","6,2,3","5,3,2,1","7,8,6,4","4,6,3,5,2","8,7,1","3,2,5","1,4,7","6,8","4,3","8,5,7","6,1,2","6,4","5,3,1","2,8,7","6,4","1,8,3,5","7,2",8,"1,2","5,7,3,6,4","2,5","7,8,3","1,4,6",6,4,6,6,7,6,4,5,6,6,5,5,6,6,4,5,6,5,6,6,5,6,5,7,6,6,6,6,3,6,6,6,6,6,4,3,6,4,3,6,4,7,7,7,7,6,7,7,7,7,7,7,7,7,7,7,7,7,7,7,6,7,7,7,7,7,7,7,7,7,7,7,7,7,4,5,6,5,6,7,7,7,7,7,7,7,6,7,7,7,7,7,7,7,7,7,7,7,6,2,2,5,5,5,5,5,6,2,5,5,4,5,7,7,6,7,6,7,7,7,7,4,6,6,6,7,7,7,6,5,5,7,6,5,6,6,7,6,6,7,5,7,6,5,6,6,7,5,6,6,6,6,6,7,7,6,5,5,5,5,2,1,1,5,2,3,5,6,5,6,6,6,6,3,3,5,5,4,2,7,7,7,6,7,6,7,7,7,3,3,5,6,6,6,7,6,6,6,7,7,7,7,7,21,Female,White or Caucasian,3.4,Fourth year (Senior),YES,NA,730,730,33,202,8,44,8,43,8,46,8,48,8,36,10,69,10,69,10,70,10,61,6,41,6,42,5,34,5,19,3,16,5,21,4,27,3,20,3,18,12,45,12,57,12,72,TRUE,1,1,1,1,1,1,1,1,0,1,1,1,0,1,0,12,TRUE,1,1,1,1,1,1,1,1,0,0,0,0,0,0,0,0,0,0,0,0,0,0,1,1,1,0,0,0,0,1,0,1,1,1,1,1,1,1,0,0,0,0,0,0,1,0,0,1,6,250
499,100,1727,QPPQ,PRST,PWXQ,BCEF,GFFG,QQBB,EGFH,BODQ,FUZG,CLXC,XDBK,CGVZ,VEBT,AFBG,KIFB,"3,5,2","4,8,7,6,1","7,5,4,3,2","8,6,1","8,6,4,3,1","7,5,2","8,6,3","7,5,4,2,1","8,7,5,4,2","6,3,1","5,4,3,2,1","8,7,6","3,4,2,1","6,8,7,5","8,7,6,3","5,4,2,1","6,1","2,4,7","3,5,8","3,5,1","7,4","8,6,2","6,4","5,3,1","7,2,8","3,4","1,8","2,6,5,7","1,6","2,4,8","3,7,5","2,5","3,8,7","6,1,4",7,7,7,7,7,7,7,7,7,7,7,7,7,7,7,7,7,7,7,7,7,7,7,7,7,7,7,7,3,7,7,7,7,7,7,7,7,7,7,7,7,7,7,7,7,7,7,7,7,7,7,7,7,7,7,7,7,7,7,7,7,7,7,7,7,7,7,7,7,7,7,7,7,7,2,7,7,5,7,7,7,7,7,7,7,7,5,7,7,7,7,7,7,7,7,7,7,7,7,1,2,5,5,2,1,5,1,3,5,5,7,2,7,7,7,7,7,5,7,7,7,7,3,7,7,7,3,7,6,7,7,7,7,5,7,7,5,7,7,7,7,7,4,7,7,7,5,7,7,4,4,7,7,7,3,7,7,2,4,7,5,2,2,6,2,7,7,7,7,7,7,7,7,4,3,7,7,4,1,6,7,4,2,7,7,7,7,5,1,4,5,7,7,5,7,7,7,5,7,5,7,7,7,20,Female,White or Caucasian,3.85,Third year (Junior),YES,NA,770,740,33,203,8,56,8,56,8,56,8,56,8,56,10,70,10,70,10,70,10,63,6,40,6,42,5,35,5,15,3,7,5,22,4,28,3,19,3,21,12,58,12,68,12,62,TRUE,1,1,1,0,1,1,1,1,1,1,1,1,1,0,1,13,TRUE,1,1,0,0,0,0,0,0,1,1,0,0,0,0,0,0,0,0,0,0,1,0,1,1,1,0,0,0,0,0,0,1,1,1,1,0,0,0,1,0,0,0,0,0,1,0,0,1,4,250
501,100,2584,QPPQ,PRST,PWXQ,STWX,GFFG,QQBB,EGFH,FHXZ,VIJW,CLXC,XDBK,CGVZ,VEBT,PSQT,DFIM,"2,5,3","1,8,7,6,4","6,4,2","8,7,5,3,1","7,1,4","8,6,5,3,2","8,6,3,2","7,4,5,1",NA,NA,NA,NA,NA,NA,NA,NA,NA,NA,NA,"3,1","7,8,5","2,4,6","4,6","1,5,3","2,7,8","2,7,5","1,4,3","6,8",NA,NA,NA,"2,5","3,7,8","4,6,1",5,4,5,6,6,6,4,5,3,3,5,5,3,3,3,3,4,3,3,4,4,3,3,5,3,3,4,6,3,6,4,6,6,6,4,5,5,3,5,5,5,6,5,5,5,4,6,6,5,5,5,5,5,5,5,4,5,5,5,5,5,4,5,3,5,3,5,5,5,6,5,6,5,5,2,5,5,4,5,6,5,6,5,3,5,5,5,5,7,5,5,5,3,3,5,3,5,5,5,5,3,3,5,3,3,3,6,5,3,5,3,2,6,6,5,6,3,4,4,6,3,5,5,5,6,3,5,6,5,3,5,6,2,3,5,4,3,6,4,5,5,4,6,5,3,5,5,3,3,3,3,5,4,5,5,3,3,3,2,5,5,6,5,5,5,3,3,2,5,3,3,3,3,2,3,6,6,4,1,3,5,5,3,5,5,5,6,3,2,5,3,5,5,3,5,4,5,NA,4,6,6,6,7,20,Male,White or Caucasian,4.05,Second year (Sophomore),YES,NA,NA,NA,33,145,8,41,8,28,8,29,8,38,8,38,10,52,10,49,10,46,10,48,6,29,6,26,5,23,5,19,3,12,5,18,4,23,3,11,3,14,12,48,12,41,12,50,TRUE,1,1,1,1,1,1,1,0,0,1,1,1,1,0,0,11,TRUE,1,1,1,1,1,1,1,1,0,0,0,0,0,0,0,0,0,0,0,1,0,0,1,1,1,1,1,1,0,0,0,1,1,1,1,1,1,1,0,0,0,0,0,0,1,1,0,1,7,235
502,100,5338,MLMM,PRST,PWXQ,STWX,GFFG,QQBB,EGFH,BODQ,FUZG,CLXC,ZAGZ,CGVZ,MZXJ,GKHM,HJMQ,"5,3,2","8,7,6,4,1","6,2,4","8,7,5,3,1","7,3",5,"8,6,3,2","7,5,4,1","3,2,8","7,6,1","5,4,8,2","6,3,1,7","1,3,8,5","4,6,7,2",NA,NA,NA,NA,NA,NA,NA,NA,"6,4","1,5,3","8,7,2",NA,NA,NA,NA,NA,NA,"5,2","3,7,8","6,4,1",6,5,5,4,4,6,7,6,5,7,7,4,6,7,5,6,5,5,6,5,4,4,6,5,5,4,5,5,3,4,4,6,5,6,6,7,7,6,6,6,7,4,5,5,6,4,4,5,4,3,3,6,6,5,6,7,7,6,7,7,6,5,6,3,5,6,5,6,4,5,5,6,5,6,6,7,6,4,5,5,5,5,6,5,6,4,5,5,7,5,6,5,5,6,6,6,6,6,6,3,4,6,5,3,6,5,5,4,4,3,4,5,5,7,6,5,3,3,5,6,6,2,4,6,3,7,6,7,5,7,6,3,3,4,7,5,5,6,3,7,6,5,5,6,5,7,5,7,5,6,6,7,6,7,7,6,5,4,3,5,5,5,5,4,5,4,4,6,6,7,7,7,6,3,3,6,6,7,5,3,5,5,2,6,6,6,5,6,3,5,5,3,4,5,5,5,6,6,6,6,7,6,7,19,Female,White or Caucasian,3.85,Second year (Sophomore),YES,32,NA,NA,33,184,8,43,8,47,8,40,8,38,8,51,10,43,10,63,10,50,10,55,6,31,6,32,5,30,5,21,3,16,5,20,4,23,3,11,3,14,12,55,12,69,12,57,TRUE,0,1,1,1,1,1,1,1,1,1,0,1,0,1,0,11,TRUE,1,1,1,1,0,0,1,1,0,0,1,1,0,0,0,0,0,0,0,0,0,0,1,1,1,0,0,0,0,0,0,1,1,1,1,1,0,1,0,1,0,0,0,0,1,0,0,1,6,236
504,100,5648,QPPQ,PRST,PWXQ,STWX,GFFG,QQBB,EGFH,BODQ,FUZG,CLXC,TNLL,CGVZ,MZXJ,RWSX,LHEC,"5,3,2","8,7,6,4,1","6,4,2","8,7,5,3,1","7,4,1","8,6,5,3,2","8,6,3,2","7,5,4,1","8,7,5,4,2","6,3,1","7,2,5,8,4,3,1",6,"8,7,5,3,1","6,4,2","5,3,1","6,4,2",NA,NA,NA,"3,1","7,4","8,6,5,2","4,6","1,3,5","7,2,8","2,7,5","1,3,4","6,8","3,8,7,6","1,2","4,5","2,5","3,7,8","1,6,4",7,7,7,6,7,7,7,7,7,7,7,7,7,7,7,7,7,5,7,7,5,4,7,7,6,6,7,6,3,6,7,7,6,6,7,7,6,5,3,7,7,3,5,7,7,2,7,7,4,3,4,7,7,7,7,4,7,7,7,7,7,7,7,7,7,7,7,7,7,7,7,7,6,6,1,7,6,6,6,7,7,6,6,6,6,5,5,7,7,4,7,6,5,7,5,7,6,6,5,1,2,5,5,2,1,2,3,5,6,5,2,7,6,7,7,7,4,4,4,7,7,4,7,7,7,6,7,5,5,7,7,7,7,7,7,7,7,6,7,7,7,7,6,7,7,7,7,6,7,7,6,6,7,6,6,5,3,3,2,4,1,3,3,4,2,2,2,7,7,7,7,7,7,7,6,7,7,7,7,7,6,7,7,7,7,6,7,6,2,7,7,7,7,7,7,7,6,6,7,7,7,7,7,21,Male,White or Caucasian,4.14,Third year (Junior),YES,NA,720,800,33,219,8,55,8,56,8,49,8,51,8,48,10,49,10,67,10,70,10,59,6,34,6,36,5,29,5,15,3,6,5,25,4,27,3,12,3,18,12,34,12,83,12,76,TRUE,1,1,1,1,1,1,1,1,1,1,0,1,0,0,0,11,TRUE,1,1,1,1,1,1,1,1,1,1,0,0,1,1,0,0,0,0,0,1,1,1,1,1,1,1,1,1,1,1,1,1,1,1,1,1,1,1,1,0,1,0,0,1,1,1,1,1,11,247
505,100,99140,QPPQ,PRST,PWXQ,CDFG,GFFG,QQBB,EGFH,BODQ,COPD,CLXC,XDBK,CGVZ,ZIFX,GKHM,HJMQ,"2,3,5","1,4,7,8,6","6,4,2","8,7,5,3,1","7,4,1","8,6,5,3,2","8,6,3,2","7,5,4,1","8,7,5,4,2","6,3,1","5,4,3,2,1","6,7,8","8,7,5,3,1","6,4,2","6,5,1","8,7,4,3,2","3,1","5,6,4,7","8,2",1,"7,4","8,5,6,3,2","4,6","1,5,3","2,8,7","2,7,5","1,4,3","6,8","3,8","1,6,4,2","5,7","2,5","3,8,7","1,6,4",6,7,7,5,7,7,5,7,6,6,6,5,6,6,5,4,5,5,5,4,6,6,5,5,6,6,5,7,3,5,7,7,7,7,6,6,5,3,3,6,4,7,7,6,5,4,7,7,6,3,4,7,6,5,7,7,7,7,6,7,7,7,7,6,7,7,7,6,7,7,7,5,3,5,1,4,5,4,3,4,5,4,4,3,4,5,5,3,7,2,6,3,5,6,6,6,5,5,6,3,3,7,7,3,3,7,7,3,6,5,7,5,3,7,6,7,3,6,6,6,5,2,4,5,5,5,5,5,5,5,3,3,2,4,4,6,6,4,4,2,5,6,3,3,5,6,7,2,3,3,2,5,5,5,4,6,6,5,4,3,3,5,5,5,5,6,5,6,5,5,6,6,6,2,4,5,2,1,6,4,4,5,5,6,7,4,5,5,2,5,6,6,2,4,6,4,5,3,6,6,6,6,5,21,Female,Asian,3.73,Fourth year (Senior),YES,33,680,790,33,141,8,51,8,44,8,41,8,50,8,40,10,56,10,66,10,68,10,39,6,25,6,25,5,28,5,23,3,17,5,26,4,23,3,15,3,13,12,58,12,54,12,58,TRUE,1,1,1,0,1,1,1,1,0,1,1,1,0,1,0,11,TRUE,1,1,1,1,1,1,1,1,1,1,0,0,1,1,1,1,0,0,0,0,1,0,1,1,1,1,1,1,0,0,0,1,1,1,1,1,1,1,1,0,1,1,0,0,1,1,0,1,10,250
506,100,8418,QPPQ,PRST,PWXQ,STWX,GFFG,QQBB,EGFH,BODQ,FUZG,CLXC,XDBK,CGVZ,VEBT,GKHM,DFIM,"2,5,3","1,8,7,6,4","6,4,2","8,7,5,3,1","7,4,1","8,6,5,3,2","8,6,3,2","7,5,4,1","8,7,5,4,2","6,3,1","8,5,4,2","7,6,3,1","8,7,5,3,1","6,4,2","6,3","8,7,5,4,2,1","2,3,8,1","7,5,4",6,3,"7,4","8,6,2,5,1","4,6","1,3,5","2,8,7","2,7,5","3,4,1","6,8","3,8,7,6","1,2","4,5","2,5","3,8,7","1,6,4",5,5,6,6,6,6,4,5,2,5,3,5,4,3,3,2,5,5,3,3,4,5,3,3,5,4,6,6,3,5,5,5,5,4,4,3,3,4,5,4,3,7,7,6,7,6,7,6,6,6,6,7,7,6,7,5,6,7,4,7,6,5,6,5,5,6,5,6,6,6,6,4,4,6,2,4,4,4,4,5,7,6,6,5,5,6,6,2,7,4,7,5,6,5,6,6,6,7,6,2,2,4,4,5,3,4,4,2,4,2,2,2,5,6,6,6,4,4,6,6,6,1,6,6,6,6,3,4,3,6,6,5,5,4,2,6,5,5,4,6,5,5,6,6,6,6,6,4,3,7,5,6,5,5,6,7,7,4,4,5,2,4,3,3,3,2,3,6,6,4,4,7,5,2,4,4,4,7,3,3,6,6,6,5,6,7,6,6,3,4,3,6,6,6,6,4,6,6,6,6,6,6,4,19,Female,Asian American,3.8,Second year (Sophomore),YES,NA,760,800,33,169,8,43,8,27,8,31,8,41,8,30,10,64,10,62,10,56,10,44,6,34,6,29,5,31,5,17,3,11,5,12,4,23,3,14,3,13,12,47,12,56,12,61,TRUE,1,1,1,1,1,1,1,1,1,1,1,1,1,1,0,14,TRUE,1,1,1,1,1,1,1,1,1,1,1,1,1,1,0,0,0,0,0,0,1,0,1,1,1,1,1,1,1,1,1,1,1,1,1,1,1,1,1,1,1,0,0,0,1,1,1,1,11,250
507,100,1362,QPPQ,PRST,PWXQ,STWX,GFFG,QQBB,IJLK,BODQ,FUZG,CFCR,XDBK,CGVZ,VEBT,PSQT,DFIM,"2,5,3","8,7,6,4,1","6,4,2","7,8,5,3,1","7,4,1","8,6,5,3,2","8,6,3,2","7,5,4,1","8,7,5,4,2","6,3,1","8,5,4,2","7,6,3,1","8,7,5,3,1","6,4,2","6,5,1","8,7,4,3,2","3,1","7,6,4","8,5,2","3,1","7,4","2,5,6,8","4,6","3,5,1","2,8,7","2,5,7","1,4,3","8,6","1,7,2","3,6,5,4",8,"2,5","3,8,7","1,6,4",6,6,7,6,7,7,6,6,5,7,5,4,4,7,4,7,7,7,6,6,6,5,5,6,7,6,6,6,3,6,7,6,6,7,6,7,7,7,7,7,7,6,6,5,5,1,6,5,3,2,4,7,7,6,7,6,6,6,7,6,6,6,7,6,6,7,7,6,6,6,6,7,5,7,6,6,6,5,6,7,7,6,5,6,6,6,6,6,7,5,6,7,6,6,6,6,6,6,6,2,1,3,6,2,2,2,3,3,6,5,3,5,6,7,6,6,4,5,5,5,5,4,5,7,5,4,6,7,6,6,5,6,4,6,5,6,5,6,5,5,6,5,NA,5,5,6,5,4,5,6,5,5,6,5,6,6,5,5,4,4,2,4,4,5,2,3,3,6,6,7,7,5,5,5,6,7,7,6,4,5,5,5,4,6,4,6,7,5,2,2,5,6,6,5,5,6,6,6,6,6,6,6,6,20,Female,Asian,3.2,Third year (Junior),YES,NA,710,790,32,178.40625,8,51,8,43,8,48,8,50,8,55,10,43,10,64,10,63,10,62,6,35,6,36,5,30,5,14,3,7,5,22,4,25,3,14,3,14,12,47,12,71,12,56,TRUE,1,1,1,1,1,1,0,1,1,0,1,1,1,0,0,11,TRUE,1,1,1,1,1,1,1,1,1,1,1,1,1,1,1,1,0,0,0,1,1,1,1,1,1,1,1,1,0,0,0,1,1,1,1,1,1,1,1,1,1,1,0,1,1,1,0,1,12,249
508,100,2761,QPPQ,PRST,PWXQ,STWX,GFFG,QQBB,EGFH,BODQ,SEFT,CLXC,XDBK,CGVZ,VEBT,PSQT,HJMQ,"5,3,2","6,8,4,7,1","6,4,2","8,7,5,3,1","7,4,1","8,6,5,3,2","8,6,3,2","7,5,4,1","8,7,6,5,4","3,2,1","8,7,5,4,2,1","6,3","5,6,3,2,1","7,4,8","7,5,3,1","8,6,4,2","6,1","7,4","8,5,3,2","3,1","7,4","8,6,5,2","6,4,3","1,5","2,8,7",4,"8,1","2,7,6,3,5","1,7","2,6","3,5,8,4","2,5","3,8,7","1,6,4",6,4,5,6,6,7,5,6,3,4,4,5,6,7,4,3,7,3,5,5,5,4,7,7,7,6,6,6,3,7,5,5,7,5,6,5,5,4,6,6,5,6,7,7,7,4,6,6,4,5,5,6,7,6,6,6,6,7,7,7,7,5,5,5,6,7,7,7,5,6,5,7,4,7,5,7,5,2,5,5,7,4,5,5,6,5,3,2,7,2,5,4,6,5,5,6,6,5,3,3,4,7,6,5,3,6,6,3,5,5,2,5,4,7,6,6,3,2,6,7,4,2,5,7,3,4,6,6,5,6,7,4,5,3,6,6,6,5,6,6,5,6,5,7,7,6,7,5,4,5,6,5,5,7,6,7,7,3,4,4,5,5,6,5,5,5,5,7,6,6,7,6,7,2,4,3,4,5,6,5,5,6,6,6,6,6,6,6,2,7,7,6,3,3,5,6,3,3,7,5,6,6,7,20,Female,Asian American,3.5,Third year (Junior),YES,NA,600,600,33,182,8,45,8,36,8,43,8,49,8,42,10,57,10,65,10,58,10,54,6,28,6,24,5,25,5,25,3,15,5,20,4,23,3,11,3,13,12,61,12,63,12,68,TRUE,1,1,1,1,1,1,1,1,0,1,1,1,1,0,0,12,TRUE,1,1,1,1,1,1,1,1,0,0,0,0,0,0,0,0,0,0,0,1,1,1,0,0,1,0,0,0,0,0,0,1,1,1,1,1,1,1,0,0,0,0,0,1,0,0,0,1,6,250
511,100,1952,QPPQ,PRST,PWXQ,FGIJ,GFFG,AAPP,OPRQ,BODQ,VIJW,CLXC,XDBK,CEIZ,VEBT,AFBG,DFIM,"2,5,3","1,8,7,4,6","6,4,2","8,7,5,3,1","7,4,3","8,6,5,2,1","5,8,7,6","3,4,2,1","7,6,5,4,2","8,3,1","6,7,8,5,4,3,2,1",NA,"8,7,5,3,1","6,4,2","7,5,1","8,6,4,3,2",8,"7,6,5,4,3,2",1,"3,1","8,7,4","6,5,2","3,6,5,1,2,4",NA,"7,8","2,6,4","1,7,5","3,8","1,2,8","3,6,4,5",7,"2,5","3,4","1,7,8,6",7,7,7,4,7,7,7,7,5,7,7,7,6,7,7,5,6,7,7,7,7,7,7,7,7,7,7,7,3,7,7,7,7,7,5,5,7,6,5,7,5,7,7,7,7,4,7,7,4,4,4,7,7,7,7,7,7,7,7,7,7,7,7,7,7,7,7,7,7,7,7,7,7,7,7,7,7,7,7,7,7,2,7,2,4,2,2,2,7,2,2,2,4,1,5,1,6,3,2,4,6,7,7,7,6,7,7,4,4,4,4,7,5,7,7,7,3,5,5,7,7,7,6,5,4,6,2,6,4,6,6,4,4,5,6,7,6,6,5,7,7,4,6,5,6,6,6,5,6,3,6,6,5,7,4,7,6,5,3,4,4,4,6,3,2,2,3,5,5,4,5,3,5,2,3,4,4,4,7,6,6,7,5,6,3,7,7,4,4,5,4,6,4,4,6,5,5,5,6,6,6,6,6,20,Female,two or more races,3,Third year (Junior),YES,NA,NA,NA,33,177,8,53,8,51,8,55,8,56,8,47,10,58,10,70,10,70,10,70,6,19,6,13,5,17,5,31,3,20,5,23,4,26,3,13,3,21,12,49,12,51,12,64,TRUE,1,1,1,0,1,0,0,1,0,1,1,0,1,0,0,8,TRUE,1,1,1,1,0,0,0,0,0,0,0,0,1,1,0,0,0,0,0,1,0,0,0,0,0,0,0,0,0,0,0,1,0,0,1,1,0,0,0,0,1,0,0,0,0,0,0,0,3,248
512,100,2299,QPPQ,PRST,PWXQ,STWX,GFFG,QQBB,EGFH,BODQ,FUZG,CLXC,NA,NA,NA,GKHM,NA,"3,2,5","6,8,7,4,1","4,6,2","8,7,5,3,1","4,7,1","8,6,5,3,2","8,6,3,2","7,5,4,1","8,7,5,4,2","3,6,1",NA,NA,"8,5,7,3,1","6,4,2","6,5,1","8,7,4,3,2",NA,NA,NA,"3,1","7,4","8,6,5,2","4,6","1,3,5","8,2,7","5,7,2","1,4,3","8,6",NA,NA,NA,"2,5","3,8,7","1,6,4",7,7,7,7,7,7,7,7,7,5,7,7,7,7,7,7,7,5,7,7,7,7,7,7,7,7,7,7,3,7,7,7,7,7,7,7,7,7,7,7,7,7,6,6,7,6,6,5,6,5,6,7,7,7,7,5,7,7,7,7,6,7,7,7,7,7,7,7,7,7,7,7,7,6,1,6,7,6,6,6,7,6,6,6,6,6,6,6,7,7,6,6,6,6,6,6,6,6,6,2,2,2,2,2,6,6,6,5,6,6,6,6,6,6,6,6,5,4,4,6,6,2,6,6,6,6,6,6,4,6,7,6,5,6,6,7,7,7,7,4,6,6,6,6,5,6,6,4,4,6,2,6,6,5,6,6,2,2,1,1,3,2,2,1,3,2,5,6,7,7,7,4,4,2,6,7,7,5,7,6,6,6,3,7,7,6,6,3,5,7,6,7,4,6,6,7,6,6,7,7,7,7,7,22,Female,Asian,3.976,Fourth year (Senior),YES,35,NA,NA,33,188,8,56,8,54,8,54,8,56,8,56,10,60,10,67,10,70,10,59,6,36,6,37,5,30,5,10,3,18,5,29,4,24,3,13,3,14,12,30,12,69,12,68,TRUE,1,1,1,1,1,1,1,1,1,1,0,0,0,1,0,11,TRUE,1,1,1,1,1,1,1,1,1,1,0,0,1,1,1,1,0,0,0,1,1,1,1,1,1,1,1,1,0,0,0,1,1,1,1,1,1,1,1,0,1,1,0,1,1,1,0,1,11,238
513,100,1606,QPPQ,PRST,PWXQ,FGIJ,GFFG,QQBB,IJLK,CERT,PABQ,CLXC,VEGV,CIOZ,VEBT,EJFK,DFIM,"2,5,3","8,6,7,1,4","6,4,2","7,8,5,3,1","7,4,1","8,6,5,2,3","8,6,3,2","7,5,4,1","4,5,7,2","8,6,3,1","3,4,5,1","7,8,6,2","5,8,1","7,4,6,3,2","8,4,1,2","6,7,5,3","5,3,2","4,7","6,1,8","5,1","8,4,3",2,"7,3,1","6,4,2","8,5","3,8,1","4,2,5","6,7","1,8,7","2,6,4","5,3","2,5","3,7","1,4,8,6",5,4,5,4,7,7,5,5,3,4,6,5,4,4,5,3,4,3,5,6,3,4,4,3,3,3,3,4,3,3,3,5,7,3,3,4,4,4,3,4,2,7,5,6,5,4,7,5,4,5,4,7,6,7,7,7,7,6,7,6,7,5,7,4,4,4,5,5,4,4,3,4,3,4,2,3,6,3,3,4,6,4,3,3,3,3,2,3,7,2,5,3,4,4,4,5,5,5,4,5,4,5,5,5,4,5,5,4,5,5,5,5,4,7,7,7,5,5,5,5,7,4,4,5,2,7,4,5,5,5,3,3,3,3,7,3,4,5,3,5,5,5,3,4,3,7,5,6,4,7,5,7,6,5,3,7,7,5,4,6,4,3,4,3,2,5,5,6,4,4,4,5,5,2,2,4,4,2,1,6,7,5,6,6,5,7,7,6,5,6,4,5,6,6,6,5,4,5,6,4,5,5,7,19,Female,White or Caucasian,3.2,Second year (Sophomore),YES,NA,750,680,33,151,8,42,8,34,8,32,8,31,8,27,10,52,10,67,10,45,10,38,6,18,6,21,5,23,5,24,3,14,5,24,4,25,3,15,3,16,12,55,12,43,12,70,TRUE,1,1,1,0,1,1,0,0,0,1,0,0,1,0,0,7,TRUE,1,1,1,1,1,1,1,1,0,0,0,0,0,0,0,0,0,0,0,0,0,0,0,0,0,0,0,0,0,0,0,1,0,0,1,1,1,1,0,0,0,0,0,0,0,0,0,0,4,250
514,100,2044,HGHH,JKLM,JVZK,FGIJ,GFFG,CCRR,IJLK,FHXZ,SEFT,JCVC,TNLL,CEIZ,VEBT,EJFK,DFIM,"3,5,2","8,7,6,4,1","6,4,2","8,7,5,3,1","7,4,1","8,6,5,3,2","8,6,3,2","7,5,4,1","8,7,5,4,2","1,6,3","7,5,4,3,1","8,6,2","7,4,2,1","8,6,5,3","8,7,3,2,1","6,5,4","2,3","7,6,5,4","8,1","3,1",4,"8,7,6,5,2","6,4,2","3,5,1","8,7","2,7,5","1,4,3","6,8","1,8,7","2,6,4","3,5",NA,NA,NA,7,5,7,4,7,6,5,7,5,4,5,4,4,7,4,5,5,4,5,4,5,4,4,6,4,5,5,4,3,5,4,4,5,5,5,4,5,5,5,4,4,7,7,7,7,5,7,4,3,3,4,4,7,3,4,5,3,7,4,7,7,4,7,4,5,4,4,5,4,5,6,5,7,6,2,5,7,4,4,5,4,1,4,4,2,2,1,4,7,4,1,1,1,1,5,4,4,1,3,7,7,7,7,7,7,7,7,5,5,5,2,1,4,5,3,5,4,3,4,4,5,1,1,6,1,4,4,5,3,2,2,3,2,2,5,5,5,4,4,4,7,5,5,5,4,5,4,4,5,3,5,5,5,5,4,6,6,4,4,4,4,5,5,4,5,4,4,7,7,1,2,5,4,2,3,5,5,4,7,4,3,1,2,5,6,3,5,5,3,3,3,7,5,3,2,1,1,3,7,6,6,4,4,21,Female,Asian,3.3,Fourth year (Senior),NO,NA,NA,NA,33,133,8,48,8,38,8,37,8,36,8,37,10,54,10,51,10,48,10,49,6,14,6,12,5,17,5,35,3,21,5,18,4,17,3,11,3,10,12,55,12,52,12,43,TRUE,0,0,0,0,1,0,0,0,0,0,0,0,1,0,0,2,TRUE,1,1,1,1,1,1,1,1,1,1,0,0,0,0,0,0,0,0,1,1,0,0,0,1,0,1,1,1,0,0,0,0,0,0,1,1,1,1,1,0,0,0,0,0,0,1,0,0,6,247
515,100,349082,QPPQ,PRST,FVZG,CDFG,GFFG,QQBB,IJLK,BODQ,PABQ,CLXC,XDBK,CGVZ,KXVH,RWSX,LHEC,"5,3,2","8,7,6,4,1","6,4,2","8,7,5,3,1","7,4,1","8,6,5,3,2","8,6,3,2","7,5,4,1","8,5,4,2","7,6,3,1","5,3,2,1","8,7,6,4","5,6,3,2,1","8,7,4","7,3,1","8,6,5,4,2","8,1","7,5,4,2","6,3","3,1","7,4,5","8,6,2","6,4","3,5,1","8,7,2",4,"1,3","6,7,8,2,5","6,8,7","1,2","4,5,3","2,5","3,7,8","1,6,4",6,5,5,4,5,4,5,5,4,5,4,5,4,4,4,4,3,4,5,4,4,4,4,6,5,5,5,5,3,5,5,5,5,5,4,3,5,5,4,5,3,6,5,6,6,4,5,5,4,4,4,6,6,6,6,5,6,6,6,6,5,5,5,5,4,5,5,6,5,5,6,5,3,5,2,6,4,4,4,5,4,5,4,4,4,4,2,3,7,3,6,3,5,5,4,3,3,3,5,4,3,6,4,5,5,5,5,4,5,5,4,4,5,6,6,5,4,4,4,6,6,5,6,4,5,6,7,4,4,5,6,5,5,6,5,6,6,5,5,6,4,5,4,5,5,6,6,4,3,5,6,6,4,6,7,5,4,4,4,5,3,3,3,3,3,3,4,5,4,4,4,6,6,3,3,2,3,6,4,5,5,5,5,5,6,6,6,6,4,5,5,6,4,5,5,5,6,3,6,4,5,5,6,21,Female,White or Caucasian,3.2,Fourth year (Senior),YES,30,740,640,33,172,8,39,8,34,8,34,8,40,8,34,10,49,10,58,10,51,10,42,6,23,6,25,5,18,5,22,3,15,5,22,4,22,3,12,3,17,12,44,12,50,12,63,TRUE,1,1,0,0,1,1,0,1,0,1,1,1,0,0,0,8,TRUE,1,1,1,1,1,1,1,1,0,0,0,0,0,0,0,0,0,0,0,1,0,0,1,1,1,0,0,0,0,1,0,1,1,1,1,1,1,1,0,0,0,0,0,0,1,0,0,1,6,250
517,100,4704,QPPQ,PRST,PWXQ,STWX,GFFG,QQBB,EGFH,BODQ,FUZG,CLXC,XDBK,CGVZ,VEBT,GKHM,KIFB,"2,3,5","7,8,1,6,4","6,4,2","8,7,5,3,1","7,4,1","8,6,5,3,2","8,6,3,2","7,5,4,1","8,7,5,4,2","6,3,1","7,5,4,2","8,6,3,1","8,5,3,1","6,7,4,2","6,5,1","8,7,4,3,2","6,5,3,2","7,4","8,1","3,1","8,4","7,6,5,2","6,4","5,3,1","8,7,2","2,7,5","1,4,3","8,6",1,2,NA,NA,NA,NA,7,6,7,5,7,7,5,7,3,6,5,6,6,6,5,5,6,6,7,6,7,6,7,7,7,7,7,7,3,6,6,7,6,6,6,7,7,7,7,7,7,7,6,7,6,4,6,7,5,4,4,7,7,6,7,5,7,7,6,7,7,5,6,7,6,7,7,6,7,6,7,6,5,6,4,7,5,5,6,6,6,5,7,5,5,5,5,6,7,5,6,5,5,5,5,5,5,5,4,3,2,5,5,2,3,3,5,3,5,5,5,3,5,7,5,6,3,3,5,5,6,6,5,6,3,6,5,7,5,6,5,4,6,5,3,6,6,5,5,5,6,6,3,5,5,5,5,5,5,7,5,6,5,6,6,6,5,5,5,2,2,3,2,3,3,3,5,3,7,6,6,7,7,3,3,7,6,4,4,5,5,5,3,7,6,7,6,6,3,3,3,7,6,5,6,6,6,5,7,6,7,7,7,19,Female,NA,NA,Second year (Sophomore),NA,NA,NA,NA,33,173,8,51,8,42,8,52,8,53,8,54,10,56,10,66,10,64,10,56,6,32,6,32,5,24,5,17,3,11,5,21,4,23,3,11,3,17,12,44,12,63,12,59,TRUE,1,1,1,1,1,1,1,1,1,1,1,1,1,1,1,15,TRUE,1,1,1,1,1,1,1,1,1,1,0,0,0,0,1,1,0,0,1,1,0,0,1,1,1,1,1,1,0,0,0,0,0,0,1,1,1,1,1,0,0,1,0,0,1,1,0,0,8,246
519,100,2286,QPPQ,PRST,PWXQ,BCEF,GFFG,DDSS,UVXW,KMTV,VIJW,CGCS,XDBK,CGVZ,VEBT,RWSX,HJMQ,"8,7,6,4,1","5,3,2","6,4,2","8,7,5,3,1","7,6,5,4,2,1",3,"6,1","8,7,5,4,3,2","3,1","6,4,5","5,4,3,1","6,2,8,7","5,3,1","8,7,6,4,2",1,"2,4,6,7,8","8,1,3","6,5,2","7,4","3,1","8,6,5,2","4,7","1,8,4","2,5","3,7,6",NA,NA,NA,NA,NA,NA,NA,NA,NA,5,3,7,6,7,6,6,6,5,5,5,4,5,6,6,5,6,5,5,5,5,5,5,5,5,6,5,6,3,5,6,6,7,6,6,6,6,6,6,5,6,7,5,5,5,5,7,5,3,5,4,7,6,7,7,5,7,7,7,7,6,5,6,4,5,7,5,5,4,5,5,5,4,6,5,6,5,4,5,6,6,5,5,5,5,5,5,3,7,6,5,5,5,5,5,5,5,5,3,5,2,5,3,5,5,5,5,3,6,5,3,6,5,6,5,6,4,2,6,5,5,5,6,5,3,4,3,6,4,4,5,4,5,4,4,5,4,4,5,6,5,6,6,5,6,6,5,5,6,5,6,5,5,5,3,7,6,3,4,5,5,5,5,3,3,3,3,7,7,6,7,5,3,3,3,7,7,7,3,5,5,6,5,4,5,6,5,5,3,6,6,4,3,3,5,5,5,5,5,3,3,5,5,20,Female,Hispanic or Latino,3,Third year (Junior),NO,NA,NA,NA,33,160,8,46,8,41,8,41,8,46,8,47,10,51,10,66,10,51,10,52,6,30,6,29,5,23,5,20,3,15,5,23,4,22,3,12,3,15,12,52,12,65,12,61,TRUE,1,1,1,0,1,0,0,0,0,0,1,1,1,0,0,7,TRUE,0,0,1,1,0,0,0,0,0,0,0,0,0,0,0,0,0,0,0,1,0,0,0,0,0,0,0,0,0,0,0,0,0,0,0,1,0,0,0,0,0,0,0,0,0,0,0,0,1,241
520,100,2603,MLMM,JKLM,PWXQ,BCEF,GFFG,QQBB,IJLK,KMTV,VIJW,CGCS,PFCC,CGVZ,VEBT,GKHM,KGDB,"2,5,3","1,8,7,6,4","6,4,2","8,7,5,3,1","7,4,3,1","8,6,5,2","8,7,6,5","4,3,2,1","8,7,4,2","6,5,3,1","7,5,2,1","8,6,4,3","7,5,3,1","8,6,4,2","6,4,2","8,7,5,3,1","3,1,8","7,4,6,2",5,"5,1,4","6,2","7,8,3","4,3","6,5,1","8,7,2","1,4,2","3,6,7","5,8","2,4,8","1,6,7","3,5","2,5","3,8,7","1,4,6",5,5,6,6,6,6,5,6,6,6,6,5,6,6,5,4,5,7,6,5,5,5,7,7,6,7,7,7,3,6,7,6,6,6,7,6,5,6,6,6,7,5,5,5,5,3,5,5,3,4,4,6,6,6,6,5,6,6,5,6,5,6,6,5,6,5,6,5,5,6,6,4,4,6,4,6,4,4,5,6,6,4,5,4,4,4,3,5,7,4,5,5,5,5,4,5,4,5,4,3,4,3,4,4,5,5,4,5,3,4,5,4,5,6,6,6,6,4,6,6,7,5,6,5,6,6,2,6,5,5,6,6,6,6,6,6,6,6,6,6,6,6,6,5,6,7,6,7,6,4,6,7,5,7,7,4,5,4,2,5,4,2,5,4,4,4,3,5,4,5,5,4,5,3,5,6,6,3,5,3,6,5,3,6,7,6,6,5,3,6,5,6,5,4,5,4,2,3,5,5,5,4,4,18,Male,Asian,3.9,First year (Freshman),YES,NA,770,790,33,192,8,45,8,44,8,47,8,52,8,49,10,44,10,57,10,56,10,49,6,24,6,29,5,22,5,18,3,14,5,21,4,23,3,16,3,18,12,46,12,56,12,61,TRUE,0,0,1,0,1,1,0,0,0,0,0,1,1,1,0,6,TRUE,1,1,1,1,0,0,0,0,0,0,0,0,0,0,0,0,0,0,0,0,0,0,0,0,1,0,0,0,0,0,0,1,1,1,1,1,0,0,0,0,0,0,0,0,0,0,0,1,3,250
521,100,2110,QPPQ,PRST,PWXQ,PQST,GFFG,QQBB,EGFH,BODQ,COPD,CLXC,NA,NA,NA,NA,NA,"5,3,2","8,7,6,4,1","6,2,4","8,7,1,5,3","7,2,6,3","8,4,5,1","3,7,6,4","8,5,1,2","8,3,6,5","1,4,7,2","5,3,6,1","4,8,7,2","4,7,8,6,1","2,3,5",NA,NA,NA,NA,NA,NA,NA,NA,NA,NA,NA,NA,NA,NA,NA,NA,NA,NA,NA,NA,5,5,7,4,7,7,5,6,5,5,5,5,5,5,5,5,5,5,5,5,5,6,5,6,5,5,5,6,3,6,5,6,5,5,5,7,5,6,6,5,6,7,7,7,7,4,7,7,2,4,4,7,5,5,6,5,7,6,7,7,6,5,5,5,5,5,5,4,5,6,5,7,4,7,4,5,5,5,5,7,6,5,7,5,6,5,5,5,7,5,5,5,7,6,6,6,5,6,3,3,3,5,5,4,1,2,5,1,5,4,4,5,5,5,5,5,5,5,5,5,5,5,5,5,5,5,3,6,5,5,5,5,5,5,5,5,5,5,5,5,5,5,5,5,5,5,6,5,5,4,6,5,5,5,5,6,5,5,3,6,4,4,2,4,3,2,4,7,5,5,7,7,7,3,4,7,7,6,1,5,6,5,6,6,6,7,6,4,3,6,5,5,5,5,5,5,5,5,5,5,5,5,5,21,Female,Black or African American,3.36,Fourth year (Senior),NO,NA,NA,NA,33,165,8,46,8,40,8,42,8,43,8,45,10,56,10,61,10,50,10,55,6,33,6,33,5,26,5,20,3,8,5,19,4,20,3,15,3,15,12,48,12,66,12,65,TRUE,1,1,1,0,1,1,1,1,0,1,0,0,0,0,0,8,TRUE,1,1,1,1,0,0,0,0,0,0,0,0,0,0,0,0,0,0,0,0,0,0,0,0,0,0,0,0,0,0,0,0,0,0,1,1,0,0,0,0,0,0,0,0,0,0,0,0,2,225
522,100,2651,QPPQ,PRST,PWXQ,STWX,GFFG,QQBB,EGFH,KMTV,COPD,CLXC,PFCC,CGVZ,VEBT,GKHM,HJMQ,"2,5,3","1,8,7,6,4","6,4,2","8,7,5,3,1","7,4,1","8,6,5,3,2","8,6,3,2","7,5,4,1","8,7,5,4,2","6,3,1","8,5,4,2,1","7,6,3","5,7,8,3,1","2,6,4","6,5,1","8,7,4,3,2","7,6","4,3,5,2","1,8",1,"8,7,5,3,4","6,2","4,6,5,3",1,"2,8,7",NA,NA,NA,NA,NA,NA,NA,NA,NA,6,7,6,6,5,6,4,5,5,4,6,4,5,6,5,5,4,6,6,5,3,6,4,6,5,5,6,5,3,5,5,5,7,7,5,6,4,5,5,6,7,6,6,7,7,6,5,5,4,3,5,7,3,6,7,6,7,7,6,2,4,6,6,4,6,5,5,6,6,6,6,6,4,6,5,5,5,3,3,7,5,6,5,5,6,6,5,4,7,5,5,4,4,6,5,5,6,6,4,2,3,4,4,5,3,5,5,4,5,4,3,5,5,7,6,6,2,3,4,6,5,3,4,4,3,5,3,5,5,6,5,3,3,4,2,6,3,4,5,4,3,6,4,5,6,7,5,5,5,6,5,5,4,5,3,6,6,4,4,4,5,5,5,4,5,1,2,6,7,7,7,6,6,5,3,7,7,3,1,5,7,6,3,5,7,6,7,6,2,6,6,4,2,4,4,5,5,4,6,6,5,6,6,19,Female,prefer not to answer,NA,Second year (Sophomore),YES,NA,760,670,33,148,8,45,8,40,8,40,8,43,8,45,10,54,10,55,10,56,10,49,6,33,6,28,5,26,5,18,3,13,5,21,4,24,3,9,3,14,12,51,12,65,12,66,TRUE,1,1,1,1,1,1,1,0,0,1,0,1,1,1,0,11,TRUE,1,1,1,1,1,1,1,1,1,1,0,0,1,1,1,1,0,0,1,0,0,0,0,0,1,0,0,0,0,0,0,0,0,0,1,1,1,1,1,0,1,1,0,0,0,0,0,0,7,241
523,100,2390,QPPQ,FGHI,BVZC,STWX,QRRQ,CCRR,EGFH,FHXZ,SEFT,CGCS,ZAGZ,CGVZ,VEBT,GKHM,DFIM,"5,3,2","8,7,6,4,1","6,4,2","8,7,5,3,1","7,4,1","8,6,5,3,2","8,6,3,2","7,5,4,1","8,7,5,4,2","6,3,1",NA,NA,"8,7,5,3,1","6,4,2",5,"7,6,8,1",NA,NA,NA,"3,1",4,"8,7,6,5,2",NA,NA,NA,"2,7,5","1,4,3","6,8","6,3,8,7","1,2","5,4","2,5","3,8,7","4,6,1",5,5,7,7,5,7,7,5,7,7,5,7,7,7,7,5,7,7,7,1,1,1,7,5,6,6,6,5,3,5,5,6,7,7,7,7,7,7,7,7,7,4,7,7,7,3,5,4,3,2,4,7,7,7,7,5,7,7,7,7,5,7,7,7,7,6,7,7,6,6,7,5,1,3,7,7,1,5,4,7,1,5,7,1,5,3,3,5,7,6,2,1,5,6,5,4,3,3,3,5,5,7,5,4,6,6,6,5,5,5,5,2,5,7,5,5,2,2,7,7,5,2,6,3,5,4,6,7,1,7,7,3,2,2,7,4,6,7,6,6,5,6,4,6,3,7,6,3,5,5,5,6,6,6,3,6,5,4,5,6,5,5,7,6,5,5,6,6,7,7,7,7,7,4,1,7,7,4,3,3,3,1,1,3,6,7,7,4,1,4,3,3,3,3,4,1,2,NA,2,2,2,5,1,22,Female,Asian,3.8,Second year (Sophomore),YES,NA,710,790,33,165,8,48,8,52,8,36,8,46,8,56,10,46,10,66,10,67,10,41,6,24,6,25,5,18,5,26,3,18,5,22,4,22,3,11,3,14,12,65,12,67,12,43,TRUE,1,0,0,1,0,0,1,0,0,0,0,1,1,1,0,6,TRUE,1,1,1,1,1,1,1,1,1,1,0,0,1,1,0,0,0,0,0,1,0,0,0,0,0,1,1,1,1,1,1,1,1,1,1,1,1,1,1,0,1,0,0,0,0,1,1,1,9,241
524,100,3615,QPPQ,PRST,PWXQ,STWX,GFFG,QQBB,EGFH,BODQ,FUZG,CLXC,XDBK,CGVZ,VEBT,NA,NA,"2,5,3","8,6,7,4,1","4,6,2","8,3,7,1,5","7,4,1","8,6,5,3,2","6,8,2,3","7,5,4,1","8,7,5,2,4","1,3,6","8,5,4,2","6,7,3,1","7,8,5,3,1","6,4,2","2,7,3,1","4,8,6,5",NA,"4,7","2,6,5","3,1","7,5,4","8,6,2","6,4","5,1,3","2,7,8","8,7,5,2","1,4,3",6,"6,7,3","2,1","5,8,4","2,5","3,7,8","4,6,1",5,5,5,3,5,5,3,5,3,4,4,3,4,4,4,4,4,3,4,5,4,4,4,5,5,5,6,5,3,5,5,5,5,5,5,5,5,5,4,5,5,5,4,4,4,2,6,3,3,3,3,5,5,5,5,5,5,4,4,3,4,5,7,5,6,6,6,5,6,6,6,7,4,6,5,4,4,5,5,5,6,6,6,6,5,6,6,6,7,5,6,6,6,6,5,5,6,5,4,2,2,5,2,2,5,5,5,5,6,6,5,6,6,7,6,6,5,5,6,6,6,4,5,6,4,4,4,5,5,3,4,5,5,5,6,5,5,4,5,5,5,5,5,4,6,6,5,4,6,6,3,5,4,5,6,5,4,2,2,5,4,5,4,5,3,2,2,5,5,6,6,2,2,4,6,5,7,3,7,5,5,6,3,4,5,6,6,6,5,3,5,6,5,6,6,6,6,6,6,5,6,5,6,19,Female,Asian,4.016,Second year (Sophomore),YES,NA,760,790,33,160,8,36,8,30,8,33,8,41,8,39,10,37,10,45,10,58,10,51,6,35,6,35,5,25,5,13,3,15,5,28,4,25,3,16,3,16,12,43,12,58,12,59,TRUE,1,1,1,1,1,1,1,1,1,1,1,1,1,0,0,13,TRUE,1,1,1,1,1,1,1,1,1,1,1,1,1,1,0,0,0,0,0,1,0,0,1,1,1,0,1,0,0,1,0,1,1,1,1,1,1,1,1,1,1,0,0,0,1,0,0,1,9,247
525,100,18752,QPPQ,PRST,PWXQ,STWX,GFFG,QQBB,EGFH,BODQ,FUZG,JCVC,XDBK,CGVZ,VEBT,NA,NA,"5,3,2","8,7,6,4,1","6,4,2","8,5,3,7,1","7,4,1","8,6,5,2,3","8,6,3,2","7,5,4,1","7,8,2,4,5","6,3,1","7,1,4,2,5","6,8,3","5,2,8,1","7,6,4,3","5,6,1","3,7,8,4,2",NA,"5,4,7",8,NA,NA,NA,NA,NA,NA,NA,NA,NA,NA,NA,NA,NA,NA,NA,6,5,5,5,5,5,5,5,5,7,5,5,5,6,5,5,5,4,4,4,4,4,5,5,5,5,6,5,3,5,5,4,6,6,6,5,5,5,5,5,5,5,6,6,6,4,5,5,4,5,4,7,6,6,6,5,7,6,6,7,6,5,6,5,5,5,5,6,5,6,6,5,5,6,5,7,6,4,6,7,6,5,6,4,5,5,5,6,7,5,5,5,6,5,5,5,5,5,5,3,2,6,3,5,3,4,5,5,5,6,6,5,5,6,6,6,5,4,5,6,4,6,6,6,6,6,5,6,5,7,6,6,6,6,6,5,6,6,6,6,6,5,5,6,6,6,6,5,4,6,5,6,5,6,5,6,5,2,3,5,2,5,3,3,3,3,3,5,6,6,7,7,6,5,2,6,5,6,7,5,6,2,2,6,6,6,5,6,4,6,6,5,4,5,5,5,6,5,6,5,6,6,7,20,Female,two or more races,3.58,Third year (Junior),YES,31,NA,NA,33,188,8,41,8,43,8,35,8,41,8,42,10,50,10,62,10,54,10,57,6,30,6,32,5,25,5,19,3,12,5,27,4,23,3,14,3,16,12,43,12,68,12,60,TRUE,1,1,1,1,1,1,1,1,1,0,1,1,1,0,0,12,TRUE,1,1,1,1,1,1,1,1,1,1,0,0,0,0,1,1,0,0,0,0,0,0,0,0,0,0,0,0,0,0,0,0,0,0,1,1,1,1,1,0,0,1,0,0,0,0,0,0,6,232
526,100,16400,QPPQ,PRST,PWXQ,STWX,GFFG,QQBB,EGFH,KMTV,VIJW,KCWC,PFCC,CIOZ,KXVH,GKHM,HJMQ,"4,8,6,7,1","3,5,2","1,5,8","3,6,4,7,2","5,7,4,1","8,6,2,3","8,6,3,2","7,5,4,1","6,7,5,4,2","8,1,3","7,5,4,3,2,1","8,6","4,6,3,1","8,5,7,2","5,4,3,2","7,8,6,1","2,4,7","8,6,1","3,5","8,3,1","5,7,4","6,2","6,4","5,3,1","7,8,2","5,7,2","1,3,4","6,8","8,7,5","1,2","4,6,3","2,5","8,3,7","4,1,6",7,7,7,6,7,7,7,7,7,7,7,7,7,7,7,7,7,7,7,7,5,7,7,7,7,7,7,7,3,7,7,7,7,7,7,7,7,7,7,7,7,7,7,7,7,7,7,4,5,7,4,7,7,7,7,7,7,7,7,7,7,7,7,5,7,7,7,7,7,7,7,7,5,5,5,5,7,5,5,5,5,7,7,7,7,6,7,7,7,7,7,7,7,7,7,7,6,6,6,2,2,3,2,3,5,2,3,5,6,6,5,6,6,7,7,5,7,5,7,6,7,7,6,5,6,7,5,7,7,5,6,6,5,7,6,6,6,6,6,5,4,5,5,5,5,7,5,5,5,6,5,7,6,5,6,7,7,5,5,5,4,3,5,4,2,5,4,5,7,6,3,6,5,4,3,5,7,7,2,7,7,5,2,7,6,7,7,6,3,6,6,6,5,7,5,7,7,7,7,4,7,7,7,21,Female,Asian,3.89,Fourth year (Senior),YES,NA,750,790,33,188,8,55,8,56,8,54,8,56,8,56,10,62,10,70,10,68,10,54,6,41,6,42,5,32,5,12,3,10,5,28,4,25,3,19,3,20,12,56,12,60,12,69,TRUE,1,1,1,1,1,1,1,0,0,0,0,0,0,1,0,8,TRUE,0,0,0,0,0,0,1,1,0,0,0,0,0,0,0,0,0,0,0,0,0,0,1,1,1,1,1,1,0,1,0,1,1,1,0,0,0,1,0,0,0,0,0,0,1,1,0,1,4,250
527,100,265751,NA,NA,NA,NA,NA,NA,NA,NA,NA,NA,NA,NA,NA,NA,NA,NA,NA,NA,NA,NA,NA,NA,NA,NA,NA,NA,NA,NA,NA,NA,NA,NA,NA,NA,NA,NA,NA,NA,NA,NA,NA,NA,NA,NA,NA,NA,NA,NA,NA,6,3,3,1,5,2,7,7,4,5,6,6,5,7,6,4,5,5,6,6,7,7,6,6,6,6,6,5,3,5,4,3,3,4,3,5,5,5,5,6,4,1,6,5,6,4,3,4,2,2,2,7,4,6,7,5,5,7,6,3,7,5,5,5,5,5,5,5,5,5,5,7,7,7,2,7,6,4,7,5,5,6,1,6,4,7,5,1,7,7,6,5,6,7,4,5,6,5,3,1,1,1,1,1,1,1,1,1,1,1,1,1,6,6,6,6,3,4,6,5,6,5,3,5,7,7,6,7,6,6,6,4,6,3,6,5,6,7,7,5,7,7,6,5,5,7,7,5,5,7,7,6,3,6,6,5,1,1,2,6,7,4,5,6,3,2,2,5,4,3,5,5,2,3,3,4,4,7,7,6,6,7,6,7,6,7,7,3,2,6,4,1,2,5,6,5,5,6,6,6,3,5,7,21,Male,Asian,3.6,Fifth year or beyond,NO,NA,NA,NA,33,191,8,34,8,43,8,48,8,38,8,37,10,35,10,57,10,50,10,57,6,29,6,32,5,23,5,5,3,3,5,5,4,24,3,13,3,16,12,44,12,52,12,67,FALSE,NA,NA,NA,NA,NA,NA,NA,NA,NA,NA,NA,NA,NA,NA,NA,NA,FALSE,NA,NA,NA,NA,NA,NA,NA,NA,NA,NA,NA,NA,NA,NA,NA,NA,NA,NA,NA,NA,NA,NA,NA,NA,NA,NA,NA,NA,NA,NA,NA,NA,NA,NA,NA,NA,NA,NA,NA,NA,NA,NA,NA,NA,NA,NA,NA,NA,NA,201
528,100,3236,QPPQ,PRST,PWXQ,STWX,GFFG,QQBB,EGFH,FHXZ,VIJW,JCVC,TNLL,CIOZ,XGDV,EJFK,LHEC,"2,3,5","4,7,8,6,1","4,6,2","5,7,8,3,1","1,4,7,3","5,6,8,2","2,3,8,6","7,5,4,1","2,8,5,4","3,1,7,6","6,3,7,2,5,4,8,1",NA,"8,5,3,1","4,7,2,6","7,3,5,1","4,6,8,2","6,1,3","5,4,7","2,8","5,3,1","7,4","6,2,8","2,4","1,5,6","3,7,8",NA,1,NA,NA,NA,NA,NA,NA,NA,7,6,7,6,6,6,6,6,4,7,7,4,6,6,6,6,5,6,6,6,6,5,6,6,7,6,6,6,3,6,6,6,6,5,6,7,6,6,7,6,6,7,6,7,7,6,7,6,7,6,5,7,7,7,7,7,7,7,7,7,7,7,7,7,7,7,7,7,7,7,7,5,5,5,3,6,5,5,6,6,6,5,5,5,5,5,5,5,7,3,5,5,5,5,5,5,5,5,5,3,3,3,5,5,3,1,6,6,5,6,6,5,5,5,5,5,5,5,5,5,5,3,5,6,6,5,2,6,6,6,6,6,6,6,6,6,6,6,5,5,6,5,5,5,5,5,5,5,5,6,2,5,5,5,6,5,1,3,3,2,1,1,1,4,5,2,2,5,6,7,7,2,3,3,4,6,4,3,7,5,6,6,2,7,7,6,6,6,2,4,4,6,6,6,6,6,6,6,6,2,2,6,6,21,Male,Hispanic or Latino,3,Third year (Junior),YES,23,680,680,33,175,8,50,8,46,8,46,8,49,8,49,10,64,10,70,10,70,10,52,6,30,6,28,5,25,5,19,3,10,5,28,4,20,3,15,3,13,12,30,12,57,12,61,TRUE,1,1,1,1,1,1,1,0,0,0,0,0,0,0,0,7,TRUE,1,1,1,1,0,0,1,1,0,0,0,0,0,0,0,0,0,0,0,0,1,0,0,0,0,0,0,0,0,0,0,0,0,0,1,1,0,1,0,0,0,0,0,0,0,0,0,0,3,241
530,100,432985,QPPQ,PRST,PWXQ,STWX,GFFG,QQBB,EGFH,BODQ,FUZG,CLXC,XDBK,CGVZ,VEBT,GKHM,LHEC,"2,5,3","7,6,1,4,8","6,4,2","8,7,5,3,1","7,4,1","8,6,3,5,2","8,6,3,2","7,5,4,1","8,4,5,7,2","1,3,6","4,7,3,5,1","2,8","8,7,5,3,1","6,4,2","6,5,1","8,7,4,3,2",NA,NA,NA,"1,3","7,4","8,5,6,2","4,6","1,5,3","2,8,7","2,5,7","1,3,4","6,8","8,7,6,3","1,2","5,4","2,5","3,8,7","1,6,4",4,1,5,2,6,5,7,2,3,5,7,5,5,6,6,7,4,3,5,3,5,4,4,7,4,4,6,5,3,5,5,5,4,5,2,3,4,3,5,3,2,6,4,5,5,2,5,4,1,2,1,5,6,3,4,1,4,4,3,7,2,4,6,5,4,5,6,7,4,6,5,6,6,7,5,7,6,6,5,7,6,3,3,5,4,3,4,5,7,1,6,7,5,5,3,5,3,2,4,4,3,4,3,3,2,5,5,1,2,2,2,2,5,7,5,5,1,1,1,6,6,5,4,3,3,6,7,6,3,5,7,2,6,5,7,6,6,6,4,6,6,4,5,7,2,5,7,5,3,4,6,6,5,6,5,6,7,1,1,6,6,2,2,6,5,3,2,6,5,4,6,3,3,5,7,6,6,7,7,2,3,5,3,4,4,5,5,6,1,5,5,2,3,7,6,5,5,7,2,2,7,6,5,21,Female,two or more races,3,Fourth year (Senior),YES,NA,730,700,33,168,8,32,8,44,8,35,8,38,8,27,10,35,10,39,10,52,10,61,6,22,6,29,5,17,5,17,3,12,5,9,4,22,3,3,3,17,12,47,12,65,12,48,TRUE,1,1,1,1,1,1,1,1,1,1,1,1,1,1,0,14,TRUE,1,1,1,1,1,1,1,1,1,1,0,0,1,1,1,1,0,0,0,1,1,1,1,1,1,1,1,1,1,1,1,1,1,1,1,1,1,1,1,0,1,1,0,1,1,1,1,1,12,247
531,100,1529,TTTU,JKLM,JVZK,FGIJ,LMML,QQBB,IJLK,KMTV,SEFT,JCVC,TNLL,CGVZ,KXVH,EJFK,KIFB,"3,5,2","4,7,6,1,8","4,6,2,1","8,7,5,3","7,4,1","8,6,5,3,2","6,8,3,2","4,7,5,1","7,6,5,4,2","8,3,1","8,7,5,4,3,1","6,2","8,6,5,3,1","7,4,2","7,5,1","8,6,4,3,2","6,3","5,7,4,2","8,1",1,"7,5,4","6,8,3,2","2,4,3,6","1,5","7,8","2,6,5,4","1,7","3,8","1,7,5","2,6,4","3,8","2,5","3,8,7","1,6,4",6,6,5,6,6,6,5,7,4,4,4,5,4,6,7,4,5,5,7,2,3,7,6,6,6,6,6,6,3,6,6,7,7,6,7,7,7,6,7,7,7,6,5,7,7,5,6,6,6,6,6,7,7,4,7,7,7,7,7,6,3,7,6,6,7,5,6,6,6,7,7,7,4,6,1,7,4,7,7,7,7,7,7,6,7,6,6,7,7,7,7,6,6,6,6,6,6,7,5,1,1,2,1,5,5,5,3,2,2,1,2,2,7,5,6,7,5,5,5,7,7,7,3,7,6,6,6,7,5,6,6,3,6,4,3,7,5,6,7,5,7,6,6,6,5,5,6,7,5,3,7,6,6,7,3,5,5,2,3,3,4,2,3,5,5,2,2,5,7,6,7,6,4,2,5,7,7,6,7,5,6,3,3,6,6,3,7,5,3,3,3,6,6,6,6,7,6,4,7,7,7,7,7,20,Female,two or more races,3.76,Third year (Junior),YES,NA,690,800,33,183,8,47,8,38,8,41,8,50,8,54,10,60,10,62,10,63,10,57,6,39,6,39,5,30,5,10,3,13,5,9,4,25,3,15,3,21,12,41,12,69,12,53,TRUE,0,0,0,0,0,1,0,0,0,0,0,1,0,0,1,3,TRUE,1,1,0,0,1,1,1,1,0,0,0,0,0,0,0,0,0,0,1,0,0,0,0,0,0,0,0,0,0,0,0,1,1,1,1,0,1,1,0,0,0,0,0,0,0,0,0,1,4,250
537,100,1237,TTTU,FGHI,PWXQ,STWX,GFFG,EETT,OPRQ,KMTV,COPD,JCVC,VEGV,CIOZ,XGDV,EJFK,HJMQ,"5,2,3","7,4,8","5,2,4","6,7,1","3,1","4,5","5,4,2","8,6,1","7,3,4","6,2,8","1,2,3","8,6,7","6,4,1","7,8,5","4,6,1","5,3","1,2","4,7","6,5","5,3,1",7,6,"6,1,4","7,5",3,"4,3","2,7","8,5",1,4,6,1,3,4,5,5,3,6,5,4,3,6,5,6,5,5,4,5,3,6,5,6,4,3,6,6,5,5,6,6,6,6,3,4,6,6,5,5,4,6,6,4,6,6,5,4,6,6,7,6,6,5,6,6,5,4,5,6,6,6,6,6,6,6,2,7,5,5,6,7,5,7,5,7,5,6,6,6,6,6,6,6,6,6,6,5,7,6,3,7,6,2,7,4,7,5,6,3,6,5,5,5,3,3,6,6,5,1,6,4,5,3,3,5,4,4,6,6,6,5,6,5,6,6,6,3,6,5,6,4,1,6,7,7,6,4,7,5,4,7,3,7,7,7,6,5,5,6,5,5,3,4,5,5,5,3,5,5,3,3,2,1,2,2,3,2,3,6,5,4,2,5,5,7,7,1,5,5,6,7,7,1,7,5,5,6,2,3,5,6,6,5,5,5,7,5,4,6,6,6,6,4,6,5,4,5,4,20,Male,Asian,3,Second year (Sophomore),YES,NA,730,780,33,169,8,37,8,39,8,40,8,45,8,42,10,57,10,53,10,59,10,60,6,34,6,27,5,24,5,21,3,15,5,19,4,23,3,17,3,15,12,35,12,63,12,60,TRUE,0,0,1,1,1,0,0,0,0,0,0,0,0,0,0,3,TRUE,1,0,0,0,0,0,0,0,0,0,0,0,0,0,0,0,0,0,0,0,0,0,0,0,0,0,0,0,0,0,0,0,0,0,0,0,0,0,0,0,0,0,0,0,0,0,0,0,0,250
